remark,"CSV-Import-Export"
remark,"Date = Thu Jun 25 18:33:18 2026"
remark,"Version = RSLogix 5000 v33.00"
remark,"Owner = Laitram LLC"
remark,"Company = Laitram LLC"
0.3
TYPE,SCOPE,NAME,DESCRIPTION,DATATYPE,SPECIFIER,ATTRIBUTES
TAG,,VB20_1:I,"","SM:EX260_SEN1:I:0","","(Class := Standard, ExternalAccess := Read/Write)"
TAG,,VB20_1:O,"","SM:EX260_SEN1:O:0","","(Class := Standard, ExternalAccess := Read/Write)"
TAG,,IB10_14:C,"","AB:1732E_IB8SOE:C:0","","(Class := Standard, ExternalAccess := Read/Write)"
TAG,,IB10_14:I,"","AB:1732_IB8SOE:I:0","","(Class := Standard, ExternalAccess := Read/Write)"
TAG,,IB10_14:O,"","AB:1732_IB8SOE:O:0","","(Class := Standard, ExternalAccess := Read/Write)"
TAG,,RBT10_765:C,"","AB:ETHERNET_MODULE:C:0","","(Class := Standard, ExternalAccess := Read/Write)"
TAG,,RBT10_765:I,"","AB:ETHERNET_MODULE_SINT_25Bytes:I:0","","(Class := Standard, ExternalAccess := Read/Write)"
TAG,,RBT10_765:O,"","AB:ETHERNET_MODULE_SINT_18Bytes:O:0","","(Class := Standard, ExternalAccess := Read/Write)"
TAG,,IV2_CAM10_801_16:C,"","AB:ETHERNET_MODULE:C:0","","(Class := Standard, ExternalAccess := Read/Write)"
TAG,,IV2_CAM10_801_16:I,"","AB:ETHERNET_MODULE_DINT_112Bytes:I:0","","(Class := Standard, ExternalAccess := Read/Write)"
TAG,,IV2_CAM10_801_16:O,"","AB:ETHERNET_MODULE_DINT_12Bytes:O:0","","(Class := Standard, ExternalAccess := Read/Write)"
TAG,,VB21_2:I,"","SM:EX260_SEN1:I:0","","(Class := Standard, ExternalAccess := Read/Write)"
TAG,,VB21_2:O,"","SM:EX260_SEN1:O:0","","(Class := Standard, ExternalAccess := Read/Write)"
TAG,,IB10_11:C,"","AB:1732E_IB8SOE:C:0","","(Class := Standard, ExternalAccess := Read/Write)"
TAG,,IB10_11:I,"","AB:1732_IB8SOE:I:0","","(Class := Standard, ExternalAccess := Read/Write)"
TAG,,IB10_11:O,"","AB:1732_IB8SOE:O:0","","(Class := Standard, ExternalAccess := Read/Write)"
TAG,,DRV11_700:C,"","AB:ETHERNET_MODULE:C:0","","(Class := Standard, ExternalAccess := Read/Write)"
TAG,,DRV11_700:I,"","AB:ETHERNET_MODULE_INT_32Bytes:I:0","","(Class := Standard, ExternalAccess := Read/Write)"
TAG,,DRV11_700:O,"","AB:ETHERNET_MODULE_INT_32Bytes:O:0","","(Class := Standard, ExternalAccess := Read/Write)"
TAG,,DRV12_700:C,"","AB:ETHERNET_MODULE:C:0","","(Class := Standard, ExternalAccess := Read/Write)"
TAG,,DRV12_700:I,"","AB:ETHERNET_MODULE_INT_32Bytes:I:0","","(Class := Standard, ExternalAccess := Read/Write)"
TAG,,DRV12_700:O,"","AB:ETHERNET_MODULE_INT_32Bytes:O:0","","(Class := Standard, ExternalAccess := Read/Write)"
TAG,,IB10_16:C,"","AB:1732E_IB8SOE:C:0","","(Class := Standard, ExternalAccess := Read/Write)"
TAG,,IB10_16:I,"","AB:1732_IB8SOE:I:0","","(Class := Standard, ExternalAccess := Read/Write)"
TAG,,IB10_16:O,"","AB:1732_IB8SOE:O:0","","(Class := Standard, ExternalAccess := Read/Write)"
TAG,,IB10_2:C,"","AB:1732E_IB8SOE:C:0","","(Class := Standard, ExternalAccess := Read/Write)"
TAG,,IB10_2:I,"","AB:1732_IB8SOE:I:0","","(Class := Standard, ExternalAccess := Read/Write)"
TAG,,IB10_2:O,"","AB:1732_IB8SOE:O:0","","(Class := Standard, ExternalAccess := Read/Write)"
TAG,,IB10_17:C,"","AB:1732E_IB8SOE:C:0","","(Class := Standard, ExternalAccess := Read/Write)"
TAG,,IB10_17:I,"","AB:1732_IB8SOE:I:0","","(Class := Standard, ExternalAccess := Read/Write)"
TAG,,IB10_17:O,"","AB:1732_IB8SOE:O:0","","(Class := Standard, ExternalAccess := Read/Write)"
TAG,,IV2_CAM10_801_41:C,"","AB:ETHERNET_MODULE:C:0","","(Class := Standard, ExternalAccess := Read/Write)"
TAG,,IV2_CAM10_801_41:I,"","AB:ETHERNET_MODULE_DINT_112Bytes:I:0","","(Class := Standard, ExternalAccess := Read/Write)"
TAG,,IV2_CAM10_801_41:O,"","AB:ETHERNET_MODULE_DINT_12Bytes:O:0","","(Class := Standard, ExternalAccess := Read/Write)"
TAG,,PIO10_480:10:C,"","AB:1734_DOB8:C:0","","(Class := Standard, ExternalAccess := Read/Write)"
ALIAS,,PIO10_480:10:I,"","","PIO10_480:I.Data[10]","(RADIX := Binary, ExternalAccess := Read/Write)"
ALIAS,,PIO10_480:10:O,"","","PIO10_480:O.Data[10]","(RADIX := Binary, ExternalAccess := Read/Write)"
TAG,,PIO10_480:11:C,"","AB:1734_DOB8:C:0","","(Class := Standard, ExternalAccess := Read/Write)"
ALIAS,,PIO10_480:11:I,"","","PIO10_480:I.Data[11]","(RADIX := Binary, ExternalAccess := Read/Write)"
ALIAS,,PIO10_480:11:O,"","","PIO10_480:O.Data[11]","(RADIX := Binary, ExternalAccess := Read/Write)"
TAG,,PIO10_480:12:C,"","AB:1734_DOB8:C:0","","(Class := Standard, ExternalAccess := Read/Write)"
ALIAS,,PIO10_480:12:I,"","","PIO10_480:I.Data[12]","(RADIX := Binary, ExternalAccess := Read/Write)"
ALIAS,,PIO10_480:12:O,"","","PIO10_480:O.Data[12]","(RADIX := Binary, ExternalAccess := Read/Write)"
TAG,,PIO10_480:13:C,"","AB:1734_DOB8:C:0","","(Class := Standard, ExternalAccess := Read/Write)"
ALIAS,,PIO10_480:13:I,"","","PIO10_480:I.Data[13]","(RADIX := Binary, ExternalAccess := Read/Write)"
ALIAS,,PIO10_480:13:O,"","","PIO10_480:O.Data[13]","(RADIX := Binary, ExternalAccess := Read/Write)"
TAG,,PIO10_480:1:I,"","AB:1734_IB8S_Safety2:I:0","","(Class := Safety, ExternalAccess := Read/Write)"
TAG,,PIO10_480:1:O,"","AB:1734_IB8S:O:0","","(Class := Safety, ExternalAccess := Read/Write)"
TAG,,PIO10_480:2:I,"","AB:1734_OB8S_Safety1:I:0","","(Class := Safety, ExternalAccess := Read/Write)"
TAG,,PIO10_480:2:O,"","AB:1734_OB8S:O:0","","(Class := Safety, ExternalAccess := Read/Write)"
TAG,,PIO10_480:3:I,"","AB:1734_OB8S_Safety1:I:0","","(Class := Safety, ExternalAccess := Read/Write)"
TAG,,PIO10_480:3:O,"","AB:1734_OB8S:O:0","","(Class := Safety, ExternalAccess := Read/Write)"
TAG,,PIO10_480:4:C,"","AB:1734_DI8:C:0","","(Class := Standard, ExternalAccess := Read/Write)"
ALIAS,,PIO10_480:4:I,"","","PIO10_480:I.Data[4]","(RADIX := Binary, ExternalAccess := Read/Write)"
TAG,,PIO10_480:5:C,"","AB:1734_DI8:C:0","","(Class := Standard, ExternalAccess := Read/Write)"
ALIAS,,PIO10_480:5:I,"","","PIO10_480:I.Data[5]","(RADIX := Binary, ExternalAccess := Read/Write)"
TAG,,PIO10_480:6:C,"","AB:1734_DI8:C:0","","(Class := Standard, ExternalAccess := Read/Write)"
ALIAS,,PIO10_480:6:I,"","","PIO10_480:I.Data[6]","(RADIX := Binary, ExternalAccess := Read/Write)"
TAG,,PIO10_480:7:C,"","AB:1734_DOB8:C:0","","(Class := Standard, ExternalAccess := Read/Write)"
ALIAS,,PIO10_480:7:I,"","","PIO10_480:I.Data[7]","(RADIX := Binary, ExternalAccess := Read/Write)"
ALIAS,,PIO10_480:7:O,"","","PIO10_480:O.Data[7]","(RADIX := Binary, ExternalAccess := Read/Write)"
TAG,,PIO10_480:8:C,"","AB:1734_DOB8:C:0","","(Class := Standard, ExternalAccess := Read/Write)"
ALIAS,,PIO10_480:8:I,"","","PIO10_480:I.Data[8]","(RADIX := Binary, ExternalAccess := Read/Write)"
ALIAS,,PIO10_480:8:O,"","","PIO10_480:O.Data[8]","(RADIX := Binary, ExternalAccess := Read/Write)"
TAG,,PIO10_480:9:C,"","AB:1734_DOB8:C:0","","(Class := Standard, ExternalAccess := Read/Write)"
ALIAS,,PIO10_480:9:I,"","","PIO10_480:I.Data[9]","(RADIX := Binary, ExternalAccess := Read/Write)"
ALIAS,,PIO10_480:9:O,"","","PIO10_480:O.Data[9]","(RADIX := Binary, ExternalAccess := Read/Write)"
TAG,,PIO10_480:I,"","AB:1734_14SLOT:I:0","","(Class := Standard, ExternalAccess := Read/Write)"
TAG,,PIO10_480:O,"","AB:1734_14SLOT:O:0","","(Class := Standard, ExternalAccess := Read/Write)"
TAG,,VAC10_865:C,"","AB:ETHERNET_MODULE:C:0","","(Class := Standard, ExternalAccess := Read/Write)"
TAG,,VAC10_865:I,"","AB:ETHERNET_MODULE_SINT_34Bytes:I:0","","(Class := Standard, ExternalAccess := Read/Write)"
TAG,,VAC10_865:O,"","AB:ETHERNET_MODULE_SINT_74Bytes:O:0","","(Class := Standard, ExternalAccess := Read/Write)"
TAG,,IB10_7:C,"","AB:1732E_IB8SOE:C:0","","(Class := Standard, ExternalAccess := Read/Write)"
TAG,,IB10_7:I,"","AB:1732_IB8SOE:I:0","","(Class := Standard, ExternalAccess := Read/Write)"
TAG,,IB10_7:O,"","AB:1732_IB8SOE:O:0","","(Class := Standard, ExternalAccess := Read/Write)"
TAG,,IB10_19:C,"","AB:1732E_IB8SOE:C:0","","(Class := Standard, ExternalAccess := Read/Write)"
TAG,,IB10_19:I,"","AB:1732_IB8SOE:I:0","","(Class := Standard, ExternalAccess := Read/Write)"
TAG,,IB10_19:O,"","AB:1732_IB8SOE:O:0","","(Class := Standard, ExternalAccess := Read/Write)"
TAG,,IB10_23:C,"","AB:1732E_IB8SOE:C:0","","(Class := Standard, ExternalAccess := Read/Write)"
TAG,,IB10_23:I,"","AB:1732_IB8SOE:I:0","","(Class := Standard, ExternalAccess := Read/Write)"
TAG,,IB10_23:O,"","AB:1732_IB8SOE:O:0","","(Class := Standard, ExternalAccess := Read/Write)"
TAG,,RBT10_760:C,"","AB:ETHERNET_MODULE:C:0","","(Class := Standard, ExternalAccess := Read/Write)"
TAG,,RBT10_760:I,"","AB:ETHERNET_MODULE_SINT_25Bytes:I:0","","(Class := Standard, ExternalAccess := Read/Write)"
TAG,,RBT10_760:O,"","AB:ETHERNET_MODULE_SINT_18Bytes:O:0","","(Class := Standard, ExternalAccess := Read/Write)"
TAG,,VB20_7:I,"","SM:EX260_SEN1:I:0","","(Class := Standard, ExternalAccess := Read/Write)"
TAG,,VB20_7:O,"","SM:EX260_SEN1:O:0","","(Class := Standard, ExternalAccess := Read/Write)"
TAG,,RBT10_750:C,"","AB:ETHERNET_MODULE:C:0","","(Class := Standard, ExternalAccess := Read/Write)"
TAG,,RBT10_750:I,"","AB:ETHERNET_MODULE_SINT_25Bytes:I:0","","(Class := Standard, ExternalAccess := Read/Write)"
TAG,,RBT10_750:O,"","AB:ETHERNET_MODULE_SINT_22Bytes:O:0","","(Class := Standard, ExternalAccess := Read/Write)"
TAG,,PIO11_420:1:I,"","AB:1734_IB8S_Safety4:I:0","","(Class := Safety, ExternalAccess := Read/Write)"
TAG,,PIO11_420:1:O,"","AB:1734_IB8S:O:0","","(Class := Safety, ExternalAccess := Read/Write)"
TAG,,PIO11_420:2:I,"","AB:1734_IB8S_Safety4:I:0","","(Class := Safety, ExternalAccess := Read/Write)"
TAG,,PIO11_420:2:O,"","AB:1734_IB8S:O:0","","(Class := Safety, ExternalAccess := Read/Write)"
TAG,,PIO11_420:3:I,"","AB:1734_IB8S_Safety4:I:0","","(Class := Safety, ExternalAccess := Read/Write)"
TAG,,PIO11_420:3:O,"","AB:1734_IB8S:O:0","","(Class := Safety, ExternalAccess := Read/Write)"
TAG,,PIO11_420:4:I,"","AB:1734_OB8S_Safety1:I:0","","(Class := Safety, ExternalAccess := Read/Write)"
TAG,,PIO11_420:4:O,"","AB:1734_OB8S:O:0","","(Class := Safety, ExternalAccess := Read/Write)"
TAG,,PIO11_420:5:I,"","AB:1734_OB8S_Safety1:I:0","","(Class := Safety, ExternalAccess := Read/Write)"
TAG,,PIO11_420:5:O,"","AB:1734_OB8S:O:0","","(Class := Safety, ExternalAccess := Read/Write)"
TAG,,PIO11_420:6:C,"","AB:1734_DI8:C:0","","(Class := Standard, ExternalAccess := Read/Write)"
ALIAS,,PIO11_420:6:I,"","","PIO11_420:I.Data[6]","(RADIX := Binary, ExternalAccess := Read/Write)"
TAG,,PIO11_420:7:C,"","AB:1734_DI8:C:0","","(Class := Standard, ExternalAccess := Read/Write)"
ALIAS,,PIO11_420:7:I,"","","PIO11_420:I.Data[7]","(RADIX := Binary, ExternalAccess := Read/Write)"
TAG,,PIO11_420:8:C,"","AB:1734_DOB8:C:0","","(Class := Standard, ExternalAccess := Read/Write)"
ALIAS,,PIO11_420:8:I,"","","PIO11_420:I.Data[8]","(RADIX := Binary, ExternalAccess := Read/Write)"
ALIAS,,PIO11_420:8:O,"","","PIO11_420:O.Data[8]","(RADIX := Binary, ExternalAccess := Read/Write)"
TAG,,PIO11_420:9:C,"","AB:1734_DOB8:C:0","","(Class := Standard, ExternalAccess := Read/Write)"
ALIAS,,PIO11_420:9:I,"","","PIO11_420:I.Data[9]","(RADIX := Binary, ExternalAccess := Read/Write)"
ALIAS,,PIO11_420:9:O,"","","PIO11_420:O.Data[9]","(RADIX := Binary, ExternalAccess := Read/Write)"
TAG,,PIO11_420:I,"","AB:1734_10SLOT:I:0","","(Class := Standard, ExternalAccess := Read/Write)"
TAG,,PIO11_420:O,"","AB:1734_10SLOT:O:0","","(Class := Standard, ExternalAccess := Read/Write)"
TAG,,VB22_2:I,"","SM:EX260_SEN1:I:0","","(Class := Standard, ExternalAccess := Read/Write)"
TAG,,VB22_2:O,"","SM:EX260_SEN1:O:0","","(Class := Standard, ExternalAccess := Read/Write)"
TAG,,DRV12_701:C,"","AB:ETHERNET_MODULE:C:0","","(Class := Standard, ExternalAccess := Read/Write)"
TAG,,DRV12_701:I,"","AB:ETHERNET_MODULE_INT_32Bytes:I:0","","(Class := Standard, ExternalAccess := Read/Write)"
TAG,,DRV12_701:O,"","AB:ETHERNET_MODULE_INT_32Bytes:O:0","","(Class := Standard, ExternalAccess := Read/Write)"
TAG,,PIO10_460:1:I,"","AB:1734_IB8S_Safety4:I:0","","(Class := Safety, ExternalAccess := Read/Write)"
TAG,,PIO10_460:1:O,"","AB:1734_IB8S:O:0","","(Class := Safety, ExternalAccess := Read/Write)"
TAG,,PIO10_460:2:I,"","AB:1734_IB8S_Safety4:I:0","","(Class := Safety, ExternalAccess := Read/Write)"
TAG,,PIO10_460:2:O,"","AB:1734_IB8S:O:0","","(Class := Safety, ExternalAccess := Read/Write)"
TAG,,PIO10_460:3:I,"","AB:1734_IB8S_Safety4:I:0","","(Class := Safety, ExternalAccess := Read/Write)"
TAG,,PIO10_460:3:O,"","AB:1734_IB8S:O:0","","(Class := Safety, ExternalAccess := Read/Write)"
TAG,,PIO10_460:4:I,"","AB:1734_OB8S_Safety1:I:0","","(Class := Safety, ExternalAccess := Read/Write)"
TAG,,PIO10_460:4:O,"","AB:1734_OB8S:O:0","","(Class := Safety, ExternalAccess := Read/Write)"
TAG,,PIO10_460:5:C,"","AB:1734_DI8:C:0","","(Class := Standard, ExternalAccess := Read/Write)"
ALIAS,,PIO10_460:5:I,"","","PIO10_460:I.Data[5]","(RADIX := Binary, ExternalAccess := Read/Write)"
TAG,,PIO10_460:6:C,"","AB:1734_DI8:C:0","","(Class := Standard, ExternalAccess := Read/Write)"
ALIAS,,PIO10_460:6:I,"","","PIO10_460:I.Data[6]","(RADIX := Binary, ExternalAccess := Read/Write)"
TAG,,PIO10_460:7:C,"","AB:1734_DOB8:C:0","","(Class := Standard, ExternalAccess := Read/Write)"
ALIAS,,PIO10_460:7:I,"","","PIO10_460:I.Data[7]","(RADIX := Binary, ExternalAccess := Read/Write)"
ALIAS,,PIO10_460:7:O,"","","PIO10_460:O.Data[7]","(RADIX := Binary, ExternalAccess := Read/Write)"
TAG,,PIO10_460:8:C,"","AB:1734_DOB8:C:0","","(Class := Standard, ExternalAccess := Read/Write)"
ALIAS,,PIO10_460:8:I,"","","PIO10_460:I.Data[8]","(RADIX := Binary, ExternalAccess := Read/Write)"
ALIAS,,PIO10_460:8:O,"","","PIO10_460:O.Data[8]","(RADIX := Binary, ExternalAccess := Read/Write)"
TAG,,PIO10_460:I,"","AB:1734_9SLOT:I:0","","(Class := Standard, ExternalAccess := Read/Write)"
TAG,,PIO10_460:O,"","AB:1734_9SLOT:O:0","","(Class := Standard, ExternalAccess := Read/Write)"
TAG,,PIO10_420:10:C,"","AB:1734_DI8:C:0","","(Class := Standard, ExternalAccess := Read/Write)"
ALIAS,,PIO10_420:10:I,"","","PIO10_420:I.Data[10]","(RADIX := Binary, ExternalAccess := Read/Write)"
TAG,,PIO10_420:11:C,"","AB:1734_DI8:C:0","","(Class := Standard, ExternalAccess := Read/Write)"
ALIAS,,PIO10_420:11:I,"","","PIO10_420:I.Data[11]","(RADIX := Binary, ExternalAccess := Read/Write)"
TAG,,PIO10_420:12:C,"","AB:1734_DI8:C:0","","(Class := Standard, ExternalAccess := Read/Write)"
ALIAS,,PIO10_420:12:I,"","","PIO10_420:I.Data[12]","(RADIX := Binary, ExternalAccess := Read/Write)"
TAG,,PIO10_420:13:C,"","AB:1734_DI8:C:0","","(Class := Standard, ExternalAccess := Read/Write)"
ALIAS,,PIO10_420:13:I,"","","PIO10_420:I.Data[13]","(RADIX := Binary, ExternalAccess := Read/Write)"
TAG,,PIO10_420:14:C,"","AB:1734_DOB8:C:0","","(Class := Standard, ExternalAccess := Read/Write)"
ALIAS,,PIO10_420:14:I,"","","PIO10_420:I.Data[14]","(RADIX := Binary, ExternalAccess := Read/Write)"
ALIAS,,PIO10_420:14:O,"","","PIO10_420:O.Data[14]","(RADIX := Binary, ExternalAccess := Read/Write)"
TAG,,PIO10_420:15:C,"","AB:1734_DOB8:C:0","","(Class := Standard, ExternalAccess := Read/Write)"
ALIAS,,PIO10_420:15:I,"","","PIO10_420:I.Data[15]","(RADIX := Binary, ExternalAccess := Read/Write)"
ALIAS,,PIO10_420:15:O,"","","PIO10_420:O.Data[15]","(RADIX := Binary, ExternalAccess := Read/Write)"
TAG,,PIO10_420:16:C,"","AB:1734_DOB8:C:0","","(Class := Standard, ExternalAccess := Read/Write)"
ALIAS,,PIO10_420:16:I,"","","PIO10_420:I.Data[16]","(RADIX := Binary, ExternalAccess := Read/Write)"
ALIAS,,PIO10_420:16:O,"","","PIO10_420:O.Data[16]","(RADIX := Binary, ExternalAccess := Read/Write)"
TAG,,PIO10_420:17:C,"","AB:1734_DOB8:C:0","","(Class := Standard, ExternalAccess := Read/Write)"
ALIAS,,PIO10_420:17:I,"","","PIO10_420:I.Data[17]","(RADIX := Binary, ExternalAccess := Read/Write)"
ALIAS,,PIO10_420:17:O,"","","PIO10_420:O.Data[17]","(RADIX := Binary, ExternalAccess := Read/Write)"
TAG,,PIO10_420:18:C,"","AB:1734_DOB8:C:0","","(Class := Standard, ExternalAccess := Read/Write)"
ALIAS,,PIO10_420:18:I,"","","PIO10_420:I.Data[18]","(RADIX := Binary, ExternalAccess := Read/Write)"
ALIAS,,PIO10_420:18:O,"","","PIO10_420:O.Data[18]","(RADIX := Binary, ExternalAccess := Read/Write)"
TAG,,PIO10_420:19:C,"","AB:1734_DOB8:C:0","","(Class := Standard, ExternalAccess := Read/Write)"
ALIAS,,PIO10_420:19:I,"","","PIO10_420:I.Data[19]","(RADIX := Binary, ExternalAccess := Read/Write)"
ALIAS,,PIO10_420:19:O,"","","PIO10_420:O.Data[19]","(RADIX := Binary, ExternalAccess := Read/Write)"
TAG,,PIO10_420:1:I,"","AB:1734_IB8S_Safety4:I:0","","(Class := Safety, ExternalAccess := Read/Write)"
TAG,,PIO10_420:1:O,"","AB:1734_IB8S:O:0","","(Class := Safety, ExternalAccess := Read/Write)"
TAG,,PIO10_420:20:C,"","AB:1734_DOB8:C:0","","(Class := Standard, ExternalAccess := Read/Write)"
ALIAS,,PIO10_420:20:I,"","","PIO10_420:I.Data[20]","(RADIX := Binary, ExternalAccess := Read/Write)"
ALIAS,,PIO10_420:20:O,"","","PIO10_420:O.Data[20]","(RADIX := Binary, ExternalAccess := Read/Write)"
TAG,,PIO10_420:21:C,"","AB:1734_DOB8:C:0","","(Class := Standard, ExternalAccess := Read/Write)"
ALIAS,,PIO10_420:21:I,"","","PIO10_420:I.Data[21]","(RADIX := Binary, ExternalAccess := Read/Write)"
ALIAS,,PIO10_420:21:O,"","","PIO10_420:O.Data[21]","(RADIX := Binary, ExternalAccess := Read/Write)"
TAG,,PIO10_420:22:C,"","AB:1734_DOB8:C:0","","(Class := Standard, ExternalAccess := Read/Write)"
ALIAS,,PIO10_420:22:I,"","","PIO10_420:I.Data[22]","(RADIX := Binary, ExternalAccess := Read/Write)"
ALIAS,,PIO10_420:22:O,"","","PIO10_420:O.Data[22]","(RADIX := Binary, ExternalAccess := Read/Write)"
TAG,,PIO10_420:23:C,"","AB:1734_DOB8:C:0","","(Class := Standard, ExternalAccess := Read/Write)"
ALIAS,,PIO10_420:23:I,"","","PIO10_420:I.Data[23]","(RADIX := Binary, ExternalAccess := Read/Write)"
ALIAS,,PIO10_420:23:O,"","","PIO10_420:O.Data[23]","(RADIX := Binary, ExternalAccess := Read/Write)"
TAG,,PIO10_420:2:I,"","AB:1734_IB8S_Safety2:I:0","","(Class := Safety, ExternalAccess := Read/Write)"
TAG,,PIO10_420:2:O,"","AB:1734_IB8S:O:0","","(Class := Safety, ExternalAccess := Read/Write)"
TAG,,PIO10_420:3:I,"","AB:1734_IB8S_Safety4:I:0","","(Class := Safety, ExternalAccess := Read/Write)"
TAG,,PIO10_420:3:O,"","AB:1734_IB8S:O:0","","(Class := Safety, ExternalAccess := Read/Write)"
TAG,,PIO10_420:4:I,"","AB:1734_OB8S_Safety1:I:0","","(Class := Safety, ExternalAccess := Read/Write)"
TAG,,PIO10_420:4:O,"","AB:1734_OB8S:O:0","","(Class := Safety, ExternalAccess := Read/Write)"
TAG,,PIO10_420:5:I,"","AB:1734_OB8S_Safety1:I:0","","(Class := Safety, ExternalAccess := Read/Write)"
TAG,,PIO10_420:5:O,"","AB:1734_OB8S:O:0","","(Class := Safety, ExternalAccess := Read/Write)"
TAG,,PIO10_420:6:C,"","AB:1734_DI8:C:0","","(Class := Standard, ExternalAccess := Read/Write)"
ALIAS,,PIO10_420:6:I,"","","PIO10_420:I.Data[6]","(RADIX := Binary, ExternalAccess := Read/Write)"
TAG,,PIO10_420:7:C,"","AB:1734_DI8:C:0","","(Class := Standard, ExternalAccess := Read/Write)"
ALIAS,,PIO10_420:7:I,"","","PIO10_420:I.Data[7]","(RADIX := Binary, ExternalAccess := Read/Write)"
TAG,,PIO10_420:8:C,"","AB:1734_DI8:C:0","","(Class := Standard, ExternalAccess := Read/Write)"
ALIAS,,PIO10_420:8:I,"","","PIO10_420:I.Data[8]","(RADIX := Binary, ExternalAccess := Read/Write)"
TAG,,PIO10_420:9:C,"","AB:1734_DI8:C:0","","(Class := Standard, ExternalAccess := Read/Write)"
ALIAS,,PIO10_420:9:I,"","","PIO10_420:I.Data[9]","(RADIX := Binary, ExternalAccess := Read/Write)"
TAG,,PIO10_420:I,"","AB:1734_24SLOT:I:0","","(Class := Standard, ExternalAccess := Read/Write)"
TAG,,PIO10_420:O,"","AB:1734_24SLOT:O:0","","(Class := Standard, ExternalAccess := Read/Write)"
TAG,,IB10_12:C,"","AB:1732E_IB8SOE:C:0","","(Class := Standard, ExternalAccess := Read/Write)"
TAG,,IB10_12:I,"","AB:1732_IB8SOE:I:0","","(Class := Standard, ExternalAccess := Read/Write)"
TAG,,IB10_12:O,"","AB:1732_IB8SOE:O:0","","(Class := Standard, ExternalAccess := Read/Write)"
TAG,,IB10_18:C,"","AB:1732E_IB8SOE:C:0","","(Class := Standard, ExternalAccess := Read/Write)"
TAG,,IB10_18:I,"","AB:1732_IB8SOE:I:0","","(Class := Standard, ExternalAccess := Read/Write)"
TAG,,IB10_18:O,"","AB:1732_IB8SOE:O:0","","(Class := Standard, ExternalAccess := Read/Write)"
TAG,,IB10_3:C,"","AB:1732E_IB8SOE:C:0","","(Class := Standard, ExternalAccess := Read/Write)"
TAG,,IB10_3:I,"","AB:1732_IB8SOE:I:0","","(Class := Standard, ExternalAccess := Read/Write)"
TAG,,IB10_3:O,"","AB:1732_IB8SOE:O:0","","(Class := Standard, ExternalAccess := Read/Write)"
TAG,,PIO12_420:1:I,"","AB:1734_IB8S_Safety4:I:0","","(Class := Safety, ExternalAccess := Read/Write)"
TAG,,PIO12_420:1:O,"","AB:1734_IB8S:O:0","","(Class := Safety, ExternalAccess := Read/Write)"
TAG,,PIO12_420:2:I,"","AB:1734_IB8S_Safety4:I:0","","(Class := Safety, ExternalAccess := Read/Write)"
TAG,,PIO12_420:2:O,"","AB:1734_IB8S:O:0","","(Class := Safety, ExternalAccess := Read/Write)"
TAG,,PIO12_420:3:I,"","AB:1734_IB8S_Safety4:I:0","","(Class := Safety, ExternalAccess := Read/Write)"
TAG,,PIO12_420:3:O,"","AB:1734_IB8S:O:0","","(Class := Safety, ExternalAccess := Read/Write)"
TAG,,PIO12_420:4:I,"","AB:1734_OB8S_Safety1:I:0","","(Class := Safety, ExternalAccess := Read/Write)"
TAG,,PIO12_420:4:O,"","AB:1734_OB8S:O:0","","(Class := Safety, ExternalAccess := Read/Write)"
TAG,,PIO12_420:5:I,"","AB:1734_OB8S_Safety1:I:0","","(Class := Safety, ExternalAccess := Read/Write)"
TAG,,PIO12_420:5:O,"","AB:1734_OB8S:O:0","","(Class := Safety, ExternalAccess := Read/Write)"
TAG,,PIO12_420:6:C,"","AB:1734_DI8:C:0","","(Class := Standard, ExternalAccess := Read/Write)"
ALIAS,,PIO12_420:6:I,"","","PIO12_420:I.Data[6]","(RADIX := Binary, ExternalAccess := Read/Write)"
TAG,,PIO12_420:7:C,"","AB:1734_DI8:C:0","","(Class := Standard, ExternalAccess := Read/Write)"
ALIAS,,PIO12_420:7:I,"","","PIO12_420:I.Data[7]","(RADIX := Binary, ExternalAccess := Read/Write)"
TAG,,PIO12_420:8:C,"","AB:1734_DOB8:C:0","","(Class := Standard, ExternalAccess := Read/Write)"
ALIAS,,PIO12_420:8:I,"","","PIO12_420:I.Data[8]","(RADIX := Binary, ExternalAccess := Read/Write)"
ALIAS,,PIO12_420:8:O,"","","PIO12_420:O.Data[8]","(RADIX := Binary, ExternalAccess := Read/Write)"
TAG,,PIO12_420:9:C,"","AB:1734_DOB8:C:0","","(Class := Standard, ExternalAccess := Read/Write)"
ALIAS,,PIO12_420:9:I,"","","PIO12_420:I.Data[9]","(RADIX := Binary, ExternalAccess := Read/Write)"
ALIAS,,PIO12_420:9:O,"","","PIO12_420:O.Data[9]","(RADIX := Binary, ExternalAccess := Read/Write)"
TAG,,PIO12_420:I,"","AB:1734_10SLOT:I:0","","(Class := Standard, ExternalAccess := Read/Write)"
TAG,,PIO12_420:O,"","AB:1734_10SLOT:O:0","","(Class := Standard, ExternalAccess := Read/Write)"
TAG,,VB20_6:I,"","SM:EX260_SEN1:I:0","","(Class := Standard, ExternalAccess := Read/Write)"
TAG,,VB20_6:O,"","SM:EX260_SEN1:O:0","","(Class := Standard, ExternalAccess := Read/Write)"
TAG,,DRV11_701:C,"","AB:ETHERNET_MODULE:C:0","","(Class := Standard, ExternalAccess := Read/Write)"
TAG,,DRV11_701:I,"","AB:ETHERNET_MODULE_INT_32Bytes:I:0","","(Class := Standard, ExternalAccess := Read/Write)"
TAG,,DRV11_701:O,"","AB:ETHERNET_MODULE_INT_32Bytes:O:0","","(Class := Standard, ExternalAccess := Read/Write)"
TAG,,VB20_2:I,"","SM:EX260_SEN1:I:0","","(Class := Standard, ExternalAccess := Read/Write)"
TAG,,VB20_2:O,"","SM:EX260_SEN1:O:0","","(Class := Standard, ExternalAccess := Read/Write)"
TAG,,VB20_5:I,"","SM:EX260_SEN1:I:0","","(Class := Standard, ExternalAccess := Read/Write)"
TAG,,VB20_5:O,"","SM:EX260_SEN1:O:0","","(Class := Standard, ExternalAccess := Read/Write)"
TAG,,IB10_13:C,"","AB:1732E_IB8SOE:C:0","","(Class := Standard, ExternalAccess := Read/Write)"
TAG,,IB10_13:I,"","AB:1732_IB8SOE:I:0","","(Class := Standard, ExternalAccess := Read/Write)"
TAG,,IB10_13:O,"","AB:1732_IB8SOE:O:0","","(Class := Standard, ExternalAccess := Read/Write)"
TAG,,IB10_21:C,"","AB:1732E_IB8SOE:C:0","","(Class := Standard, ExternalAccess := Read/Write)"
TAG,,IB10_21:I,"","AB:1732_IB8SOE:I:0","","(Class := Standard, ExternalAccess := Read/Write)"
TAG,,IB10_21:O,"","AB:1732_IB8SOE:O:0","","(Class := Standard, ExternalAccess := Read/Write)"
TAG,,RBT10_755:C,"","AB:ETHERNET_MODULE:C:0","","(Class := Standard, ExternalAccess := Read/Write)"
TAG,,RBT10_755:I,"","AB:ETHERNET_MODULE_SINT_33Bytes:I:0","","(Class := Standard, ExternalAccess := Read/Write)"
TAG,,RBT10_755:O,"","AB:ETHERNET_MODULE_SINT_30Bytes:O:0","","(Class := Standard, ExternalAccess := Read/Write)"
TAG,,IB10_8:C,"","AB:1732E_IB8SOE:C:0","","(Class := Standard, ExternalAccess := Read/Write)"
TAG,,IB10_8:I,"","AB:1732_IB8SOE:I:0","","(Class := Standard, ExternalAccess := Read/Write)"
TAG,,IB10_8:O,"","AB:1732_IB8SOE:O:0","","(Class := Standard, ExternalAccess := Read/Write)"
TAG,,IB10_20:C,"","AB:1732E_IB8SOE:C:0","","(Class := Standard, ExternalAccess := Read/Write)"
TAG,,IB10_20:I,"","AB:1732_IB8SOE:I:0","","(Class := Standard, ExternalAccess := Read/Write)"
TAG,,IB10_20:O,"","AB:1732_IB8SOE:O:0","","(Class := Standard, ExternalAccess := Read/Write)"
TAG,,IB10_5:C,"","AB:1732E_IB8SOE:C:0","","(Class := Standard, ExternalAccess := Read/Write)"
TAG,,IB10_5:I,"","AB:1732_IB8SOE:I:0","","(Class := Standard, ExternalAccess := Read/Write)"
TAG,,IB10_5:O,"","AB:1732_IB8SOE:O:0","","(Class := Standard, ExternalAccess := Read/Write)"
TAG,,VB20_4:I,"","SM:EX260_SEN1:I:0","","(Class := Standard, ExternalAccess := Read/Write)"
TAG,,VB20_4:O,"","SM:EX260_SEN1:O:0","","(Class := Standard, ExternalAccess := Read/Write)"
TAG,,IB10_1:C,"","AB:1732E_IB8SOE:C:0","","(Class := Standard, ExternalAccess := Read/Write)"
TAG,,IB10_1:I,"","AB:1732_IB8SOE:I:0","","(Class := Standard, ExternalAccess := Read/Write)"
TAG,,IB10_1:O,"","AB:1732_IB8SOE:O:0","","(Class := Standard, ExternalAccess := Read/Write)"
TAG,,IB10_15:C,"","AB:1732E_IB8SOE:C:0","","(Class := Standard, ExternalAccess := Read/Write)"
TAG,,IB10_15:I,"","AB:1732_IB8SOE:I:0","","(Class := Standard, ExternalAccess := Read/Write)"
TAG,,IB10_15:O,"","AB:1732_IB8SOE:O:0","","(Class := Standard, ExternalAccess := Read/Write)"
TAG,,PIO10_440:1:I,"","AB:1734_IB8S_Safety4:I:0","","(Class := Safety, ExternalAccess := Read/Write)"
TAG,,PIO10_440:1:O,"","AB:1734_IB8S:O:0","","(Class := Safety, ExternalAccess := Read/Write)"
TAG,,PIO10_440:2:I,"","AB:1734_OB8S_Safety1:I:0","","(Class := Safety, ExternalAccess := Read/Write)"
TAG,,PIO10_440:2:O,"","AB:1734_OB8S:O:0","","(Class := Safety, ExternalAccess := Read/Write)"
TAG,,PIO10_440:3:C,"","AB:1734_DI8:C:0","","(Class := Standard, ExternalAccess := Read/Write)"
ALIAS,,PIO10_440:3:I,"","","PIO10_440:I.Data[3]","(RADIX := Binary, ExternalAccess := Read/Write)"
TAG,,PIO10_440:4:C,"","AB:1734_DOB8:C:0","","(Class := Standard, ExternalAccess := Read/Write)"
ALIAS,,PIO10_440:4:I,"","","PIO10_440:I.Data[4]","(RADIX := Binary, ExternalAccess := Read/Write)"
ALIAS,,PIO10_440:4:O,"","","PIO10_440:O.Data[4]","(RADIX := Binary, ExternalAccess := Read/Write)"
COMMENT,,PIO10_440:4:O,"Motor 1",,"PIO10_440:4:O.2"
COMMENT,,PIO10_440:4:O,"Motor 2",,"PIO10_440:4:O.3"
COMMENT,,PIO10_440:4:O,"Motor 3",,"PIO10_440:4:O.4"
COMMENT,,PIO10_440:4:O,"Motor 4",,"PIO10_440:4:O.5"
COMMENT,,PIO10_440:4:O,"Motor 5",,"PIO10_440:4:O.6"
COMMENT,,PIO10_440:4:O,"Motor 6",,"PIO10_440:4:O.7"
TAG,,PIO10_440:5:C,"","AB:1734_DOB8:C:0","","(Class := Standard, ExternalAccess := Read/Write)"
ALIAS,,PIO10_440:5:I,"","","PIO10_440:I.Data[5]","(RADIX := Binary, ExternalAccess := Read/Write)"
ALIAS,,PIO10_440:5:O,"","","PIO10_440:O.Data[5]","(RADIX := Binary, ExternalAccess := Read/Write)"
TAG,,PIO10_440:I,"","AB:1734_6SLOT:I:0","","(Class := Standard, ExternalAccess := Read/Write)"
TAG,,PIO10_440:O,"","AB:1734_6SLOT:O:0","","(Class := Standard, ExternalAccess := Read/Write)"
TAG,,IB10_10:C,"","AB:1732E_IB8SOE:C:0","","(Class := Standard, ExternalAccess := Read/Write)"
TAG,,IB10_10:I,"","AB:1732_IB8SOE:I:0","","(Class := Standard, ExternalAccess := Read/Write)"
TAG,,IB10_10:O,"","AB:1732_IB8SOE:O:0","","(Class := Standard, ExternalAccess := Read/Write)"
TAG,,IB10_22:C,"","AB:1732E_IB8SOE:C:0","","(Class := Standard, ExternalAccess := Read/Write)"
TAG,,IB10_22:I,"","AB:1732_IB8SOE:I:0","","(Class := Standard, ExternalAccess := Read/Write)"
TAG,,IB10_22:O,"","AB:1732_IB8SOE:O:0","","(Class := Standard, ExternalAccess := Read/Write)"
TAG,,VAC10_860:C,"","AB:ETHERNET_MODULE:C:0","","(Class := Standard, ExternalAccess := Read/Write)"
TAG,,VAC10_860:I,"","AB:ETHERNET_MODULE_SINT_34Bytes:I:0","","(Class := Standard, ExternalAccess := Read/Write)"
TAG,,VAC10_860:O,"","AB:ETHERNET_MODULE_SINT_74Bytes:O:0","","(Class := Standard, ExternalAccess := Read/Write)"
TAG,,IB10_4:C,"","AB:1732E_IB8SOE:C:0","","(Class := Standard, ExternalAccess := Read/Write)"
TAG,,IB10_4:I,"","AB:1732_IB8SOE:I:0","","(Class := Standard, ExternalAccess := Read/Write)"
TAG,,IB10_4:O,"","AB:1732_IB8SOE:O:0","","(Class := Standard, ExternalAccess := Read/Write)"
TAG,,VB20_3:I,"","SM:EX260_SEN1:I:0","","(Class := Standard, ExternalAccess := Read/Write)"
TAG,,VB20_3:O,"","SM:EX260_SEN1:O:0","","(Class := Standard, ExternalAccess := Read/Write)"
TAG,,IB10_9:C,"","AB:1732E_IB8SOE:C:0","","(Class := Standard, ExternalAccess := Read/Write)"
TAG,,IB10_9:I,"","AB:1732_IB8SOE:I:0","","(Class := Standard, ExternalAccess := Read/Write)"
TAG,,IB10_9:O,"","AB:1732_IB8SOE:O:0","","(Class := Standard, ExternalAccess := Read/Write)"
TAG,,DRV10_712:C,"","AB:ETHERNET_MODULE:C:0","","(Class := Standard, ExternalAccess := Read/Write)"
TAG,,DRV10_712:I,"","AB:ETHERNET_MODULE_INT_96Bytes:I:0","","(Class := Standard, ExternalAccess := Read/Write)"
COMMENT,,DRV10_712:I,"Drive1",,"DRV10_712:I.DATA[8]"
COMMENT,,DRV10_712:I,"Drive2",,"DRV10_712:I.DATA[16]"
COMMENT,,DRV10_712:I,"Drive3",,"DRV10_712:I.DATA[24]"
TAG,,DRV10_712:O,"","AB:ETHERNET_MODULE_INT_96Bytes:O:0","","(Class := Standard, ExternalAccess := Read/Write)"
TAG,,ENET10_490:1:C,"","AB:1769_HSC:C:1","","(Class := Standard, ExternalAccess := Read/Write)"
TAG,,ENET10_490:1:I,"","AB:1769_HSC:I:0","","(Class := Standard, ExternalAccess := Read/Write)"
TAG,,ENET10_490:1:O,"","AB:1769_HSC:O:0","","(Class := Standard, ExternalAccess := Read/Write)"
TAG,,ENET10_490:2:C,"","AB:1769_HSC:C:1","","(Class := Standard, ExternalAccess := Read/Write)"
TAG,,ENET10_490:2:I,"","AB:1769_HSC:I:0","","(Class := Standard, ExternalAccess := Read/Write)"
TAG,,ENET10_490:2:O,"","AB:1769_HSC:O:0","","(Class := Standard, ExternalAccess := Read/Write)"
TAG,,ENET10_490:3:C,"","AB:1769_HSC:C:1","","(Class := Standard, ExternalAccess := Read/Write)"
TAG,,ENET10_490:3:I,"","AB:1769_HSC:I:0","","(Class := Standard, ExternalAccess := Read/Write)"
TAG,,ENET10_490:3:O,"","AB:1769_HSC:O:0","","(Class := Standard, ExternalAccess := Read/Write)"
TAG,,Box1_Incoming_Flag,"","BOOL","","(Class := Standard, RADIX := Decimal, Constant := false, ExternalAccess := Read/Write)"
TAG,,Box2_Incoming_Flag,"","BOOL","","(Class := Standard, RADIX := Decimal, Constant := false, ExternalAccess := Read/Write)"
TAG,,Box3_Incoming_Flag,"","BOOL","","(Class := Standard, RADIX := Decimal, Constant := false, ExternalAccess := Read/Write)"
TAG,,Box4_Incoming_Flag,"","BOOL","","(Class := Standard, RADIX := Decimal, Constant := false, ExternalAccess := Read/Write)"
TAG,,CC_in,"","vm56_input","","(Class := Standard, Constant := false, ExternalAccess := Read/Write)"
COMMENT,,CC_in,"Pin 1 Orientation$N0 = No Data$N1 = Correct$N2 = Incorrect$N3 = Reject",,"CC_in.INSPECTIONRESULTS[10]"
COMMENT,,CC_in,"Pin 2 Orientation$N0 = No Data$N1 = Correct$N2 = Incorrect$N3 = Reject",,"CC_in.INSPECTIONRESULTS[11]"
COMMENT,,CC_in,"Top  LEFT Score",,"CC_in.INSPECTIONRESULTS[12]"
TAG,,CC_out,"","vm56_output","","(Class := Standard, Constant := false, ExternalAccess := Read/Write)"
TAG,,Clear_Reject_Count_RollerTest,"","BOOL","","(Class := Standard, RADIX := Decimal, Constant := false, ExternalAccess := Read/Write)"
TAG,,DRV10_712,"","udtRCON","","(Class := Standard, Constant := false, ExternalAccess := Read/Write)"
TAG,,EW_TP,"","SINT","","(Class := Standard, RADIX := Decimal, Constant := false, ExternalAccess := Read/Write)"
TAG,,FromStandardPLC,"","udt_ToFrom_SafetyPLC","","(Class := Safety, Constant := false, ExternalAccess := Read/Write)"
COMMENT,,FromStandardPLC,"Mold 1 EOAT Crash Sensors",,"FromStandardPLC.SPAREBIT16"
COMMENT,,FromStandardPLC,"Mold 2 EOAT Crash Sensors",,"FromStandardPLC.SPAREBIT17"
TAG,,gFaultModCheck,"","COUNTER[10]","","(Class := Standard, Constant := false, ExternalAccess := Read/Write)"
TAG,,Global,"","udtglobal","","(Class := Standard, Constant := false, ExternalAccess := Read/Write)"
TAG,,gRunningErrorCheck,"","COUNTER","","(Class := Standard, Constant := false, ExternalAccess := Read/Write)"
TAG,,I10_420_1,"","udtdi[8]","","(Class := Standard, Constant := false, ExternalAccess := Read/Write)"
COMMENT,,I10_420_1,"High Voltage Encl E-Stop Ch 1",,"I10_420_1[0]"
COMMENT,,I10_420_1,"High Voltage Encl E-Stop Ch 2",,"I10_420_1[1]"
COMMENT,,I10_420_1,"Auto Sta HMI 1 E-Stop Ch 1",,"I10_420_1[2]"
COMMENT,,I10_420_1,"Auto Sta HMI 1 E-Stop Ch 2",,"I10_420_1[3]"
COMMENT,,I10_420_1,"Assy Mid Door E-Stop Ch 1",,"I10_420_1[4]"
COMMENT,,I10_420_1,"Assy Mid Door E-Stop Ch 2",,"I10_420_1[5]"
COMMENT,,I10_420_1,"Assy End Door E-Stop Ch 1",,"I10_420_1[6]"
COMMENT,,I10_420_1,"Assy End Door E-Stop Ch 2",,"I10_420_1[7]"
TAG,,I10_420_10,"","udtdi[8]","","(Class := Standard, Constant := false, ExternalAccess := Read/Write)"
COMMENT,,I10_420_10,"Roller Feeder FC2000 Ready for Operation",,"I10_420_10[0]"
COMMENT,,I10_420_10,"Roller Feeder Filling Level Storage Conv",,"I10_420_10[1]"
COMMENT,,I10_420_10,"Roller Feeder Filling Level Feeding Belt",,"I10_420_10[2]"
COMMENT,,I10_420_10,"Roller Feeder Filling Level Storage",,"I10_420_10[3]"
COMMENT,,I10_420_10,"Roller Feeder Stop Position Step Feeder",,"I10_420_10[4]"
COMMENT,,I10_420_10,"Roller Feeder Filling Level Puffer Track 1",,"I10_420_10[5]"
COMMENT,,I10_420_10,"Roller Feeder Filling Level Puffer Track 2",,"I10_420_10[6]"
COMMENT,,I10_420_10,"Roller Feeder Control Panel Motor OL Fault",,"I10_420_10[7]"
TAG,,I10_420_11,"","udtdi[8]","","(Class := Standard, Constant := false, ExternalAccess := Read/Write)"
COMMENT,,I10_420_11,"Roller Feeder Spare Input",,"I10_420_11[0]"
COMMENT,,I10_420_11,"Roller Hopper IFM",,"I10_420_11[0].INPUT"
COMMENT,,I10_420_11,"Roller Feeder Spare Input",,"I10_420_11[1]"
COMMENT,,I10_420_11,"Roller Feeder Spare Input",,"I10_420_11[2]"
COMMENT,,I10_420_11,"Roller Feeder Spare Input",,"I10_420_11[3]"
COMMENT,,I10_420_11,"Pin Feeder FC2000 Ready for Operation",,"I10_420_11[4]"
COMMENT,,I10_420_11,"Pin Feeder Filling Level Storage",,"I10_420_11[5]"
COMMENT,,I10_420_11,"Pin Feeder Filling Level Puffer Track 1",,"I10_420_11[6]"
COMMENT,,I10_420_11,"Pin Feeder Filling Level Puffer Track 2",,"I10_420_11[7]"
TAG,,I10_420_12,"","udtdi[8]","","(Class := Standard, Constant := false, ExternalAccess := Read/Write)"
COMMENT,,I10_420_12,"Pin Feeder Control Panel Motor OL Fault",,"I10_420_12[0]"
COMMENT,,I10_420_12,"Pin Feeder Spare Input",,"I10_420_12[1]"
COMMENT,,I10_420_12,"Pin Feeder Spare Input",,"I10_420_12[2]"
COMMENT,,I10_420_12,"Pin Feeder Spare Input",,"I10_420_12[3]"
COMMENT,,I10_420_12,"Pin Feeder Spare Input",,"I10_420_12[4]"
COMMENT,,I10_420_12,"Pin Feeder Spare Input",,"I10_420_12[5]"
COMMENT,,I10_420_12,"Pin Feeder Spare Input",,"I10_420_12[6]"
COMMENT,,I10_420_12,"Pin Feeder Spare Input",,"I10_420_12[7]"
TAG,,I10_420_13,"","udtdi[8]","","(Class := Standard, Constant := false, ExternalAccess := Read/Write)"
COMMENT,,I10_420_13,"Spare Input",,"I10_420_13[0]"
COMMENT,,I10_420_13,"Spare Input",,"I10_420_13[1]"
COMMENT,,I10_420_13,"Spare Input",,"I10_420_13[2]"
COMMENT,,I10_420_13,"Spare Input",,"I10_420_13[3]"
COMMENT,,I10_420_13,"Spare Input",,"I10_420_13[4]"
COMMENT,,I10_420_13,"Spare Input",,"I10_420_13[5]"
COMMENT,,I10_420_13,"Spare Input",,"I10_420_13[6]"
COMMENT,,I10_420_13,"Spare Input",,"I10_420_13[7]"
TAG,,I10_420_2,"","udtdi[8]","","(Class := Standard, Constant := false, ExternalAccess := Read/Write)"
COMMENT,,I10_420_2,"Assy Mid Door Fdbk Ch 1",,"I10_420_2[0]"
COMMENT,,I10_420_2,"Assy Mid Door Fdbk Ch 2",,"I10_420_2[1]"
COMMENT,,I10_420_2,"Assy End Door Fdbk Ch 1",,"I10_420_2[2]"
COMMENT,,I10_420_2,"Assy End Door Fdbk Ch 2",,"I10_420_2[3]"
COMMENT,,I10_420_2,"Pin Load Robot E-Stop Ch 1",,"I10_420_2[4]"
COMMENT,,I10_420_2,"Pin Load Robot E-Stop Ch 2",,"I10_420_2[5]"
COMMENT,,I10_420_2,"Auto Sta Main Air Fdbk Ch 1",,"I10_420_2[6]"
COMMENT,,I10_420_2,"Auto Sta Main Air Fdbk Ch 2",,"I10_420_2[7]"
TAG,,I10_420_3,"","udtdi[8]","","(Class := Standard, Constant := false, ExternalAccess := Read/Write)"
COMMENT,,I10_420_3,"Pin Load Robot E-Stop Relay EDM Fdbk",,"I10_420_3[0]"
COMMENT,,I10_420_3,"Auto Sta Zone Safety Relays 1A EDM Fdbk",,"I10_420_3[1]"
COMMENT,,I10_420_3,"Auto Sta Zone Safety Relays 1B EDM Fdbk",,"I10_420_3[2]"
COMMENT,,I10_420_3,"Conv & Elevator Drive Safety Relays EDM Fdbk",,"I10_420_3[3]"
COMMENT,,I10_420_3,"MagneMotion Propulsion Power Relays EDM Fdbk",,"I10_420_3[4]"
COMMENT,,I10_420_3,"Spare Safe Input",,"I10_420_3[5]"
COMMENT,,I10_420_3,"Spare Safe Input",,"I10_420_3[6]"
COMMENT,,I10_420_3,"Spare Safe Input",,"I10_420_3[7]"
TAG,,I10_420_6,"","udtdi[8]","","(Class := Standard, Constant := false, ExternalAccess := Read/Write)"
COMMENT,,I10_420_6,"Auto Sta High Voltage Encl Spare PB",,"I10_420_6[0]"
COMMENT,,I10_420_6,"Auto Sta High Voltage Encl Stop PB",,"I10_420_6[1]"
COMMENT,,I10_420_6,"Auto Sta High Voltage Encl Reset PB",,"I10_420_6[2]"
COMMENT,,I10_420_6,"Auto Sta High Voltage Encl Power On PB",,"I10_420_6[3]"
COMMENT,,I10_420_6,"Auto Sta HMI 1 Start PB",,"I10_420_6[4]"
COMMENT,,I10_420_6,"Auto Sta HMI 1 Stop PB",,"I10_420_6[5]"
COMMENT,,I10_420_6,"Auto Sta HMI 1 Reset PB",,"I10_420_6[6]"
COMMENT,,I10_420_6,"Auto Sta HMI 1 Power On PB",,"I10_420_6[7]"
TAG,,I10_420_7,"","udtdi[8]","","(Class := Standard, Constant := false, ExternalAccess := Read/Write)"
COMMENT,,I10_420_7,"Auto Sta HMI 1 Spare Button PB",,"I10_420_7[0]"
COMMENT,,I10_420_7,"Auto Sta HMI 1 Spare Button PB",,"I10_420_7[1]"
COMMENT,,I10_420_7,"Auto Sta Assy Mid Door Cycle Start PB",,"I10_420_7[2]"
COMMENT,,I10_420_7,"Auto Sta Assy Mid Door Entry Request PB",,"I10_420_7[3]"
COMMENT,,I10_420_7,"Auto Sta Assy Mid Door Locked",,"I10_420_7[4]"
COMMENT,,I10_420_7,"Auto Sta Assy Mid Door Unlocked",,"I10_420_7[5]"
COMMENT,,I10_420_7,"Auto Sta Assy End Door Cycle Start PB",,"I10_420_7[6]"
COMMENT,,I10_420_7,"Auto Sta Assy End Door Entry Request PB",,"I10_420_7[7]"
TAG,,I10_420_8,"","udtdi[8]","","(Class := Standard, Constant := false, ExternalAccess := Read/Write)"
COMMENT,,I10_420_8,"Auto Sta Assy End Door Locked",,"I10_420_8[0]"
COMMENT,,I10_420_8,"Auto Sta Assy End Door Unlocked",,"I10_420_8[1]"
COMMENT,,I10_420_8,"Auto Sta Air Prep Pressure Ok",,"I10_420_8[2]"
COMMENT,,I10_420_8,"Spare Input",,"I10_420_8[3]"
COMMENT,,I10_420_8,"Auto Sta Empty Conv Motor 1 Alarm",,"I10_420_8[4]"
COMMENT,,I10_420_8,"Auto Sta Empty Conv Motor 2 Alarm",,"I10_420_8[5]"
COMMENT,,I10_420_8,"Auto Sta Empty Conv Motor 3 Alarm",,"I10_420_8[6]"
COMMENT,,I10_420_8,"Auto Sta Empty Conv Motor 4 Alarm",,"I10_420_8[7]"
TAG,,I10_420_9,"","udtdi[8]","","(Class := Standard, Constant := false, ExternalAccess := Read/Write)"
COMMENT,,I10_420_9,"Auto Sta Full Conv Motor 1 Alarm",,"I10_420_9[0]"
COMMENT,,I10_420_9,"Auto Sta Full Conv Motor 2 Alarm",,"I10_420_9[1]"
COMMENT,,I10_420_9,"Auto Sta Full Conv Motor 3 Alarm",,"I10_420_9[2]"
COMMENT,,I10_420_9,"Auto Sta Full Conv Motor 4 Alarm",,"I10_420_9[3]"
COMMENT,,I10_420_9,"Auto Sta Elevator Conv Motor 1 Alarm",,"I10_420_9[4]"
COMMENT,,I10_420_9,"Auto Sta Elevator Conv Motor 2 Alarm",,"I10_420_9[5]"
COMMENT,,I10_420_9,"Auto Sta Elevator Conv Motor 3 Alarm",,"I10_420_9[6]"
COMMENT,,I10_420_9,"Auto Sta Elevator Conv Motor 4 Alarm",,"I10_420_9[7]"
TAG,,I10_440_1,"","udtdi[8]","","(Class := Standard, Constant := false, ExternalAccess := Read/Write)"
COMMENT,,I10_440_1,"Auto Station Zone Safety Relay",,"I10_440_1[0]"
COMMENT,,I10_440_1,"Spare Safety Input",,"I10_440_1[1]"
COMMENT,,I10_440_1,"Spare Input",,"I10_440_1[2]"
COMMENT,,I10_440_1,"Spare Input",,"I10_440_1[3]"
COMMENT,,I10_440_1,"Spare Input",,"I10_440_1[4]"
COMMENT,,I10_440_1,"Spare Input",,"I10_440_1[5]"
COMMENT,,I10_440_1,"Spare Input",,"I10_440_1[6]"
COMMENT,,I10_440_1,"Spare Input",,"I10_440_1[7]"
TAG,,I10_440_3,"","udtdi[8]","","(Class := Standard, Constant := false, ExternalAccess := Read/Write)"
COMMENT,,I10_440_3,"Spare Input",,"I10_440_3[0]"
COMMENT,,I10_440_3,"Spare Input",,"I10_440_3[1]"
COMMENT,,I10_440_3,"Spare Input",,"I10_440_3[2]"
COMMENT,,I10_440_3,"Spare Input",,"I10_440_3[3]"
COMMENT,,I10_440_3,"Spare Input",,"I10_440_3[4]"
COMMENT,,I10_440_3,"Spare Input",,"I10_440_3[5]"
COMMENT,,I10_440_3,"Spare Input",,"I10_440_3[6]"
COMMENT,,I10_440_3,"Spare Input",,"I10_440_3[7]"
TAG,,I10_460_1,"","udtdi[8]","","(Class := Standard, Constant := false, ExternalAccess := Read/Write)"
COMMENT,,I10_460_1,"Auto Sta HMI 2 E-Stop Ch 1",,"I10_460_1[0]"
COMMENT,,I10_460_1,"Auto Sta HMI 2 E-Stop Ch 2",,"I10_460_1[1]"
COMMENT,,I10_460_1,"Offload Door E-Stop Ch 1",,"I10_460_1[2]"
COMMENT,,I10_460_1,"Offload Door E-Stop Ch 2",,"I10_460_1[3]"
COMMENT,,I10_460_1,"Offload Door Fdbk Ch 1",,"I10_460_1[4]"
COMMENT,,I10_460_1,"Offload Door Fdbk Ch 2",,"I10_460_1[5]"
COMMENT,,I10_460_1,"Offload Robot E-Stop Ch 1",,"I10_460_1[6]"
COMMENT,,I10_460_1,"Offload Robot E-Stop Ch 2",,"I10_460_1[7]"
TAG,,I10_460_2,"","udtdi[8]","","(Class := Standard, Constant := false, ExternalAccess := Read/Write)"
COMMENT,,I10_460_2,"Offload Robot E-Stop Relays Fdbk",,"I10_460_2[0]"
COMMENT,,I10_460_2,"Auto Sta Zone Safety Relays 1D EDM Fdbk",,"I10_460_2[1]"
COMMENT,,I10_460_2,"Spare Safety Input",,"I10_460_2[2]"
COMMENT,,I10_460_2,"Spare Safety Input",,"I10_460_2[3]"
COMMENT,,I10_460_2,"Spare Safety Input",,"I10_460_2[4]"
COMMENT,,I10_460_2,"Spare Safety Input",,"I10_460_2[5]"
COMMENT,,I10_460_2,"Spare Safety Input",,"I10_460_2[6]"
COMMENT,,I10_460_2,"Spare Safety Input",,"I10_460_2[7]"
TAG,,I10_460_3,"","udtdi[8]","","(Class := Standard, Constant := false, ExternalAccess := Read/Write)"
COMMENT,,I10_460_3,"Spare Safety Input",,"I10_460_3[0]"
COMMENT,,I10_460_3,"Spare Safety Input",,"I10_460_3[1]"
COMMENT,,I10_460_3,"Spare Safety Input",,"I10_460_3[2]"
COMMENT,,I10_460_3,"Spare Safety Input",,"I10_460_3[3]"
COMMENT,,I10_460_3,"Spare Safety Input",,"I10_460_3[4]"
COMMENT,,I10_460_3,"Spare Safety Input",,"I10_460_3[5]"
COMMENT,,I10_460_3,"Spare Safety Input",,"I10_460_3[6]"
COMMENT,,I10_460_3,"Spare Safety Input",,"I10_460_3[7]"
TAG,,I10_460_5,"","udtdi[8]","","(Class := Standard, Constant := false, ExternalAccess := Read/Write)"
COMMENT,,I10_460_5,"Auto Sta Offload Door Cycle Start",,"I10_460_5[0]"
COMMENT,,I10_460_5,"Auto Sta Offload Door Entry Request",,"I10_460_5[1]"
COMMENT,,I10_460_5,"Auto Sta Offload Door Locked",,"I10_460_5[2]"
COMMENT,,I10_460_5,"Auto Sta Offload Door UnLocked",,"I10_460_5[3]"
COMMENT,,I10_460_5,"Module on Pallet at Station 70",,"I10_460_5[4]"
COMMENT,,I10_460_5,"Spare Input",,"I10_460_5[5]"
COMMENT,,I10_460_5,"Spare Input",,"I10_460_5[6]"
COMMENT,,I10_460_5,"Spare Input",,"I10_460_5[7]"
TAG,,I10_460_6,"","udtdi[8]","","(Class := Standard, Constant := false, ExternalAccess := Read/Write)"
COMMENT,,I10_460_6,"Auto Sta HMI2 Start",,"I10_460_6[0]"
COMMENT,,I10_460_6,"Auto Sta HMI2 Stop",,"I10_460_6[1]"
COMMENT,,I10_460_6,"Auto Sta HMI2 Reset",,"I10_460_6[2]"
COMMENT,,I10_460_6,"Auto Sta HMI2 Power On",,"I10_460_6[3]"
COMMENT,,I10_460_6,"Auto Sta HMI2 Spare Button",,"I10_460_6[4]"
COMMENT,,I10_460_6,"Auto Sta HMI2 Spare Button",,"I10_460_6[5]"
COMMENT,,I10_460_6,"Spare",,"I10_460_6[6]"
COMMENT,,I10_460_6,"Spare",,"I10_460_6[7]"
TAG,,I10_480_1,"","udtdi[8]","","(Class := Standard, Constant := false, ExternalAccess := Read/Write)"
TAG,,I10_480_4,"","udtdi[8]","","(Class := Standard, Constant := false, ExternalAccess := Read/Write)"
COMMENT,,I10_480_4,"Main Panel$NStation Reset",,"I10_480_4[2].INPUT"
COMMENT,,I10_480_4,"Main Panel$NPower Control Reset / Safety reset",,"I10_480_4[3].INPUT"
TAG,,I10_480_5,"","udtdi[8]","","(Class := Standard, Constant := false, ExternalAccess := Read/Write)"
TAG,,I10_480_6,"","udtdi[8]","","(Class := Standard, Constant := false, ExternalAccess := Read/Write)"
TAG,,I10_490_1,"","udtdi[8]","","(Class := Standard, Constant := false, ExternalAccess := Read/Write)"
TAG,,I10_490_2,"","udtdi[8]","","(Class := Standard, Constant := false, ExternalAccess := Read/Write)"
TAG,,I10_490_3,"","udtdi[8]","","(Class := Standard, Constant := false, ExternalAccess := Read/Write)"
TAG,,I11_420_1,"","udtdi[8]","","(Class := Standard, Constant := false, ExternalAccess := Read/Write)"
COMMENT,,I11_420_1,"Mold Tend 1 Robot Safety Ch 1",,"I11_420_1[0]"
COMMENT,,I11_420_1,"Mold Tend 1 Robot Safety Ch 2",,"I11_420_1[1]"
COMMENT,,I11_420_1,"Mold Tend 1 Air Prep Switch Pos 1",,"I11_420_1[2]"
COMMENT,,I11_420_1,"Mold Tend 1 Air Prep Switch Pos 2",,"I11_420_1[3]"
COMMENT,,I11_420_1,"Mold Tend 1 Door Fdbk Ch 1",,"I11_420_1[4]"
COMMENT,,I11_420_1,"Mold Tend 1 Door Fdbk Ch 2",,"I11_420_1[5]"
COMMENT,,I11_420_1,"Mold Tend 1 Door E-Stop Ch 1",,"I11_420_1[6]"
COMMENT,,I11_420_1,"Mold Tend 1 Door E-Stop Ch 2",,"I11_420_1[7]"
TAG,,I11_420_2,"","udtdi[8]","","(Class := Standard, Constant := false, ExternalAccess := Read/Write)"
COMMENT,,I11_420_2,"Spare Safety Input",,"I11_420_2[0]"
COMMENT,,I11_420_2,"Spare Safety Input",,"I11_420_2[1]"
COMMENT,,I11_420_2,"Mold Tend 1 Robot Door Enable Relays EDM Fdbk",,"I11_420_2[2]"
COMMENT,,I11_420_2,"Mold Tend 1 E-Stop Relays EDM Fdbk",,"I11_420_2[3]"
COMMENT,,I11_420_2,"Mold Tend 1 Door Lock Status Relays EDM Fdbk",,"I11_420_2[4]"
COMMENT,,I11_420_2,"Spare Safety Input",,"I11_420_2[5]"
COMMENT,,I11_420_2,"Spare Safety Input",,"I11_420_2[6]"
COMMENT,,I11_420_2,"Spare Safety Input",,"I11_420_2[7]"
TAG,,I11_420_3,"","udtdi[8]","","(Class := Standard, Constant := false, ExternalAccess := Read/Write)"
COMMENT,,I11_420_3,"Spare Safety Input",,"I11_420_3[0]"
COMMENT,,I11_420_3,"Spare Safety Input",,"I11_420_3[1]"
COMMENT,,I11_420_3,"Spare Safety Input",,"I11_420_3[2]"
COMMENT,,I11_420_3,"Spare Safety Input",,"I11_420_3[3]"
COMMENT,,I11_420_3,"Spare Safety Input",,"I11_420_3[4]"
COMMENT,,I11_420_3,"Spare Safety Input",,"I11_420_3[5]"
COMMENT,,I11_420_3,"Spare Safety Input",,"I11_420_3[6]"
COMMENT,,I11_420_3,"Spare Safety Input",,"I11_420_3[7]"
TAG,,I11_420_6,"","udtdi[8]","","(Class := Standard, Constant := false, ExternalAccess := Read/Write)"
COMMENT,,I11_420_6,"Mold Tend 1 Mold Shift Sensor 1",,"I11_420_6[0]"
COMMENT,,I11_420_6,"Mold Tend 1 Mold Shift Sensor 2",,"I11_420_6[1]"
COMMENT,,I11_420_6,"Mold Tend 1 Air Prep Aire Pressure OK",,"I11_420_6[2]"
COMMENT,,I11_420_6,"Mold Tend 1 Door Cycle Start PB",,"I11_420_6[3]"
COMMENT,,I11_420_6,"Mold Tend 1 Door Entry Request PB",,"I11_420_6[4]"
COMMENT,,I11_420_6,"Mold Tend 1 Door Locked",,"I11_420_6[5]"
COMMENT,,I11_420_6,"Mold Tend 1 Door Unlocked",,"I11_420_6[6]"
COMMENT,,I11_420_6,"Parts Present Lower Flip Rack",,"I11_420_6[7]"
TAG,,I11_420_7,"","udtdi[8]","","(Class := Standard, Constant := false, ExternalAccess := Read/Write)"
COMMENT,,I11_420_7,"Parts Present Upper Flip Rack",,"I11_420_7[0]"
COMMENT,,I11_420_7,"Spare Input",,"I11_420_7[1]"
COMMENT,,I11_420_7,"Spare Input",,"I11_420_7[2]"
COMMENT,,I11_420_7,"Spare Input",,"I11_420_7[3]"
COMMENT,,I11_420_7,"Pallet Part Present 3",,"I11_420_7[5]"
COMMENT,,I11_420_7,"Pallet Part Present Pos 1",,"I11_420_7[6]"
COMMENT,,I11_420_7,"Pallet Part Present Pos 2",,"I11_420_7[7]"
TAG,,I12_420_1,"","udtdi[8]","","(Class := Standard, Constant := false, ExternalAccess := Read/Write)"
COMMENT,,I12_420_1,"Mold Tend 2 Robot Safety Ch 1",,"I12_420_1[0]"
COMMENT,,I12_420_1,"Mold Tend 2 Robot Safety Ch 2",,"I12_420_1[1]"
COMMENT,,I12_420_1,"Mold Tend 2 Air Prep Switch Pos 1",,"I12_420_1[2]"
COMMENT,,I12_420_1,"Mold Tend 2 Air Prep Switch Pos 2",,"I12_420_1[3]"
COMMENT,,I12_420_1,"Mold Tend 2 Door Fdbk Ch 1",,"I12_420_1[4]"
COMMENT,,I12_420_1,"Mold Tend 2 Door Fdbk Ch 2",,"I12_420_1[5]"
COMMENT,,I12_420_1,"Mold Tend 2 Door E-Stop Ch 1",,"I12_420_1[6]"
COMMENT,,I12_420_1,"Mold Tend 2 Door E-Stop Ch 2",,"I12_420_1[7]"
TAG,,I12_420_2,"","udtdi[8]","","(Class := Standard, Constant := false, ExternalAccess := Read/Write)"
COMMENT,,I12_420_2,"Auto Sta HMI 3 E-Stop Ch 1",,"I12_420_2[0]"
COMMENT,,I12_420_2,"Auto Sta HMI 3 E-Stop Ch 2",,"I12_420_2[1]"
COMMENT,,I12_420_2,"Mold Tend 2 Robot Door Enable Relays EDM Fdbk",,"I12_420_2[2]"
COMMENT,,I12_420_2,"Mold Tend 2 E-Stop Relays EDM Fdbk",,"I12_420_2[3]"
COMMENT,,I12_420_2,"Mold Tend 2 Door Lock Status Relays EDM Fdbk",,"I12_420_2[4]"
COMMENT,,I12_420_2,"Spare Safety Input",,"I12_420_2[5]"
COMMENT,,I12_420_2,"Spare Safety Input",,"I12_420_2[6]"
COMMENT,,I12_420_2,"Spare Safety Input",,"I12_420_2[7]"
TAG,,I12_420_3,"","udtdi[8]","","(Class := Standard, Constant := false, ExternalAccess := Read/Write)"
COMMENT,,I12_420_3,"Spare Safety Input",,"I12_420_3[0]"
COMMENT,,I12_420_3,"Spare Safety Input",,"I12_420_3[1]"
COMMENT,,I12_420_3,"Spare Safety Input",,"I12_420_3[2]"
COMMENT,,I12_420_3,"Spare Safety Input",,"I12_420_3[3]"
COMMENT,,I12_420_3,"Spare Safety Input",,"I12_420_3[4]"
COMMENT,,I12_420_3,"Spare Safety Input",,"I12_420_3[5]"
COMMENT,,I12_420_3,"Spare Safety Input",,"I12_420_3[6]"
COMMENT,,I12_420_3,"Spare Safety Input",,"I12_420_3[7]"
TAG,,I12_420_6,"","udtdi[8]","","(Class := Standard, Constant := false, ExternalAccess := Read/Write)"
COMMENT,,I12_420_6,"Mold Shift Sensor 1",,"I12_420_6[0]"
COMMENT,,I12_420_6,"Mold Shift Sensor 2",,"I12_420_6[1]"
COMMENT,,I12_420_6,"Air Prep Aire Pressure OK",,"I12_420_6[2]"
COMMENT,,I12_420_6,"Mold Tend 2 Door Cycle Start PB",,"I12_420_6[3]"
COMMENT,,I12_420_6,"Mold Tend 2 Door Entry Request PB",,"I12_420_6[4]"
COMMENT,,I12_420_6,"Mold Tend 2 Door Locked",,"I12_420_6[5]"
COMMENT,,I12_420_6,"Mold Tend 2 Door Unlocked",,"I12_420_6[6]"
COMMENT,,I12_420_6,"Parts Present on Lower Flip Rack",,"I12_420_6[7]"
TAG,,I12_420_7,"","udtdi[8]","","(Class := Standard, Constant := false, ExternalAccess := Read/Write)"
COMMENT,,I12_420_7,"Auto Station HMI3 Start",,"I12_420_7[0]"
COMMENT,,I12_420_7,"Auto Station HMI3 Stop",,"I12_420_7[1]"
COMMENT,,I12_420_7,"Auto Station HMI3 Reset",,"I12_420_7[2]"
COMMENT,,I12_420_7,"Auto Station HMI3 Power On",,"I12_420_7[3]"
COMMENT,,I12_420_7,"Parts Present on Upper Flip Rack",,"I12_420_7[4]"
COMMENT,,I12_420_7,"Pallet Part Present 3",,"I12_420_7[5]"
COMMENT,,I12_420_7,"Pallet Part Present Pos 1",,"I12_420_7[6]"
COMMENT,,I12_420_7,"Pallet Part Present Pos 2",,"I12_420_7[7]"
TAG,,IB10_1,"","udtdi[8]","","(Class := Standard, Constant := false, ExternalAccess := Read/Write)"
COMMENT,,IB10_1,"Roller Load Holdback 1 Home",,"IB10_1[0]"
COMMENT,,IB10_1,"Roller Load Holdback 1 Work",,"IB10_1[1]"
COMMENT,,IB10_1,"Roller Load Holdback 2 Home",,"IB10_1[2]"
COMMENT,,IB10_1,"Roller Load Holdback 2 Work",,"IB10_1[3]"
COMMENT,,IB10_1,"Roller Load Push Vertical (Ext Work)",,"IB10_1[4]"
COMMENT,,IB10_1,"Roller Load Push Vertical (Ret Home)",,"IB10_1[5]"
COMMENT,,IB10_1,"Roller Load Push Horizontal (Ext Work)",,"IB10_1[6]"
COMMENT,,IB10_1,"Roller Load Push Horizontal (Ret Home)",,"IB10_1[7]"
TAG,,IB10_10,"","udtdi[8]","","(Class := Standard, Constant := false, ExternalAccess := Read/Write)"
COMMENT,,IB10_10,"Offload Empty Stop 3 (Ext Home)",,"IB10_10[0]"
COMMENT,,IB10_10,"Offload Empty Stop 3 (Ret Work)",,"IB10_10[1]"
COMMENT,,IB10_10,"Infeed Conv Box at Stop 3",,"IB10_10[2]"
COMMENT,,IB10_10,"Offload Empty Holdback 3 (Ext Work)",,"IB10_10[3]"
COMMENT,,IB10_10,"Offload Empty Holdback 3 (Ret Home)",,"IB10_10[4]"
COMMENT,,IB10_10,"Offload Empty at Holdback 3 Part Present",,"IB10_10[5]"
COMMENT,,IB10_10,"Offload Empty Queue Full 3 Part Present",,"IB10_10[6]"
COMMENT,,IB10_10,"Spare Input",,"IB10_10[7]"
TAG,,IB10_11,"","udtdi[8]","","(Class := Standard, Constant := false, ExternalAccess := Read/Write)"
COMMENT,,IB10_11,"Offload Empty Stop 4 (Ext Home)",,"IB10_11[0]"
COMMENT,,IB10_11,"Offload Empty Stop 4 (Ret Work)",,"IB10_11[1]"
COMMENT,,IB10_11,"Infeed Conv Box at Stop 4",,"IB10_11[2]"
COMMENT,,IB10_11,"Offload Empty Holdback 4 (Ext Work)",,"IB10_11[3]"
COMMENT,,IB10_11,"Offload Empty Holdback 4 (Ret Home)",,"IB10_11[4]"
COMMENT,,IB10_11,"Offload Empty at Holdback 4 Part Present",,"IB10_11[5]"
COMMENT,,IB10_11,"Offload Empty Queue Full 4 Part Present",,"IB10_11[6]"
COMMENT,,IB10_11,"Spare Input",,"IB10_11[7]"
TAG,,IB10_12,"","udtdi[8]","","(Class := Standard, Constant := false, ExternalAccess := Read/Write)"
COMMENT,,IB10_12,"Offload Full Elevator Clear 3 Part Present",,"IB10_12[0]"
COMMENT,,IB10_12,"Offload Full Elevator Clear 4 Part Present",,"IB10_12[1]"
COMMENT,,IB10_12,"Offload Elevator Lift 3 (Up Work)",,"IB10_12[2]"
COMMENT,,IB10_12,"Offload Elevator Lift 3 (Down Home)",,"IB10_12[3]"
COMMENT,,IB10_12,"Offload Elevator Lift 4 (Up Work)",,"IB10_12[4]"
COMMENT,,IB10_12,"Offload Elevator Lift 4 (Down Home)",,"IB10_12[5]"
COMMENT,,IB10_12,"Spare Input",,"IB10_12[6]"
COMMENT,,IB10_12,"Spare Input",,"IB10_12[7]"
TAG,,IB10_13,"","udtdi[8]","","(Class := Standard, Constant := false, ExternalAccess := Read/Write)"
COMMENT,,IB10_13,"Elevator Side Crowd 1A (Ret Home)",,"IB10_13[0]"
COMMENT,,IB10_13,"Elevator Side Crowd 1B (Ret Home)",,"IB10_13[1]"
COMMENT,,IB10_13,"Elevator 1 Box In Position",,"IB10_13[2]"
COMMENT,,IB10_13,"Spare Input",,"IB10_13[3]"
COMMENT,,IB10_13,"Elevator End Crowd 1A (Ext Work)",,"IB10_13[4]"
COMMENT,,IB10_13,"Elevator End Crowd 1A (Ret Home)",,"IB10_13[5]"
COMMENT,,IB10_13,"Elevator End Crowd 1B (Ext Work)",,"IB10_13[6]"
COMMENT,,IB10_13,"Elevator End Crowd 1B (Ret Home)",,"IB10_13[7]"
TAG,,IB10_14,"","udtdi[8]","","(Class := Standard, Constant := false, ExternalAccess := Read/Write)"
COMMENT,,IB10_14,"Elevator Side Crowd 2A (Ret Home)",,"IB10_14[0]"
COMMENT,,IB10_14,"Elevator Side Crowd 2B (Ret Home)",,"IB10_14[1]"
COMMENT,,IB10_14,"Elevator 2 Box In Position",,"IB10_14[2]"
COMMENT,,IB10_14,"Spare Input",,"IB10_14[3]"
COMMENT,,IB10_14,"Elevator End Crowd 2A (Ext Work)",,"IB10_14[4]"
COMMENT,,IB10_14,"Elevator End Crowd 2A (Ret Home)",,"IB10_14[5]"
COMMENT,,IB10_14,"Elevator End Crowd 2B (Ext Work)",,"IB10_14[6]"
COMMENT,,IB10_14,"Elevator End Crowd 2B (Ret Home)",,"IB10_14[7]"
TAG,,IB10_15,"","udtdi[8]","","(Class := Standard, Constant := false, ExternalAccess := Read/Write)"
COMMENT,,IB10_15,"Elevator Side Crowd 3A (Ret Home)",,"IB10_15[0]"
COMMENT,,IB10_15,"Elevator Side Crowd 3B (Ret Home)",,"IB10_15[1]"
COMMENT,,IB10_15,"Elevator 3 Box In Position",,"IB10_15[2]"
COMMENT,,IB10_15,"Spare Input",,"IB10_15[3]"
COMMENT,,IB10_15,"Elevator End Crowd 3A (Ext Work)",,"IB10_15[4]"
COMMENT,,IB10_15,"Elevator End Crowd 3A (Ret Home)",,"IB10_15[5]"
COMMENT,,IB10_15,"Elevator End Crowd 3B (Ext Work)",,"IB10_15[6]"
COMMENT,,IB10_15,"Elevator End Crowd 3B (Ret Home)",,"IB10_15[7]"
TAG,,IB10_16,"","udtdi[8]","","(Class := Standard, Constant := false, ExternalAccess := Read/Write)"
COMMENT,,IB10_16,"Elevator Side Crowd 4A (Ret Home)",,"IB10_16[0]"
COMMENT,,IB10_16,"Elevator Side Crowd 4B (Ret Home)",,"IB10_16[1]"
COMMENT,,IB10_16,"Elevator 4 Box in Position",,"IB10_16[2]"
COMMENT,,IB10_16,"Spare Input",,"IB10_16[3]"
COMMENT,,IB10_16,"Elevator End Crowd 4A (Ext Work)",,"IB10_16[4]"
COMMENT,,IB10_16,"Elevator End Crowd 4A (Ret Home)",,"IB10_16[5]"
COMMENT,,IB10_16,"Elevator End Crowd 4B (Ext Work)",,"IB10_16[6]"
COMMENT,,IB10_16,"Elevator End Crowd 4B (Ret Home)",,"IB10_16[7]"
TAG,,IB10_17,"","udtdi[8]","","(Class := Standard, Constant := false, ExternalAccess := Read/Write)"
COMMENT,,IB10_17,"Conv Pallet Pin Sta Locator (Ext Work)",,"IB10_17[0]"
COMMENT,,IB10_17,"Conv Pallet Pin Sta Locator (Ext Work)",,"IB10_17[1]"
COMMENT,,IB10_17,"Conv Pallet Roller Sta Locator (Ext Work)",,"IB10_17[2]"
COMMENT,,IB10_17,"Conv Pallet Roller Sta Locator (Ext Work)",,"IB10_17[3]"
COMMENT,,IB10_17,"Conv Pallet Test Sta Locator (Ext Work)",,"IB10_17[4]"
COMMENT,,IB10_17,"Conv Pallet Test Sta Locator (Ext Work)",,"IB10_17[5]"
COMMENT,,IB10_17,"Spare Input",,"IB10_17[6]"
COMMENT,,IB10_17,"Spare Input",,"IB10_17[7]"
TAG,,IB10_18,"","udtdi[8]","","(Class := Standard, Constant := false, ExternalAccess := Read/Write)"
TAG,,IB10_19,"","udtdi[8]","","(Class := Standard, Constant := false, ExternalAccess := Read/Write)"
TAG,,IB10_2,"","udtdi[8]","","(Class := Standard, Constant := false, ExternalAccess := Read/Write)"
COMMENT,,IB10_2,"Roller Load Gantry Z Axis (Ext Work)",,"IB10_2[0]"
COMMENT,,IB10_2,"Roller Load Gantry Z Axis (Ret Home)",,"IB10_2[1]"
COMMENT,,IB10_2,"Roller Load Sensor 1 Part Present",,"IB10_2[2]"
COMMENT,,IB10_2,"Roller Load Sensor 2 Part Present",,"IB10_2[3]"
COMMENT,,IB10_2,"Roller Load Reject Chute Full",,"IB10_2[4]"
COMMENT,,IB10_2,"Module Present on Pallet",,"IB10_2[5]"
COMMENT,,IB10_2,"Spare Input",,"IB10_2[6]"
COMMENT,,IB10_2,"Spare Input",,"IB10_2[7]"
TAG,,IB10_20,"","udtdi[8]","","(Class := Standard, Constant := false, ExternalAccess := Read/Write)"
TAG,,IB10_21,"","udtdi[8]","","(Class := Standard, Constant := false, ExternalAccess := Read/Write)"
TAG,,IB10_22,"","udtdi[8]","","(Class := Standard, Constant := false, ExternalAccess := Read/Write)"
TAG,,IB10_23,"","udtdi[8]","","(Class := Standard, Constant := false, ExternalAccess := Read/Write)"
TAG,,IB10_3,"","udtdi[8]","","(Class := Standard, Constant := false, ExternalAccess := Read/Write)"
COMMENT,,IB10_3,"Pin Lane 1 Sensor Part Present",,"IB10_3[0]"
COMMENT,,IB10_3,"Pin Lane 2 Sensor Part Present",,"IB10_3[1]"
COMMENT,,IB10_3,"Pin 1 at Nest Part Present",,"IB10_3[2]"
COMMENT,,IB10_3,"Pin 2 at Nest Part Present",,"IB10_3[3]"
COMMENT,,IB10_3,"Pin Load Holdback 1 (Ext Home)",,"IB10_3[4]"
COMMENT,,IB10_3,"Pin Load Holdback 1 (Ret Work)",,"IB10_3[5]"
COMMENT,,IB10_3,"Pin Load Holdback 2 (Ext Home)",,"IB10_3[6]"
COMMENT,,IB10_3,"Pin Load Holdback 2 (Ret Work)",,"IB10_3[7]"
TAG,,IB10_4,"","udtdi[8]","","(Class := Standard, Constant := false, ExternalAccess := Read/Write)"
COMMENT,,IB10_4,"Press Approach (Ext Work)",,"IB10_4[0]"
COMMENT,,IB10_4,"Press Approach (Ret Home)",,"IB10_4[1]"
COMMENT,,IB10_4,"Pin Press 1 and 2 (Ext Work)",,"IB10_4[2]"
COMMENT,,IB10_4,"Pin Press 1 and 2 (Ret Home)",,"IB10_4[3]"
COMMENT,,IB10_4,"Pin Press 3 and 4 (Ext Work)",,"IB10_4[4]"
COMMENT,,IB10_4,"Pin Press 3 and 4 (Ret Home)",,"IB10_4[5]"
COMMENT,,IB10_4,"Pin Press 5 and 6 (Ext Work)",,"IB10_4[6]"
COMMENT,,IB10_4,"Pin Press 5 and 6 (Ret Home)",,"IB10_4[7]"
TAG,,IB10_5,"","udtdi[8]","","(Class := Standard, Constant := false, ExternalAccess := Read/Write)"
COMMENT,,IB10_5,"Pin Load and Press Backstop (Ext Work)",,"IB10_5[0]"
COMMENT,,IB10_5,"Pin Load and Press Backstop (Ret Home)",,"IB10_5[1]"
COMMENT,,IB10_5,"Pin Tray Shift (Ext Work)",,"IB10_5[2]"
COMMENT,,IB10_5,"Pin Tray Shift (Ret Home)",,"IB10_5[3]"
COMMENT,,IB10_5,"Press Approach (Ext Work)",,"IB10_5[4]"
COMMENT,,IB10_5,"Press Approach (Ret Home)",,"IB10_5[5]"
COMMENT,,IB10_5,"Metal Pin Tooling Detected",,"IB10_5[6]"
COMMENT,,IB10_5,"Spare Input",,"IB10_5[7]"
TAG,,IB10_6,"","udtdi[8]","","(Class := Standard, Constant := false, ExternalAccess := Read/Write)"
COMMENT,,IB10_6,"Test Gantry Z-Axis (Ext Work)",,"IB10_6[0]"
COMMENT,,IB10_6,"Test Gantry Z-Axis (Ret Home)",,"IB10_6[1]"
COMMENT,,IB10_6,"Test Gantry Gripper (Ext Home)",,"IB10_6[2]"
COMMENT,,IB10_6,"Test Gantry Gripper (Ret Work)",,"IB10_6[3]"
COMMENT,,IB10_6,"Roller Test In Position",,"IB10_6[4]"
COMMENT,,IB10_6,"Spare Input",,"IB10_6[5]"
COMMENT,,IB10_6,"Spare Input",,"IB10_6[6]"
COMMENT,,IB10_6,"Spare Input",,"IB10_6[7]"
TAG,,IB10_7,"","udtdi[8]","","(Class := Standard, Constant := false, ExternalAccess := Read/Write)"
COMMENT,,IB10_7,"Offload Empty Stop 1 (Ext Home)",,"IB10_7[0]"
COMMENT,,IB10_7,"Offload Empty Stop 1 (Ret Work)",,"IB10_7[1]"
COMMENT,,IB10_7,"Infeed Conv Box at Stop 1",,"IB10_7[2]"
COMMENT,,IB10_7,"Offload Empty Holdback 1 (Ext Work)",,"IB10_7[3]"
COMMENT,,IB10_7,"Offload Empty Holdback 1 (Ret Home)",,"IB10_7[4]"
COMMENT,,IB10_7,"Offload Empty at Holdback 1 Part Present",,"IB10_7[5]"
COMMENT,,IB10_7,"Offload Empty Queue Full 1 Part Present",,"IB10_7[6]"
COMMENT,,IB10_7,"Spare Input",,"IB10_7[7]"
TAG,,IB10_8,"","udtdi[8]","","(Class := Standard, Constant := false, ExternalAccess := Read/Write)"
COMMENT,,IB10_8,"Offload Empty Stop 2 (Ext Home)",,"IB10_8[0]"
COMMENT,,IB10_8,"Offload Empty Stop 2 (Ret Work)",,"IB10_8[1]"
COMMENT,,IB10_8,"Infeed Conv Box at Stop 2",,"IB10_8[2]"
COMMENT,,IB10_8,"Offload Empty Holdback 2 (Ext Work)",,"IB10_8[3]"
COMMENT,,IB10_8,"Offload Empty Holdback 2 (Ret Home)",,"IB10_8[4]"
COMMENT,,IB10_8,"Offload Empty at Holdback 2 Part Present",,"IB10_8[5]"
COMMENT,,IB10_8,"Offload Empty Queue Full 2 Part Present",,"IB10_8[6]"
COMMENT,,IB10_8,"Spare Input",,"IB10_8[7]"
TAG,,IB10_9,"","udtdi[8]","","(Class := Standard, Constant := false, ExternalAccess := Read/Write)"
COMMENT,,IB10_9,"Offload Full Elevator Clear 1 Part Present",,"IB10_9[0]"
COMMENT,,IB10_9,"Offload Full Elevator Clear 2 Part Present",,"IB10_9[1]"
COMMENT,,IB10_9,"Offload Elevator Lift 1 (Up Work)",,"IB10_9[2]"
COMMENT,,IB10_9,"Offload Elevator Lift 1 (Down Home)",,"IB10_9[3]"
COMMENT,,IB10_9,"Offload Elevator Lift 2 (Up Work)",,"IB10_9[4]"
COMMENT,,IB10_9,"Offload Elevator Lift 2 (Down Home)",,"IB10_9[5]"
COMMENT,,IB10_9,"Spare Input",,"IB10_9[6]"
COMMENT,,IB10_9,"Spare Input",,"IB10_9[7]"
TAG,,ictFindVehicles,"","MM_FindVehicles","","(Class := Standard, Constant := false, ExternalAccess := Read/Write)"
TAG,,ictStatusAnimation,"","MM_StatusAnimation","","(Class := Standard, Constant := false, ExternalAccess := Read/Write)"
TAG,,Ignition,"","udtIgnitionInterface","","(Class := Standard, Constant := false, ExternalAccess := Read/Write)"
TAG,,Intralox_MoldNumber,"","STRING[25]","","(Class := Standard, Constant := false, ExternalAccess := Read/Write)"
COMMENT,,Intralox_MoldNumber,"6$Q",,"Intralox_MoldNumber[1]"
COMMENT,,Intralox_MoldNumber,"4$Q",,"Intralox_MoldNumber[2]"
COMMENT,,Intralox_MoldNumber,"6$Q",,"Intralox_MoldNumber[3]"
COMMENT,,Intralox_MoldNumber,"4.5$Q",,"Intralox_MoldNumber[4]"
COMMENT,,Intralox_MoldNumber,"6.5$Q",,"Intralox_MoldNumber[5]"
TAG,,MinutesSinceShiftChange,"","REAL","","(Class := Standard, RADIX := Float, Constant := false, ExternalAccess := Read/Write)"
TAG,,MMI_extended_vehicle_status,"","udt_MMI_extended_vehicle_status[65]","","(Class := Standard, Constant := false, ExternalAccess := Read/Write)"
TAG,,MMI_heartbeat,"","DINT","","(Class := Standard, RADIX := Decimal, Constant := false, ExternalAccess := Read/Write)"
TAG,,MMI_HLC_status,"","udt_MMI_HLC_status","","(Class := Standard, Constant := false, ExternalAccess := Read/Write)"
TAG,,MMI_joystick_command_status,"","udt_MMI_joystick_command_status[5]","","(Class := Standard, Constant := false, ExternalAccess := Read/Write)"
TAG,,MMI_motor_alarm,"","udt_MMI_motor_alarm[100]","","(Class := Standard, Constant := false, ExternalAccess := Read/Write)"
TAG,,MMI_motor_alarms,"","udt_MMI_motor_alarm[65]","","(Class := Standard, Constant := false, ExternalAccess := Read/Write)"
TAG,,MMI_node_command_status,"","udt_MMI_node_command_status[9]","","(Class := Standard, Constant := false, ExternalAccess := Read/Write)"
TAG,,MMI_node_controller_cmd_status,"","udt_MMI_nc_dio_command_status[3]","","(Class := Standard, Constant := false, ExternalAccess := Read/Write)"
TAG,,MMI_node_controller_dio_command,"","udt_MMI_node_controller_dio_command","","(Class := Standard, Constant := false, ExternalAccess := Read/Write)"
TAG,,MMI_node_controller_dio_status,"","udt_MMI_node_controller_dio_status[3]","","(Class := Standard, Constant := false, ExternalAccess := Read/Write)"
TAG,,MMI_node_controller_status,"","udt_MMI_node_controller_status[9]","","(Class := Standard, Constant := false, ExternalAccess := Read/Write)"
TAG,,MMI_node_status,"","udt_MMI_node_status[9]","","(Class := Standard, Constant := false, ExternalAccess := Read/Write)"
TAG,,MMI_path_command_status,"","udt_MMI_path_command_status[9]","","(Class := Standard, Constant := false, ExternalAccess := Read/Write)"
TAG,,MMI_path_ml_faults_status,"","udt_MMI_ml_faults[9,21]","","(Class := Standard, Constant := false, ExternalAccess := Read/Write)"
TAG,,MMI_path_qs_faults_status,"","udt_MMI_qs_faults[9,21]","","(Class := Standard, Constant := false, ExternalAccess := Read/Write)"
TAG,,MMI_path_qs_ht_faults_status,"","udt_MMI_path_qs_ht_faults_status[9,21]","","(Class := Standard, Constant := false, ExternalAccess := Read/Write)"
TAG,,MMI_path_qs_manufacturing_info,"","udt_MMI_qs_manufacturing_info[9,21]","","(Class := Standard, Constant := false, ExternalAccess := Read/Write)"
TAG,,MMI_path_status,"","udt_MMI_path_status[9]","","(Class := Standard, Constant := false, ExternalAccess := Read/Write)"
TAG,,MMI_station_arrivals,"","INT[40]","","(Class := Standard, RADIX := Decimal, Constant := false, ExternalAccess := Read/Write)"
TAG,,MMI_vehicle_alarms,"","udt_MMI_vehicle_alarm[65]","","(Class := Standard, Constant := false, ExternalAccess := Read/Write)"
TAG,,MMI_vehicle_order_status,"","udt_MMI_vehicle_order_status[65]","","(Class := Standard, Constant := false, ExternalAccess := Read/Write)"
TAG,,MMI_vehicle_status,"","udt_MMI_vehicle_status[65]","","(Class := Standard, Constant := false, ExternalAccess := Read/Write)"
TAG,,MM_Global_Acc,"","REAL","","(Class := Standard, RADIX := Float, Constant := false, ExternalAccess := Read/Write)"
TAG,,MM_Global_Velocity,"","REAL","","(Class := Standard, RADIX := Float, Constant := false, ExternalAccess := Read/Write)"
TAG,,O10_420_14,"","udtdo[8]","","(Class := Standard, Constant := false, ExternalAccess := Read/Write)"
COMMENT,,O10_420_14,"Auto Sta High Voltage Encl Start Light",,"O10_420_14[0]"
COMMENT,,O10_420_14,"Auto Sta High Voltage Encl Stop Light",,"O10_420_14[1]"
COMMENT,,O10_420_14,"Auto Sta High Voltage Encl Reset Light",,"O10_420_14[2]"
COMMENT,,O10_420_14,"Auto Sta High Voltage Encl Power On Light",,"O10_420_14[3]"
COMMENT,,O10_420_14,"Auto Sta High Voltage Encl E-Stop Light",,"O10_420_14[4]"
COMMENT,,O10_420_14,"Auto Sta Roller Check Light Relay",,"O10_420_14[5]"
COMMENT,,O10_420_14,"Auto Sta Pin Feed Conv Run Relay",,"O10_420_14[6]"
COMMENT,,O10_420_14,"Auto Sta Pin Feed Conv Forward/Reverse Relay",,"O10_420_14[7]"
TAG,,O10_420_15,"","udtdo[8]","","(Class := Standard, Constant := false, ExternalAccess := Read/Write)"
COMMENT,,O10_420_15,"Auto Sta Pin Camera Light Relay",,"O10_420_15[0]"
COMMENT,,O10_420_15,"Auto Sta Pin Tray Light Relay",,"O10_420_15[1]"
COMMENT,,O10_420_15,"Auto Sta Roller Load Status Light Relay 1",,"O10_420_15[2]"
COMMENT,,O10_420_15,"Auto Sta Roller Load Status Light Relay 2",,"O10_420_15[3]"
COMMENT,,O10_420_15,"Auto Sta Roller Load Status Light Relay 3",,"O10_420_15[4]"
COMMENT,,O10_420_15,"Auto Sta Assy Mid Door Lock Solenoid",,"O10_420_15[5]"
COMMENT,,O10_420_15,"Auto Sta Assy Mid Door Cycle Start Light",,"O10_420_15[6]"
COMMENT,,O10_420_15,"Auto Sta Assy Mid Door Entry Request Light",,"O10_420_15[7]"
TAG,,O10_420_16,"","udtdo[8]","","(Class := Standard, Constant := false, ExternalAccess := Read/Write)"
COMMENT,,O10_420_16,"Auto Sta Assy Mid Door E-Stop Light",,"O10_420_16[0]"
COMMENT,,O10_420_16,"Auto Sta Assy End Door Lock Solenoid",,"O10_420_16[1]"
COMMENT,,O10_420_16,"Auto Sta Assy End Door Cycle Start Light",,"O10_420_16[2]"
COMMENT,,O10_420_16,"Auto Sta Assy End Door Entry Request Light",,"O10_420_16[3]"
COMMENT,,O10_420_16,"Auto Sta Assy End Door E-Stop Light",,"O10_420_16[4]"
COMMENT,,O10_420_16,"Auto Sta Empty Conv Motor 1 Forward",,"O10_420_16[5]"
COMMENT,,O10_420_16,"Auto Sta Empty Conv Motor 1 Reverse",,"O10_420_16[6]"
COMMENT,,O10_420_16,"Auto Sta Empty Conv Motor 1 Alarm Reset",,"O10_420_16[7]"
TAG,,O10_420_17,"","udtdo[8]","","(Class := Standard, Constant := false, ExternalAccess := Read/Write)"
COMMENT,,O10_420_17,"Auto Sta Empty Conv Motor 2 Forward",,"O10_420_17[0]"
COMMENT,,O10_420_17,"Auto Sta Empty Conv Motor 2 Reverse",,"O10_420_17[1]"
COMMENT,,O10_420_17,"Auto Sta Empty Conv Motor 2 Alarm Reset",,"O10_420_17[2]"
COMMENT,,O10_420_17,"Auto Sta Empty Conv Motor 3 Forward",,"O10_420_17[3]"
COMMENT,,O10_420_17,"Auto Sta Empty Conv Motor 3 Reverse",,"O10_420_17[4]"
COMMENT,,O10_420_17,"Auto Sta Empty Conv Motor 3 Alarm Reset",,"O10_420_17[5]"
COMMENT,,O10_420_17,"Auto Sta Empty Conv Motor 4 Forward",,"O10_420_17[6]"
COMMENT,,O10_420_17,"Auto Sta Empty Conv Motor 4 Reverse",,"O10_420_17[7]"
TAG,,O10_420_18,"","udtdo[8]","","(Class := Standard, Constant := false, ExternalAccess := Read/Write)"
COMMENT,,O10_420_18,"Auto Sta Empty Conv Motor 4 Alarm Reset",,"O10_420_18[0]"
COMMENT,,O10_420_18,"Auto Sta Full Conv Motor 1 Forward",,"O10_420_18[1]"
COMMENT,,O10_420_18,"Auto Sta Full Conv Motor 1 Reverse",,"O10_420_18[2]"
COMMENT,,O10_420_18,"Auto Sta Full Conv Motor 1 Alarm Reset",,"O10_420_18[3]"
COMMENT,,O10_420_18,"Auto Sta Full Conv Motor 2 Forward",,"O10_420_18[4]"
COMMENT,,O10_420_18,"Auto Sta Full Conv Motor 2 Reverse",,"O10_420_18[5]"
COMMENT,,O10_420_18,"Auto Sta Full Conv Motor 2 Alarm Reset",,"O10_420_18[6]"
COMMENT,,O10_420_18,"Auto Sta Full Conv Motor 3 Forward",,"O10_420_18[7]"
TAG,,O10_420_19,"","udtdo[8]","","(Class := Standard, Constant := false, ExternalAccess := Read/Write)"
COMMENT,,O10_420_19,"Auto Sta Full Conv Motor 3 Reverse",,"O10_420_19[0]"
COMMENT,,O10_420_19,"Auto Sta Full Conv Motor 3 Alarm Reset",,"O10_420_19[1]"
COMMENT,,O10_420_19,"Auto Sta Full Conv Motor 4 Forward",,"O10_420_19[2]"
COMMENT,,O10_420_19,"Auto Sta Full Conv Motor 4 Reverse",,"O10_420_19[3]"
COMMENT,,O10_420_19,"Auto Sta Full Conv Motor 4 Alarm Reset",,"O10_420_19[4]"
COMMENT,,O10_420_19,"Auto Sta Elevator Motor 1 Forward",,"O10_420_19[5]"
COMMENT,,O10_420_19,"Auto Sta Elevator Motor 1 Reverse",,"O10_420_19[6]"
COMMENT,,O10_420_19,"Auto Sta Elevator Motor 1 Alarm Reset",,"O10_420_19[7]"
TAG,,O10_420_20,"","udtdo[8]","","(Class := Standard, Constant := false, ExternalAccess := Read/Write)"
COMMENT,,O10_420_20,"Auto Sta Elevator Motor 2 Forward",,"O10_420_20[0]"
COMMENT,,O10_420_20,"Auto Sta Elevator Motor 2 Reverse",,"O10_420_20[1]"
COMMENT,,O10_420_20,"Auto Sta Elevator Motor 2 Alarm Reset",,"O10_420_20[2]"
COMMENT,,O10_420_20,"Auto Sta Elevator Motor 3 Forward",,"O10_420_20[3]"
COMMENT,,O10_420_20,"Auto Sta Elevator Motor 3 Reverse",,"O10_420_20[4]"
COMMENT,,O10_420_20,"Auto Sta Elevator Motor 3 Alarm Reset",,"O10_420_20[5]"
COMMENT,,O10_420_20,"Auto Sta Elevator Motor 4 Forward",,"O10_420_20[6]"
COMMENT,,O10_420_20,"Auto Sta Elevator Motor 4 Reverse",,"O10_420_20[7]"
TAG,,O10_420_21,"","udtdo[8]","","(Class := Standard, Constant := false, ExternalAccess := Read/Write)"
COMMENT,,O10_420_21,"Auto Sta Elevator Motor 4 Alarm Reset",,"O10_420_21[0]"
COMMENT,,O10_420_21,"Roller Feeder FC2000 Reset",,"O10_420_21[1]"
COMMENT,,O10_420_21,"Roller Feeder Vibration Drive On",,"O10_420_21[2]"
COMMENT,,O10_420_21,"Roller Feeder Storage Conv Relay",,"O10_420_21[3]"
COMMENT,,O10_420_21,"Roller Feeder Feeding Belt Relay",,"O10_420_21[4]"
COMMENT,,O10_420_21,"Roller Feeder Step Feeder Relay",,"O10_420_21[5]"
COMMENT,,O10_420_21,"Roller Feeder Return Conv Relay",,"O10_420_21[6]"
COMMENT,,O10_420_21,"Roller Feeder Spare Output",,"O10_420_21[7]"
TAG,,O10_420_22,"","udtdo[8]","","(Class := Standard, Constant := false, ExternalAccess := Read/Write)"
COMMENT,,O10_420_22,"Roller Feeder Spare Output",,"O10_420_22[0]"
COMMENT,,O10_420_22,"Pin Feeder FC2000 Reset",,"O10_420_22[1]"
COMMENT,,O10_420_22,"Pin Feeder Vibration Drive On",,"O10_420_22[2]"
COMMENT,,O10_420_22,"Pin Feeder Step Feeder Relay",,"O10_420_22[3]"
COMMENT,,O10_420_22,"Pin Feeder Return Conv 1 Relay",,"O10_420_22[4]"
COMMENT,,O10_420_22,"Pin Feeder Return Conv 2 Relay",,"O10_420_22[5]"
COMMENT,,O10_420_22,"Pin Feeder Spare Output",,"O10_420_22[6]"
COMMENT,,O10_420_22,"Pin Feeder Spare Output",,"O10_420_22[7]"
TAG,,O10_420_23,"","udtdo[8]","","(Class := Standard, Constant := false, ExternalAccess := Read/Write)"
COMMENT,,O10_420_23,"Pin Feeder Spare Output",,"O10_420_23[0]"
COMMENT,,O10_420_23,"IAI RCON Power Relay",,"O10_420_23[1]"
COMMENT,,O10_420_23,"MagneMotion Machine Light Relay 1",,"O10_420_23[2]"
COMMENT,,O10_420_23,"MagneMotion Machine Light Relay 2",,"O10_420_23[3]"
COMMENT,,O10_420_23,"MagneMotion Machine Light Relay 3",,"O10_420_23[4]"
COMMENT,,O10_420_23,"Auto Sta Spare Output",,"O10_420_23[5]"
COMMENT,,O10_420_23,"Auto Sta Spare Output",,"O10_420_23[6]"
COMMENT,,O10_420_23,"Auto Sta Spare Output",,"O10_420_23[7]"
TAG,,O10_420_4,"","udtdo[8]","","(Class := Standard, Constant := false, ExternalAccess := Read/Write)"
COMMENT,,O10_420_4,"Pin Load Robot E-Stop Relay Ch 1",,"O10_420_4[0]"
COMMENT,,O10_420_4,"Pin Load Robot E-Stop Relay Ch 2",,"O10_420_4[1]"
COMMENT,,O10_420_4,"Auto Sta Zone Safety Relay 1A Ch 1",,"O10_420_4[2]"
COMMENT,,O10_420_4,"Auto Sta Zone Safety Relay 1A Ch 2",,"O10_420_4[3]"
COMMENT,,O10_420_4,"Auto Sta Zone Safety Relay 1B Ch 1",,"O10_420_4[4]"
COMMENT,,O10_420_4,"Auto Sta Zone Safety Relay 1B Ch 2",,"O10_420_4[5]"
COMMENT,,O10_420_4,"Conv & Elevator Drive Safety Relays Ch 1",,"O10_420_4[6]"
COMMENT,,O10_420_4,"Conv & Elevator Drive Safety Relays Ch 2",,"O10_420_4[7]"
TAG,,O10_420_5,"","udtdo[8]","","(Class := Standard, Constant := false, ExternalAccess := Read/Write)"
COMMENT,,O10_420_5,"Auto Sta Main Air Solenoid Ch 1",,"O10_420_5[0]"
COMMENT,,O10_420_5,"Auto Sta Main Air Solenoid Ch 2",,"O10_420_5[1]"
COMMENT,,O10_420_5,"Spare Safe Output",,"O10_420_5[2]"
COMMENT,,O10_420_5,"Spare Safe Output",,"O10_420_5[3]"
COMMENT,,O10_420_5,"Spare Safe Output",,"O10_420_5[4]"
COMMENT,,O10_420_5,"Spare Safe Output",,"O10_420_5[5]"
COMMENT,,O10_420_5,"Spare Safe Output",,"O10_420_5[6]"
COMMENT,,O10_420_5,"Spare Safe Output",,"O10_420_5[7]"
TAG,,O10_440_2,"","udtdo[8]","","(Class := Standard, Constant := false, ExternalAccess := Read/Write)"
COMMENT,,O10_440_2,"Auto Sta Zone Safety Relay 1C Ch 1",,"O10_440_2[0]"
COMMENT,,O10_440_2,"Auto Sta Zone Safety Relay 1C Ch 2",,"O10_440_2[1]"
COMMENT,,O10_440_2,"Spare Safety Output",,"O10_440_2[2]"
COMMENT,,O10_440_2,"Spare Safety Output",,"O10_440_2[3]"
COMMENT,,O10_440_2,"Spare Safety Output",,"O10_440_2[4]"
COMMENT,,O10_440_2,"Spare Safety Output",,"O10_440_2[5]"
COMMENT,,O10_440_2,"Spare Safety Output",,"O10_440_2[6]"
COMMENT,,O10_440_2,"Spare Safety Output",,"O10_440_2[7]"
TAG,,O10_440_4,"","udtdo[8]","","(Class := Standard, Constant := false, ExternalAccess := Read/Write)"
COMMENT,,O10_440_4,"Auto Sta Pin Protrusion Light Relay",,"O10_440_4[0]"
COMMENT,,O10_440_4,"Auto Sta Test Gantry Y-Axis Relay",,"O10_440_4[1]"
COMMENT,,O10_440_4,"Auto Sta Roller Motor 1 Relay",,"O10_440_4[2]"
COMMENT,,O10_440_4,"Auto Sta Roller Motor 2 Relay",,"O10_440_4[3]"
COMMENT,,O10_440_4,"Auto Sta Roller Motor 3 Relay",,"O10_440_4[4]"
COMMENT,,O10_440_4,"Auto Sta Roller Motor 4 Relay",,"O10_440_4[5]"
COMMENT,,O10_440_4,"Auto Sta Roller Motor 5 Relay",,"O10_440_4[6]"
COMMENT,,O10_440_4,"Auto Sta Roller Motor 6 Relay",,"O10_440_4[7]"
TAG,,O10_440_5,"","udtdo[8]","","(Class := Standard, Constant := false, ExternalAccess := Read/Write)"
COMMENT,,O10_440_5,"Pin Press Machine Light Relay 1",,"O10_440_5[0]"
COMMENT,,O10_440_5,"Pin Press Machine Light Relay 2",,"O10_440_5[1]"
COMMENT,,O10_440_5,"Pin Press Machine Light Relay 3",,"O10_440_5[2]"
COMMENT,,O10_440_5,"Pin Press Inspect Machine Light Relay 1",,"O10_440_5[3]"
COMMENT,,O10_440_5,"Pin Press Inspect Machine Light Relay 2",,"O10_440_5[4]"
COMMENT,,O10_440_5,"Pin Press Inspect Machine Light Relay 3",,"O10_440_5[5]"
COMMENT,,O10_440_5,"Spare Output",,"O10_440_5[6]"
COMMENT,,O10_440_5,"Spare Output",,"O10_440_5[7]"
TAG,,O10_460_4,"","udtdo[8]","","(Class := Standard, Constant := false, ExternalAccess := Read/Write)"
COMMENT,,O10_460_4,"Offload Robot E-Stop Relay Ch 1",,"O10_460_4[0]"
COMMENT,,O10_460_4,"Offload Robot E-Stop Relay Ch 2",,"O10_460_4[1]"
COMMENT,,O10_460_4,"Auto Sta Safety Relay 1D Ch 1",,"O10_460_4[2]"
COMMENT,,O10_460_4,"Auto Sta Safety Relay 1D Ch 2",,"O10_460_4[3]"
COMMENT,,O10_460_4,"Spare Safety Output",,"O10_460_4[4]"
COMMENT,,O10_460_4,"Spare Safety Output",,"O10_460_4[5]"
COMMENT,,O10_460_4,"Spare Safety Output",,"O10_460_4[6]"
COMMENT,,O10_460_4,"Spare Safety Output",,"O10_460_4[7]"
TAG,,O10_460_7,"","udtdo[8]","","(Class := Standard, Constant := false, ExternalAccess := Read/Write)"
COMMENT,,O10_460_7,"Auto Sta Offload Work Light 1 Relay",,"O10_460_7[0]"
COMMENT,,O10_460_7,"Auto Sta Offload Work Light 2 Relay",,"O10_460_7[1]"
COMMENT,,O10_460_7,"Auto Sta Magnemotion Status Light 1 Relay",,"O10_460_7[2]"
COMMENT,,O10_460_7,"Auto Sta Magnemotion Status Light 2 Relay",,"O10_460_7[3]"
COMMENT,,O10_460_7,"Auto Sta Magnemotion Status Light 3 Relay",,"O10_460_7[4]"
COMMENT,,O10_460_7,"Spare Output",,"O10_460_7[5]"
COMMENT,,O10_460_7,"Auto Sta Offload Door Solenoid",,"O10_460_7[6]"
COMMENT,,O10_460_7,"Auto Sta Offload Door Cycle Start Light",,"O10_460_7[7]"
TAG,,O10_460_8,"","udtdo[8]","","(Class := Standard, Constant := false, ExternalAccess := Read/Write)"
COMMENT,,O10_460_8,"Auto Sta Offload Door Entry Request Light",,"O10_460_8[0]"
COMMENT,,O10_460_8,"Auto Sta Offload Door E-Stop Light",,"O10_460_8[1]"
COMMENT,,O10_460_8,"Machine Stack Light Red",,"O10_460_8[2]"
COMMENT,,O10_460_8,"Machine Stack Light Amber",,"O10_460_8[3]"
COMMENT,,O10_460_8,"Machine Stack Light Green",,"O10_460_8[4]"
COMMENT,,O10_460_8,"StackLight Horn",,"O10_460_8[5]"
COMMENT,,O10_460_8,"Spare Output",,"O10_460_8[6]"
COMMENT,,O10_460_8,"Spare Output",,"O10_460_8[7]"
TAG,,O10_480_10,"","udtdo[8]","","(Class := Standard, Constant := false, ExternalAccess := Read/Write)"
TAG,,O10_480_11,"","udtdo[8]","","(Class := Standard, Constant := false, ExternalAccess := Read/Write)"
TAG,,O10_480_12,"","udtdo[8]","","(Class := Standard, Constant := false, ExternalAccess := Read/Write)"
TAG,,O10_480_13,"","udtdo[8]","","(Class := Standard, Constant := false, ExternalAccess := Read/Write)"
TAG,,O10_480_2,"","udtdo[8]","","(Class := Standard, Constant := false, ExternalAccess := Read/Write)"
TAG,,O10_480_3,"","udtdo[8]","","(Class := Standard, Constant := false, ExternalAccess := Read/Write)"
TAG,,O10_480_7,"","udtdo[8]","","(Class := Standard, Constant := false, ExternalAccess := Read/Write)"
TAG,,O10_480_8,"","udtdo[8]","","(Class := Standard, Constant := false, ExternalAccess := Read/Write)"
TAG,,O10_480_9,"","udtdo[8]","","(Class := Standard, Constant := false, ExternalAccess := Read/Write)"
TAG,,O11_420_4,"","udtdo[8]","","(Class := Standard, Constant := false, ExternalAccess := Read/Write)"
COMMENT,,O11_420_4,"Mold Tend 1 Robot Door Enable Ch 1",,"O11_420_4[0]"
COMMENT,,O11_420_4,"Mold Tend 1 Robot Door Enable Ch 2",,"O11_420_4[1]"
COMMENT,,O11_420_4,"Mold Tend 1 E-Stop Ch 1",,"O11_420_4[2]"
COMMENT,,O11_420_4,"Mold Tend 1 E-Stop Ch 2",,"O11_420_4[3]"
COMMENT,,O11_420_4,"Mold Tend 1 Door Lock Status Fdbk Ch 1",,"O11_420_4[4]"
COMMENT,,O11_420_4,"Mold Tend 1 Door Lock Status Fdbk Ch 2",,"O11_420_4[5]"
COMMENT,,O11_420_4,"Mold Tend 1 Air Prep Stage 1 On",,"O11_420_4[6]"
COMMENT,,O11_420_4,"Mold Tend 1 Air Prep Stage 2 On",,"O11_420_4[7]"
TAG,,O11_420_5,"","udtdo[8]","","(Class := Standard, Constant := false, ExternalAccess := Read/Write)"
COMMENT,,O11_420_5,"Spare Safety Output",,"O11_420_5[0]"
COMMENT,,O11_420_5,"Spare Safety Output",,"O11_420_5[1]"
COMMENT,,O11_420_5,"Spare Safety Output",,"O11_420_5[2]"
COMMENT,,O11_420_5,"Spare Safety Output",,"O11_420_5[3]"
COMMENT,,O11_420_5,"Spare Safety Output",,"O11_420_5[4]"
COMMENT,,O11_420_5,"Spare Safety Output",,"O11_420_5[5]"
COMMENT,,O11_420_5,"Spare Safety Output",,"O11_420_5[6]"
COMMENT,,O11_420_5,"Spare Safety Output",,"O11_420_5[7]"
TAG,,O11_420_8,"","udtdo[8]","","(Class := Standard, Constant := false, ExternalAccess := Read/Write)"
COMMENT,,O11_420_8,"Mold Tend 1 Door Cycle Start/Reset",,"O11_420_8[0]"
COMMENT,,O11_420_8,"Mold Safety Reset",,"O11_420_8[0].COMMAND"
COMMENT,,O11_420_8,"Mold Tend 1 Door Lock Solenoid",,"O11_420_8[1]"
COMMENT,,O11_420_8,"Mold Tend 1 Cycle Start/Reset Light",,"O11_420_8[2]"
COMMENT,,O11_420_8,"Mold Tend 1 Request to Enter Light",,"O11_420_8[3]"
COMMENT,,O11_420_8,"Mold Tend 1 E-Stop Pressed Light",,"O11_420_8[4]"
COMMENT,,O11_420_8,"Spare Output",,"O11_420_8[5]"
COMMENT,,O11_420_8,"Spare Output",,"O11_420_8[6]"
COMMENT,,O11_420_8,"Spare Output",,"O11_420_8[7]"
TAG,,O11_420_9,"","udtdo[8]","","(Class := Standard, Constant := false, ExternalAccess := Read/Write)"
COMMENT,,O11_420_9,"Mold Tend 1 Sta Status Light Input 1",,"O11_420_9[0]"
COMMENT,,O11_420_9,"Mold Tend 1 Sta Status Light Input 2",,"O11_420_9[1]"
COMMENT,,O11_420_9,"Mold Tend 1 Sta Status Light Input 3",,"O11_420_9[2]"
COMMENT,,O11_420_9,"Nipper Vertical Shift IAI Power Relay",,"O11_420_9[3]"
COMMENT,,O11_420_9,"Nipper Horizontal Shift IAI Power Relay",,"O11_420_9[4]"
COMMENT,,O11_420_9,"Spare Output",,"O11_420_9[5]"
COMMENT,,O11_420_9,"Spare Output",,"O11_420_9[6]"
COMMENT,,O11_420_9,"Spare Output",,"O11_420_9[7]"
TAG,,O12_420_4,"","udtdo[8]","","(Class := Standard, Constant := false, ExternalAccess := Read/Write)"
COMMENT,,O12_420_4,"Mold Tend 2 Robot Door Enable Ch 1",,"O12_420_4[0]"
COMMENT,,O12_420_4,"Mold Tend 2 Robot Door Enable Ch 2",,"O12_420_4[1]"
COMMENT,,O12_420_4,"Mold Tend 2 E-Stop Ch 1",,"O12_420_4[2]"
COMMENT,,O12_420_4,"Mold Tend 2 E-Stop Ch 2",,"O12_420_4[3]"
COMMENT,,O12_420_4,"Mold Tend 2 Door Lock Status Fdbk Ch 1",,"O12_420_4[4]"
COMMENT,,O12_420_4,"Mold Tend 2 Door Lock Status Fdbk Ch 2",,"O12_420_4[5]"
COMMENT,,O12_420_4,"Mold Tend 2 Air Prep Stage 1 On",,"O12_420_4[6]"
COMMENT,,O12_420_4,"Mold Tend 2 Air Prep Stage 2 On",,"O12_420_4[7]"
TAG,,O12_420_5,"","udtdo[8]","","(Class := Standard, Constant := false, ExternalAccess := Read/Write)"
COMMENT,,O12_420_5,"Spare Safety Output",,"O12_420_5[0]"
COMMENT,,O12_420_5,"Spare Safety Output",,"O12_420_5[1]"
COMMENT,,O12_420_5,"Spare Safety Output",,"O12_420_5[2]"
COMMENT,,O12_420_5,"Spare Safety Output",,"O12_420_5[3]"
COMMENT,,O12_420_5,"Spare Safety Output",,"O12_420_5[4]"
COMMENT,,O12_420_5,"Spare Safety Output",,"O12_420_5[5]"
COMMENT,,O12_420_5,"Spare Safety Output",,"O12_420_5[6]"
COMMENT,,O12_420_5,"Spare Safety Output",,"O12_420_5[7]"
TAG,,O12_420_8,"","udtdo[8]","","(Class := Standard, Constant := false, ExternalAccess := Read/Write)"
COMMENT,,O12_420_8,"Mold Tend 2 Door Cycle Start/Reset",,"O12_420_8[0]"
COMMENT,,O12_420_8,"Mold Safety Reset",,"O12_420_8[0].COMMAND"
COMMENT,,O12_420_8,"Mold Tend 2 Door Lock Solenoid",,"O12_420_8[1]"
COMMENT,,O12_420_8,"Mold Tend 2 Cycle Start/Reset Light",,"O12_420_8[2]"
COMMENT,,O12_420_8,"Mold Tend 2 Request to Enter Light",,"O12_420_8[3]"
COMMENT,,O12_420_8,"Mold Tend 2 E-Stop Pressed Light",,"O12_420_8[4]"
COMMENT,,O12_420_8,"Spare Output",,"O12_420_8[5]"
COMMENT,,O12_420_8,"Spare Output",,"O12_420_8[6]"
COMMENT,,O12_420_8,"Spare Output",,"O12_420_8[7]"
TAG,,O12_420_9,"","udtdo[8]","","(Class := Standard, Constant := false, ExternalAccess := Read/Write)"
COMMENT,,O12_420_9,"Mold Tend 2 Sta Status Light Input 1",,"O12_420_9[0]"
COMMENT,,O12_420_9,"Mold Tend 2 Sta Status Light Input 2",,"O12_420_9[1]"
COMMENT,,O12_420_9,"Mold Tend 2 Sta Status Light Input 3",,"O12_420_9[2]"
COMMENT,,O12_420_9,"Nipper Vertical Shift IAI Power Relay",,"O12_420_9[3]"
COMMENT,,O12_420_9,"Nipper Horizontal Shift IAI Power Relay",,"O12_420_9[4]"
COMMENT,,O12_420_9,"Spare Output",,"O12_420_9[5]"
COMMENT,,O12_420_9,"Spare Output",,"O12_420_9[6]"
COMMENT,,O12_420_9,"Spare Output",,"O12_420_9[7]"
TAG,,Pallet,"","udtPalletData[30]","","(Class := Standard, Constant := false, ExternalAccess := Read/Write)"
TAG,,path_cmd,"","udt_MMI_path_command","","(Class := Standard, Constant := false, ExternalAccess := Read/Write)"
TAG,,position_order,"","udt_MMI_vehicle_position_order[8]","","(Class := Standard, Constant := false, ExternalAccess := Read/Write)"
TAG,,ProcessTimer,"","TIMER[9]","","(Class := Standard, Constant := false, ExternalAccess := Read/Write)"
TAG,,QC_ReversePinCheck,"","udtToggle","","(Class := Standard, Constant := false, ExternalAccess := Read/Write)"
TAG,,RBT10_750,"Pin Robot","udtStaubliCS9","","(Class := Standard, Constant := false, ExternalAccess := Read/Write)"
COMMENT,,RBT10_750,"Pick",,"RBT10_750.O.OKTOENTER.1"
COMMENT,,RBT10_750,"Place Escapement",,"RBT10_750.O.OKTOENTER.2"
COMMENT,,RBT10_750,"Reject",,"RBT10_750.O.OKTOENTER.3"
COMMENT,,RBT10_750,"Machine in Manual Mode",,"RBT10_750.O.MISCCMD.0"
COMMENT,,RBT10_750,"Machine Open Gripper 1 Command",,"RBT10_750.O.MISCCMD.1"
COMMENT,,RBT10_750,"Machine Close Gripper 1 Command",,"RBT10_750.O.MISCCMD.2"
COMMENT,,RBT10_750,"Machine Open Gripper 2 Command",,"RBT10_750.O.MISCCMD.3"
COMMENT,,RBT10_750,"Machine Close Gripper 2 Command",,"RBT10_750.O.MISCCMD.4"
COMMENT,,RBT10_750,"Reject",,"RBT10_750.O.MISCCMD.5"
COMMENT,,RBT10_750,"Machine in Dry Cycle",,"RBT10_750.O.MISCCMD.6"
COMMENT,,RBT10_750,"Pick Program Ack",,"RBT10_750.O.PROGACK.1"
COMMENT,,RBT10_750,"Place Pins 1&3 Prog Ack",,"RBT10_750.O.PROGACK.2"
COMMENT,,RBT10_750,"Place Pin 1 Rotated 180 Prog Ack",,"RBT10_750.O.PROGACK.3"
COMMENT,,RBT10_750,"Place Pin 3 Rotated 180 Prog Ack",,"RBT10_750.O.PROGACK.4"
COMMENT,,RBT10_750,"Place Pins 5&7 Prog Ack",,"RBT10_750.O.PROGACK.5"
COMMENT,,RBT10_750,"Place Pin 5 Rotated 180 Prog Ack",,"RBT10_750.O.PROGACK.6"
COMMENT,,RBT10_750,"Place Pin 7 Rotated 180 Prog Ack",,"RBT10_750.O.PROGACK.7"
COMMENT,,RBT10_750,"Place Pins 9&11 Prog Ack",,"RBT10_750.O.PROGACK.8"
COMMENT,,RBT10_750,"Place Pin 9 Rotated 180 Prog Ack",,"RBT10_750.O.PROGACK.9"
COMMENT,,RBT10_750,"Place Pin 11 Rotated 180 Prog Ack",,"RBT10_750.O.PROGACK.10"
COMMENT,,RBT10_750,"Place Pins 2&4 Prog Ack",,"RBT10_750.O.PROGACK.11"
COMMENT,,RBT10_750,"Place Pin 2 Rotated 180 Prog Ack",,"RBT10_750.O.PROGACK.12"
COMMENT,,RBT10_750,"Place Pin 4 Rotated 180 Prog Ack",,"RBT10_750.O.PROGACK.13"
COMMENT,,RBT10_750,"Place Pins 6&8 Prog Ack",,"RBT10_750.O.PROGACK.14"
COMMENT,,RBT10_750,"Place Pin 6 Rotated 180 Prog Ack",,"RBT10_750.O.PROGACK.15"
COMMENT,,RBT10_750,"Place Pin 8 Rotated 180 Prog Ack",,"RBT10_750.O.PROGACK.16"
COMMENT,,RBT10_750,"Place Pins 10&12 Prog Ack",,"RBT10_750.O.PROGACK.17"
COMMENT,,RBT10_750,"Place Pin 10 Rotated 180 Prog Ack",,"RBT10_750.O.PROGACK.18"
COMMENT,,RBT10_750,"Place Pin 12 Rotated 180 Prog Ack",,"RBT10_750.O.PROGACK.19"
COMMENT,,RBT10_750,"Reject Prog Ack",,"RBT10_750.O.PROGACK.20"
COMMENT,,RBT10_750,"Pin Place Position",,"RBT10_750.O.PROGPARAM[0]"
COMMENT,,RBT10_750,"Pin Status 0=Both Good, 1=A Good, 2=B Good, 3=Both Backwards",,"RBT10_750.O.PROGPARAM[1]"
COMMENT,,RBT10_750,"Pick",,"RBT10_750.I.ZONEREQ.1"
COMMENT,,RBT10_750,"Place",,"RBT10_750.I.ZONEREQ.2"
COMMENT,,RBT10_750,"Reject",,"RBT10_750.I.ZONEREQ.3"
COMMENT,,RBT10_750,"Home",,"RBT10_750.I.INZONE.0"
COMMENT,,RBT10_750,"Pick",,"RBT10_750.I.INZONE.1"
COMMENT,,RBT10_750,"Place",,"RBT10_750.I.INZONE.2"
COMMENT,,RBT10_750,"Reject",,"RBT10_750.I.INZONE.3"
COMMENT,,RBT10_750,"Near Home",,"RBT10_750.I.INZONE.4"
COMMENT,,RBT10_750,"Near Reject",,"RBT10_750.I.INZONE.5"
COMMENT,,RBT10_750,"Pins 1&3 Placed Ack",,"RBT10_750.I.PROGREQ.2"
COMMENT,,RBT10_750,"Pin 1 Placed Program Ack",,"RBT10_750.I.PROGREQ.3"
COMMENT,,RBT10_750,"Pin 3 Placed Program Ack",,"RBT10_750.I.PROGREQ.4"
COMMENT,,RBT10_750,"Pins 5&7 Placed Ack",,"RBT10_750.I.PROGREQ.5"
COMMENT,,RBT10_750,"Pin 5 Placed Program Ack",,"RBT10_750.I.PROGREQ.6"
COMMENT,,RBT10_750,"Pin 7 Placed Program Ack",,"RBT10_750.I.PROGREQ.7"
COMMENT,,RBT10_750,"Pins 9&11 Placed Ack",,"RBT10_750.I.PROGREQ.8"
COMMENT,,RBT10_750,"Pin 9 Placed Program Ack",,"RBT10_750.I.PROGREQ.9"
COMMENT,,RBT10_750,"Pin 11 Placed Program Ack",,"RBT10_750.I.PROGREQ.10"
COMMENT,,RBT10_750,"Pins 2&4 Placed Ack",,"RBT10_750.I.PROGREQ.11"
COMMENT,,RBT10_750,"Pin 2 Placed Program Ack",,"RBT10_750.I.PROGREQ.12"
COMMENT,,RBT10_750,"Pin 4 Placed Program Ack",,"RBT10_750.I.PROGREQ.13"
COMMENT,,RBT10_750,"Pins 6&8 Placed Ack",,"RBT10_750.I.PROGREQ.14"
COMMENT,,RBT10_750,"Pin 6 Placed Program Ack",,"RBT10_750.I.PROGREQ.15"
COMMENT,,RBT10_750,"Pin 8 Placed Program Ack",,"RBT10_750.I.PROGREQ.16"
COMMENT,,RBT10_750,"Pins 10&12 Placed Ack",,"RBT10_750.I.PROGREQ.17"
COMMENT,,RBT10_750,"Pin 10 Placed Program Ack",,"RBT10_750.I.PROGREQ.18"
COMMENT,,RBT10_750,"Pin 12 Placed Program Ack",,"RBT10_750.I.PROGREQ.19"
COMMENT,,RBT10_750,"Reject Ack",,"RBT10_750.I.PROGREQ.20"
COMMENT,,RBT10_750,"Robot Pin Place Appro Cyl Interlock",,"RBT10_750.I.PROGREQ.25"
COMMENT,,RBT10_750,"Pin Place Position",,"RBT10_750.I.PROGPARAM[0]"
COMMENT,,RBT10_750,"Pin Status 0=Both Good, 1=A Good, 2=B Good, 3= Both Backwards",,"RBT10_750.I.PROGPARAM[1]"
COMMENT,,RBT10_750,"Reject",,"RBT10_750.REQUEST[0]"
COMMENT,,RBT10_750,"Home",,"RBT10_750.REQUEST[1]"
COMMENT,,RBT10_750,"Abort",,"RBT10_750.REQUEST[2]"
COMMENT,,RBT10_750,"Resume",,"RBT10_750.REQUEST[3]"
COMMENT,,RBT10_750,"Pause",,"RBT10_750.REQUEST[4]"
COMMENT,,RBT10_750,"Maint",,"RBT10_750.REQUEST[5]"
COMMENT,,RBT10_750,"Pins 1&3 Placed",,"RBT10_750.MEMORY[0].2"
COMMENT,,RBT10_750,"Pin 1 Placed Rotated 180",,"RBT10_750.MEMORY[0].3"
COMMENT,,RBT10_750,"Pin 3 Placed Rotated 180",,"RBT10_750.MEMORY[0].4"
COMMENT,,RBT10_750,"Pins 5&7 Placed",,"RBT10_750.MEMORY[0].5"
COMMENT,,RBT10_750,"Pin 5 Placed Rotated 180",,"RBT10_750.MEMORY[0].6"
COMMENT,,RBT10_750,"Pin 7 Placed Rotated 180",,"RBT10_750.MEMORY[0].7"
COMMENT,,RBT10_750,"Pins 9&11 Placed",,"RBT10_750.MEMORY[0].8"
COMMENT,,RBT10_750,"Pin 9 Placed Rotated 180",,"RBT10_750.MEMORY[0].9"
COMMENT,,RBT10_750,"Pin 11 Placed Rotated 180",,"RBT10_750.MEMORY[0].10"
COMMENT,,RBT10_750,"Pins 2&4 Placed",,"RBT10_750.MEMORY[0].11"
COMMENT,,RBT10_750,"Pin 2 Placed Rotated 180",,"RBT10_750.MEMORY[0].12"
COMMENT,,RBT10_750,"Pin 4 Placed Rotated 180",,"RBT10_750.MEMORY[0].13"
COMMENT,,RBT10_750,"Pins 6&8 Placed",,"RBT10_750.MEMORY[0].14"
COMMENT,,RBT10_750,"Pin 6 Placed Rotated 180",,"RBT10_750.MEMORY[0].15"
COMMENT,,RBT10_750,"Pin 8 Placed Rotated 180",,"RBT10_750.MEMORY[0].16"
COMMENT,,RBT10_750,"Pins 10&12 Placed",,"RBT10_750.MEMORY[0].17"
COMMENT,,RBT10_750,"Pin 10 Placed Rotated 180",,"RBT10_750.MEMORY[0].18"
COMMENT,,RBT10_750,"Pin 12 Placed Rotated 180",,"RBT10_750.MEMORY[0].19"
COMMENT,,RBT10_750,"Pins Picked",,"RBT10_750.MEMORY[1].0"
COMMENT,,RBT10_750,"Pins Placed",,"RBT10_750.MEMORY[1].1"
COMMENT,,RBT10_750,"Reject Completed",,"RBT10_750.MEMORY[1].30"
COMMENT,,RBT10_750,"Pallet Present at Pin Station",,"RBT10_750.MEMORY[2].30"
TAG,,RBT10_755,"Offload Robot","udtStaubliCS9_Offload","","(Class := Standard, Constant := false, ExternalAccess := Read/Write)"
COMMENT,,RBT10_755,"Conveyor Pick Vacuum OFF",,"RBT10_755.O.CMDTOOLING.0"
COMMENT,,RBT10_755,"Conveyor Pick Vacuum ON",,"RBT10_755.O.CMDTOOLING.1"
COMMENT,,RBT10_755,"Nest Pick Vacuum OFF",,"RBT10_755.O.CMDTOOLING.2"
COMMENT,,RBT10_755,"Nest Pick Vacuum ON",,"RBT10_755.O.CMDTOOLING.3"
COMMENT,,RBT10_755,"Home",,"RBT10_755.O.OKTOENTER.0"
COMMENT,,RBT10_755,"Pick Conveyor",,"RBT10_755.O.OKTOENTER.1"
COMMENT,,RBT10_755,"Nest 1",,"RBT10_755.O.OKTOENTER.2"
COMMENT,,RBT10_755,"Nest 2",,"RBT10_755.O.OKTOENTER.3"
COMMENT,,RBT10_755,"Nest 3",,"RBT10_755.O.OKTOENTER.4"
COMMENT,,RBT10_755,"Nest 4",,"RBT10_755.O.OKTOENTER.5"
COMMENT,,RBT10_755,"Box 1",,"RBT10_755.O.OKTOENTER.6"
COMMENT,,RBT10_755,"Box 2",,"RBT10_755.O.OKTOENTER.7"
COMMENT,,RBT10_755,"Box 3",,"RBT10_755.O.OKTOENTER.8"
COMMENT,,RBT10_755,"Box 4",,"RBT10_755.O.OKTOENTER.9"
COMMENT,,RBT10_755,"Reject",,"RBT10_755.O.OKTOENTER.10"
COMMENT,,RBT10_755,"Maint",,"RBT10_755.O.OKTOENTER.11"
COMMENT,,RBT10_755,"Machine in Manual Mode",,"RBT10_755.O.MISCCMD.0"
COMMENT,,RBT10_755,"Don$'t send to Box Common from Nest (In Robot Program)",,"RBT10_755.O.MISCCMD.1"
COMMENT,,RBT10_755,"Reject",,"RBT10_755.O.MISCCMD.5"
COMMENT,,RBT10_755,"Machine in Dry Cycle",,"RBT10_755.O.MISCCMD.6"
COMMENT,,RBT10_755,"Pick Conveyor Prog Ack",,"RBT10_755.O.PROGACK.1"
COMMENT,,RBT10_755,"Place Nest 1 Prog Ack",,"RBT10_755.O.PROGACK.2"
COMMENT,,RBT10_755,"Place Nest 2 Prog Ack",,"RBT10_755.O.PROGACK.3"
COMMENT,,RBT10_755,"Place Nest 3 Prog Ack",,"RBT10_755.O.PROGACK.4"
COMMENT,,RBT10_755,"Place Nest 4 Prog Ack",,"RBT10_755.O.PROGACK.5"
COMMENT,,RBT10_755,"Pick Nest 1 Prog Ack",,"RBT10_755.O.PROGACK.6"
COMMENT,,RBT10_755,"Pick Nest 2 Prog Ack",,"RBT10_755.O.PROGACK.7"
COMMENT,,RBT10_755,"Pick Nest 3 Prog Ack",,"RBT10_755.O.PROGACK.8"
COMMENT,,RBT10_755,"Pick Nest 4 Prog Ack",,"RBT10_755.O.PROGACK.9"
COMMENT,,RBT10_755,"Enter Box 1 Prog Ack",,"RBT10_755.O.PROGACK.10"
COMMENT,,RBT10_755,"Enter Box 2 Prog Ack",,"RBT10_755.O.PROGACK.11"
COMMENT,,RBT10_755,"Enter Box 3 Prog Ack",,"RBT10_755.O.PROGACK.12"
COMMENT,,RBT10_755,"Enter Box 4 Prog Ack",,"RBT10_755.O.PROGACK.13"
COMMENT,,RBT10_755,"Enter Reject Prog Ack",,"RBT10_755.O.PROGACK.14"
COMMENT,,RBT10_755,"Reject Prog Ack",,"RBT10_755.O.PROGACK.30"
COMMENT,,RBT10_755,"Part Type 1=4$Q, 2=4.5$Q, 3=6$Q, 4=6.5$Q",,"RBT10_755.O.PROGPARAM[0]"
COMMENT,,RBT10_755,"Nest 1 Position 1-3",,"RBT10_755.O.PROGPARAM[1]"
COMMENT,,RBT10_755,"Nest 2 Position 1-3",,"RBT10_755.O.PROGPARAM[2]"
COMMENT,,RBT10_755,"Nest 3 Position 1-3",,"RBT10_755.O.PROGPARAM[3]"
COMMENT,,RBT10_755,"Nest 4 Position 1-3",,"RBT10_755.O.PROGPARAM[4]"
COMMENT,,RBT10_755,"Box 3 Layer Position 1-3",,"RBT10_755.O.PROGPARAM[5]"
COMMENT,,RBT10_755,"Box 3 Layer 1-12",,"RBT10_755.O.PROGPARAM[6]"
COMMENT,,RBT10_755,"Box 4 Layer Position 1-3",,"RBT10_755.O.PROGPARAM[7]"
COMMENT,,RBT10_755,"Box 4 Layer 1-12",,"RBT10_755.O.PROGPARAM[8]"
COMMENT,,RBT10_755,"Mold 2 Part Type 1=4$Q, 2=4.5$Q, 3=6$Q, 4=6.5$Q",,"RBT10_755.O.PROGPARAM[9]"
COMMENT,,RBT10_755,"1 = Mold 1 Part Present$N2 = Mold 2 Part Present",,"RBT10_755.O.PROGPARAM[10]"
COMMENT,,RBT10_755,"Module Type on Pallet  0= Interior, 1= $QA$Q, 2= $QB$Q",,"RBT10_755.O.PROGPARAM[14]"
COMMENT,,RBT10_755,"1=A or 2=B part type",,"RBT10_755.O.PROGPARAM[15]"
COMMENT,,RBT10_755,"Home",,"RBT10_755.I.ZONEREQ.0"
COMMENT,,RBT10_755,"Pick Conveyor",,"RBT10_755.I.ZONEREQ.1"
COMMENT,,RBT10_755,"Nest 1",,"RBT10_755.I.ZONEREQ.2"
COMMENT,,RBT10_755,"Nest 2",,"RBT10_755.I.ZONEREQ.3"
COMMENT,,RBT10_755,"Nest 3",,"RBT10_755.I.ZONEREQ.4"
COMMENT,,RBT10_755,"Nest 4",,"RBT10_755.I.ZONEREQ.5"
COMMENT,,RBT10_755,"Box 1",,"RBT10_755.I.ZONEREQ.6"
COMMENT,,RBT10_755,"Box 2",,"RBT10_755.I.ZONEREQ.7"
COMMENT,,RBT10_755,"Box 3",,"RBT10_755.I.ZONEREQ.8"
COMMENT,,RBT10_755,"Box 4",,"RBT10_755.I.ZONEREQ.9"
COMMENT,,RBT10_755,"Reject",,"RBT10_755.I.ZONEREQ.10"
COMMENT,,RBT10_755,"Reject Box$N(In between conveyors)",,"RBT10_755.I.ZONEREQ.11"
COMMENT,,RBT10_755,"Above Box 1",,"RBT10_755.I.ZONEREQ.12"
COMMENT,,RBT10_755,"Above Box 2",,"RBT10_755.I.ZONEREQ.13"
COMMENT,,RBT10_755,"Above Box 3",,"RBT10_755.I.ZONEREQ.14"
COMMENT,,RBT10_755,"Above Box 4",,"RBT10_755.I.ZONEREQ.15"
COMMENT,,RBT10_755,"Home",,"RBT10_755.I.INZONE.0"
COMMENT,,RBT10_755,"Conveyor",,"RBT10_755.I.INZONE.1"
COMMENT,,RBT10_755,"Nest 1",,"RBT10_755.I.INZONE.2"
COMMENT,,RBT10_755,"Nest 2",,"RBT10_755.I.INZONE.3"
COMMENT,,RBT10_755,"Nest 3",,"RBT10_755.I.INZONE.4"
COMMENT,,RBT10_755,"Nest 4",,"RBT10_755.I.INZONE.5"
COMMENT,,RBT10_755,"Box 1 (Near or In)",,"RBT10_755.I.INZONE.6"
COMMENT,,RBT10_755,"Box 2 (Near or In)",,"RBT10_755.I.INZONE.7"
COMMENT,,RBT10_755,"Box 3 (Near or In)",,"RBT10_755.I.INZONE.8"
COMMENT,,RBT10_755,"Box 4 (Near or In)",,"RBT10_755.I.INZONE.9"
COMMENT,,RBT10_755,"Reject",,"RBT10_755.I.INZONE.10"
COMMENT,,RBT10_755,"Reject Box",,"RBT10_755.I.INZONE.11"
COMMENT,,RBT10_755,"Above Box 1",,"RBT10_755.I.INZONE.12"
COMMENT,,RBT10_755,"Above Box 2",,"RBT10_755.I.INZONE.13"
COMMENT,,RBT10_755,"Above Box 3",,"RBT10_755.I.INZONE.14"
COMMENT,,RBT10_755,"Above Box 4",,"RBT10_755.I.INZONE.15"
COMMENT,,RBT10_755,"Pick Conveyor Prog Handshake",,"RBT10_755.I.PROGREQ.1"
COMMENT,,RBT10_755,"Place Nest 1 Prog Handshake",,"RBT10_755.I.PROGREQ.2"
COMMENT,,RBT10_755,"Place Nest 2 Prog Handshake",,"RBT10_755.I.PROGREQ.3"
COMMENT,,RBT10_755,"Place Nest 3 Prog Handshake",,"RBT10_755.I.PROGREQ.4"
COMMENT,,RBT10_755,"Place Nest 4 Prog Handshake",,"RBT10_755.I.PROGREQ.5"
COMMENT,,RBT10_755,"Pick Nest 1 Prog Handshake",,"RBT10_755.I.PROGREQ.6"
COMMENT,,RBT10_755,"Pick Nest 2 Prog Handshake",,"RBT10_755.I.PROGREQ.7"
COMMENT,,RBT10_755,"Pick Nest 3 Prog Handshake",,"RBT10_755.I.PROGREQ.8"
COMMENT,,RBT10_755,"Pick Nest 4 Prog Handshake",,"RBT10_755.I.PROGREQ.9"
COMMENT,,RBT10_755,"Enter Box 1 Prog Handshake",,"RBT10_755.I.PROGREQ.10"
COMMENT,,RBT10_755,"Enter Box 2 Prog Handshake",,"RBT10_755.I.PROGREQ.11"
COMMENT,,RBT10_755,"Enter Box 3 Prog Handshake",,"RBT10_755.I.PROGREQ.12"
COMMENT,,RBT10_755,"Enter Box 4 Prog Handshake",,"RBT10_755.I.PROGREQ.13"
COMMENT,,RBT10_755,"Enter Reject Program Handshake",,"RBT10_755.I.PROGREQ.14"
COMMENT,,RBT10_755,"Reject Prog Handshake",,"RBT10_755.I.PROGREQ.30"
COMMENT,,RBT10_755,"Mold 1 Part Type",,"RBT10_755.I.PROGPARAM[0]"
COMMENT,,RBT10_755,"Box 1 Layer Position",,"RBT10_755.I.PROGPARAM[1]"
COMMENT,,RBT10_755,"Box 1 Layer",,"RBT10_755.I.PROGPARAM[2]"
COMMENT,,RBT10_755,"Box 2 Layer Position",,"RBT10_755.I.PROGPARAM[3]"
COMMENT,,RBT10_755,"Box 2 Layer",,"RBT10_755.I.PROGPARAM[4]"
COMMENT,,RBT10_755,"Box 3 Layer Position",,"RBT10_755.I.PROGPARAM[5]"
COMMENT,,RBT10_755,"Box 3 Layer",,"RBT10_755.I.PROGPARAM[6]"
COMMENT,,RBT10_755,"Box 4 Layer Position",,"RBT10_755.I.PROGPARAM[7]"
COMMENT,,RBT10_755,"Box 4 Layer",,"RBT10_755.I.PROGPARAM[8]"
COMMENT,,RBT10_755,"Mold 2 Part Type",,"RBT10_755.I.PROGPARAM[9]"
COMMENT,,RBT10_755,"Nest 1 Position",,"RBT10_755.I.PROGPARAM[10]"
COMMENT,,RBT10_755,"Nest 2 Position",,"RBT10_755.I.PROGPARAM[11]"
COMMENT,,RBT10_755,"Nest 3 Position",,"RBT10_755.I.PROGPARAM[12]"
COMMENT,,RBT10_755,"Nest 4 Position",,"RBT10_755.I.PROGPARAM[13]"
COMMENT,,RBT10_755,"Module on Pallet",,"RBT10_755.I.PROGPARAM[14]"
COMMENT,,RBT10_755,"Testing System",,"RBT10_755.ONESHOT.27"
COMMENT,,RBT10_755,"Module Picked from Conveyor",,"RBT10_755.MEMORY[0].1"
COMMENT,,RBT10_755,"Robot Has Module OK to Place on Nest",,"RBT10_755.MEMORY[0].2"
COMMENT,,RBT10_755,"Modules Placed in Box 1",,"RBT10_755.MEMORY[0].5"
COMMENT,,RBT10_755,"Modules Placed in Box 2",,"RBT10_755.MEMORY[0].6"
COMMENT,,RBT10_755,"Modules Placed in Box 3",,"RBT10_755.MEMORY[0].7"
COMMENT,,RBT10_755,"Modules Placed in Box 4",,"RBT10_755.MEMORY[0].8"
COMMENT,,RBT10_755,"Nest 1 Full",,"RBT10_755.MEMORY[0].10"
COMMENT,,RBT10_755,"Nest 2 Full",,"RBT10_755.MEMORY[0].11"
COMMENT,,RBT10_755,"Nest 3 Full",,"RBT10_755.MEMORY[0].12"
COMMENT,,RBT10_755,"Nest 4 Full",,"RBT10_755.MEMORY[0].13"
COMMENT,,RBT10_755,"Box 1 Full",,"RBT10_755.MEMORY[0].15"
COMMENT,,RBT10_755,"Box 2 Full",,"RBT10_755.MEMORY[0].16"
COMMENT,,RBT10_755,"Box 3 Full",,"RBT10_755.MEMORY[0].17"
COMMENT,,RBT10_755,"Box 4 Full",,"RBT10_755.MEMORY[0].18"
COMMENT,,RBT10_755,"Module Placed on Nest 1",,"RBT10_755.MEMORY[0].20"
COMMENT,,RBT10_755,"Module Placed on Nest 2",,"RBT10_755.MEMORY[0].21"
COMMENT,,RBT10_755,"Module Placed on Nest 3",,"RBT10_755.MEMORY[0].22"
COMMENT,,RBT10_755,"Module Placed on Nest 4",,"RBT10_755.MEMORY[0].23"
COMMENT,,RBT10_755,"Modules Picked from Nest 1",,"RBT10_755.MEMORY[0].24"
COMMENT,,RBT10_755,"Modules Picked from Nest 2",,"RBT10_755.MEMORY[0].25"
COMMENT,,RBT10_755,"Modules Picked from Nest 3",,"RBT10_755.MEMORY[0].26"
COMMENT,,RBT10_755,"Modules Picked from Nest 4",,"RBT10_755.MEMORY[0].27"
COMMENT,,RBT10_755,"Reject from Conveyor",,"RBT10_755.MEMORY[1].0"
COMMENT,,RBT10_755,"Reject from Nest",,"RBT10_755.MEMORY[1].1"
COMMENT,,RBT10_755,"Magnemotion Clear for Mold 1",,"RBT10_755.MEMORY[1].14"
COMMENT,,RBT10_755,"Magnemotion Clear for Mold 2",,"RBT10_755.MEMORY[1].15"
COMMENT,,RBT10_755,"Tool Vacuum All EMPTY",,"RBT10_755.MEMORY[2].3"
COMMENT,,RBT10_755,"Nest 1 Empty",,"RBT10_755.MEMORY[2].10"
COMMENT,,RBT10_755,"Nest 2 Empty",,"RBT10_755.MEMORY[2].11"
COMMENT,,RBT10_755,"Nest 3 Empty",,"RBT10_755.MEMORY[2].12"
COMMENT,,RBT10_755,"Nest 4 Empty",,"RBT10_755.MEMORY[2].13"
COMMENT,,RBT10_755,"Run Empty Clear Nest 1 Command",,"RBT10_755.MEMORY[2].14"
COMMENT,,RBT10_755,"Run Empty Clear Nest 2 Command",,"RBT10_755.MEMORY[2].15"
COMMENT,,RBT10_755,"Run Empty Clear Nest 3 Command",,"RBT10_755.MEMORY[2].16"
COMMENT,,RBT10_755,"Run Empty Clear Nest 4 Command",,"RBT10_755.MEMORY[2].17"
COMMENT,,RBT10_755,"Run Empty OK to Release Box 1",,"RBT10_755.MEMORY[2].18"
COMMENT,,RBT10_755,"Run Empty OK to Release Box 2",,"RBT10_755.MEMORY[2].19"
COMMENT,,RBT10_755,"Run Empty OK to Release Box 3",,"RBT10_755.MEMORY[2].20"
COMMENT,,RBT10_755,"Run Empty OK to Release Box 4",,"RBT10_755.MEMORY[2].21"
COMMENT,,RBT10_755,"All Zone 2 clear for run empty",,"RBT10_755.MEMORY[2].22"
COMMENT,,RBT10_755,"All Zone 3 clear for run empty",,"RBT10_755.MEMORY[2].23"
COMMENT,,RBT10_755,"Pallet Present at Offload Position",,"RBT10_755.MEMORY[2].30"
TAG,,RBT10_760,"Mold 1 Robot","udtStaubliCS8","","(Class := Standard, Constant := false, ExternalAccess := Read/Write)"
COMMENT,,RBT10_760,"Mold Enter Ack",,"RBT10_760.O.PROGACK.0"
COMMENT,,RBT10_760,"Mold Module Pickup",,"RBT10_760.O.PROGACK.1"
COMMENT,,RBT10_760,"DeGate Enter Ack",,"RBT10_760.O.PROGACK.2"
COMMENT,,RBT10_760,"DeGate Modules",,"RBT10_760.O.PROGACK.3"
COMMENT,,RBT10_760,"DeGate Enter Ack",,"RBT10_760.O.PROGACK.4"
COMMENT,,RBT10_760,"DeGate Runners",,"RBT10_760.O.PROGACK.5"
COMMENT,,RBT10_760,"Flip Rack Enter Ack",,"RBT10_760.O.PROGACK.6"
COMMENT,,RBT10_760,"Flip Rack Module Place 1",,"RBT10_760.O.PROGACK.7"
COMMENT,,RBT10_760,"Flip Rack Module Place 2",,"RBT10_760.O.PROGACK.8"
COMMENT,,RBT10_760,"Flip Rack Module Place 3",,"RBT10_760.O.PROGACK.9"
COMMENT,,RBT10_760,"Flip Rack Module Place 4",,"RBT10_760.O.PROGACK.10"
COMMENT,,RBT10_760,"Flip Rack Module Pick 1",,"RBT10_760.O.PROGACK.11"
COMMENT,,RBT10_760,"Flip Rack Module Pick 2",,"RBT10_760.O.PROGACK.12"
COMMENT,,RBT10_760,"Flip Rack Module Pick 3",,"RBT10_760.O.PROGACK.13"
COMMENT,,RBT10_760,"Flip Rack Module Pick 4",,"RBT10_760.O.PROGACK.14"
COMMENT,,RBT10_760,"Conveyor Entry Ack",,"RBT10_760.O.PROGACK.15"
COMMENT,,RBT10_760,"Conveyor Place 1",,"RBT10_760.O.PROGACK.16"
COMMENT,,RBT10_760,"Conveyor Place 2",,"RBT10_760.O.PROGACK.17"
COMMENT,,RBT10_760,"Conveyor Place 3",,"RBT10_760.O.PROGACK.18"
COMMENT,,RBT10_760,"Conveyor Place 4",,"RBT10_760.O.PROGACK.19"
COMMENT,,RBT10_760,"OK TO ENTER DEGATE CHUTE, FROM DEGATE",,"RBT10_760.O.PROGACK.20"
COMMENT,,RBT10_760,"OK TO PICK FLIP RACK",,"RBT10_760.O.PROGACK.21"
COMMENT,,RBT10_760,"OK to Enter Reject",,"RBT10_760.O.PROGACK.22"
COMMENT,,RBT10_760,"Robot OK to be done @ Reject",,"RBT10_760.O.PROGACK.23"
COMMENT,,RBT10_760,"Mold Close signal to Robot",,"RBT10_760.O.PROGACK.24"
COMMENT,,RBT10_760,"Part Present Signal to Robot",,"RBT10_760.O.PROGACK.25"
COMMENT,,RBT10_760,"Pick Only, Run Empty",,"RBT10_760.O.PROGACK.26"
COMMENT,,RBT10_760,"Robot @ Home",,"RBT10_760.O.PROGACK.27"
COMMENT,,RBT10_760,"Robot @ Mold Entry",,"RBT10_760.O.PROGACK.28"
COMMENT,,RBT10_760,"OK TO PLACE FLIPRACK (from DeGate Chute)",,"RBT10_760.O.PROGACK.29"
COMMENT,,RBT10_760,"Valplast - Start Cycle",,"RBT10_760.O.VALPLAST.0"
COMMENT,,RBT10_760,"Valplast - Stop Cycle",,"RBT10_760.O.VALPLAST.1"
COMMENT,,RBT10_760,"Valplast - Pause Cycle",,"RBT10_760.O.VALPLAST.2"
COMMENT,,RBT10_760,"Valplast - Resume Cycle",,"RBT10_760.O.VALPLAST.3"
COMMENT,,RBT10_760,"Valplast - Abort Cycle",,"RBT10_760.O.VALPLAST.4"
COMMENT,,RBT10_760,"Auto Mode",,"RBT10_760.I.STATUS.INREMOTE"
COMMENT,,RBT10_760,"Robot Not Moving - Has nothing to do with robot Programs",,"RBT10_760.I.STATUS.ROBOTIDLE"
COMMENT,,RBT10_760,"Hold Button on Pendant",,"RBT10_760.I.STATUS.ROBOTINHOLD"
COMMENT,,RBT10_760,"Cycle Running",,"RBT10_760.I.STATUS.BUSY"
COMMENT,,RBT10_760,"Pendant E-Stop",,"RBT10_760.I.STATUS.ESTOPMCP"
COMMENT,,RBT10_760,"E-Stop by Mode Selector Switch",,"RBT10_760.I.STATUS.ESTOPWMS"
COMMENT,,RBT10_760,"Pendant Parked in Bracket",,"RBT10_760.I.STATUS.PARK"
COMMENT,,RBT10_760,"High Power",,"RBT10_760.I.STATUS.POWER"
COMMENT,,RBT10_760,"Robot @ Home",,"RBT10_760.I.ERRORCODE.4"
COMMENT,,RBT10_760,"Robot @ Home",,"RBT10_760.I.INZONE.0"
COMMENT,,RBT10_760,"Robot @ Mold Entry",,"RBT10_760.I.INZONE.1"
COMMENT,,RBT10_760,"Robot @ Cooling Rack",,"RBT10_760.I.INZONE.2"
COMMENT,,RBT10_760,"Mold Enter Req",,"RBT10_760.I.PROGREQ.0"
COMMENT,,RBT10_760,"At Mold Part Pickup",,"RBT10_760.I.PROGREQ.1"
COMMENT,,RBT10_760,"DeGate Enter Req",,"RBT10_760.I.PROGREQ.2"
COMMENT,,RBT10_760,"Degate Modules",,"RBT10_760.I.PROGREQ.3"
COMMENT,,RBT10_760,"DeGate Chute Enter Req",,"RBT10_760.I.PROGREQ.4"
COMMENT,,RBT10_760,"Robot @ DeGate Chute, Release Runners",,"RBT10_760.I.PROGREQ.5"
COMMENT,,RBT10_760,"Flip Rack Enter Req",,"RBT10_760.I.PROGREQ.6"
COMMENT,,RBT10_760,"Flip Rack Module Place",,"RBT10_760.I.PROGREQ.8"
COMMENT,,RBT10_760,"Flip Rack Place 1",,"RBT10_760.I.PROGREQ.9"
COMMENT,,RBT10_760,"Flip Rack Place 2",,"RBT10_760.I.PROGREQ.10"
COMMENT,,RBT10_760,"Flip Rack Pick Module 1",,"RBT10_760.I.PROGREQ.11"
COMMENT,,RBT10_760,"Flip Rack Pick Module 2",,"RBT10_760.I.PROGREQ.12"
COMMENT,,RBT10_760,"Flip Rack Pick Module 3",,"RBT10_760.I.PROGREQ.13"
COMMENT,,RBT10_760,"Flip Rack Pick Module 4",,"RBT10_760.I.PROGREQ.14"
COMMENT,,RBT10_760,"Conveyor Entry Req",,"RBT10_760.I.PROGREQ.15"
COMMENT,,RBT10_760,"Conveyor Place 1",,"RBT10_760.I.PROGREQ.16"
COMMENT,,RBT10_760,"Conveyor Place 2",,"RBT10_760.I.PROGREQ.17"
COMMENT,,RBT10_760,"Conveyor Place 3",,"RBT10_760.I.PROGREQ.18"
COMMENT,,RBT10_760,"Conveyor Place 4",,"RBT10_760.I.PROGREQ.19"
COMMENT,,RBT10_760,"FBOUT024",,"RBT10_760.I.PROGREQ.20"
COMMENT,,RBT10_760,"FBOUT025",,"RBT10_760.I.PROGREQ.21"
COMMENT,,RBT10_760,"Reject Enter Request",,"RBT10_760.I.PROGREQ.22"
COMMENT,,RBT10_760,"Robot @ QC Chute",,"RBT10_760.I.PROGREQ.23"
COMMENT,,RBT10_760,"In Mold Entry Zone",,"RBT10_760.I.PROGREQ.24"
COMMENT,,RBT10_760,"Robot @ Conveyor",,"RBT10_760.I.PROGREQ.26"
COMMENT,,RBT10_760,"FBOUT033",,"RBT10_760.I.PROGREQ.27"
COMMENT,,RBT10_760,"FBOUT034",,"RBT10_760.I.PROGREQ.28"
COMMENT,,RBT10_760,"FBOUT035",,"RBT10_760.I.PROGREQ.29"
COMMENT,,RBT10_760,"FBOUT036",,"RBT10_760.I.PROGREQ.30"
COMMENT,,RBT10_760,"FBOUT037",,"RBT10_760.I.PROGREQ.31"
COMMENT,,RBT10_760,"Cycle Running",,"RBT10_760.I.VALPLAST.0"
COMMENT,,RBT10_760,"Cycle Paused",,"RBT10_760.I.VALPLAST.1"
COMMENT,,RBT10_760,"Life Bit EuroMap",,"RBT10_760.I.EUROMAP[0].0"
COMMENT,,RBT10_760,"mbIn - Reject",,"RBT10_760.I.EUROMAP[0].1"
COMMENT,,RBT10_760,"mbIn - Mold Closed",,"RBT10_760.I.EUROMAP[0].2"
COMMENT,,RBT10_760,"mbIn - Mold Open",,"RBT10_760.I.EUROMAP[0].3"
COMMENT,,RBT10_760,"mbIn - Mold Median",,"RBT10_760.I.EUROMAP[0].4"
COMMENT,,RBT10_760,"mbIn - In Auto Mode",,"RBT10_760.I.EUROMAP[0].5"
COMMENT,,RBT10_760,"mbIn - Ejector Backward",,"RBT10_760.I.EUROMAP[0].6"
COMMENT,,RBT10_760,"mbIn - Ejector Forward",,"RBT10_760.I.EUROMAP[0].7"
COMMENT,,RBT10_760,"mbIn - Core 2 Position 1",,"RBT10_760.I.EUROMAP[1].0"
COMMENT,,RBT10_760,"mbIn - Core 2 Position 2",,"RBT10_760.I.EUROMAP[1].1"
COMMENT,,RBT10_760,"mbIn - Core 1 Position 1",,"RBT10_760.I.EUROMAP[1].2"
COMMENT,,RBT10_760,"mbIn - Core 1 Position 2",,"RBT10_760.I.EUROMAP[1].3"
COMMENT,,RBT10_760,"mbOut - Core 2 Position 2",,"RBT10_760.I.EUROMAP[1].5"
COMMENT,,RBT10_760,"mbOut - Core 2 Position 1",,"RBT10_760.I.EUROMAP[1].6"
COMMENT,,RBT10_760,"mbOut - Core 1 Position 2",,"RBT10_760.I.EUROMAP[1].7"
COMMENT,,RBT10_760,"mbOut - Core 1 Position 1",,"RBT10_760.I.EUROMAP[2].0"
COMMENT,,RBT10_760,"mbOut - Ejector FWD Enable",,"RBT10_760.I.EUROMAP[2].1"
COMMENT,,RBT10_760,"mbOut - Ejector BWD Enable",,"RBT10_760.I.EUROMAP[2].2"
COMMENT,,RBT10_760,"mbOut - Mold Free",,"RBT10_760.I.EUROMAP[2].5"
COMMENT,,RBT10_760,"mbOut - Open Mold",,"RBT10_760.I.EUROMAP[2].6"
COMMENT,,RBT10_760,"mbOut - Close Mold",,"RBT10_760.I.EUROMAP[2].7"
COMMENT,,RBT10_760,"mbOut - Mode",,"RBT10_760.I.EUROMAP[3].0"
COMMENT,,RBT10_760,"Modbus Part Present",,"RBT10_760.I.EUROMAP[3].1"
COMMENT,,RBT10_760,"Reject Request",,"RBT10_760.REQUEST[0]"
COMMENT,,RBT10_760,"Home Request",,"RBT10_760.REQUEST[1]"
COMMENT,,RBT10_760,"Abort Request",,"RBT10_760.REQUEST[2]"
COMMENT,,RBT10_760,"Start Request",,"RBT10_760.REQUEST[3]"
COMMENT,,RBT10_760,"Stop Request",,"RBT10_760.REQUEST[4]"
COMMENT,,RBT10_760,"Resume Request",,"RBT10_760.REQUEST[5]"
COMMENT,,RBT10_760,"Pause Request",,"RBT10_760.REQUEST[6]"
COMMENT,,RBT10_760,"Purge Mold Request",,"RBT10_760.REQUEST[7]"
COMMENT,,RBT10_760,"QC at Mold",,"RBT10_760.REQUEST[8]"
COMMENT,,RBT10_760,"QC after DeGate",,"RBT10_760.REQUEST[9]"
COMMENT,,RBT10_760,"QC after Assembly",,"RBT10_760.REQUEST[10]"
COMMENT,,RBT10_760,"Startup Parts Request",,"RBT10_760.REQUEST[11]"
COMMENT,,RBT10_760,"Maint Request",,"RBT10_760.REQUEST[12]"
COMMENT,,RBT10_760,"Robot in Mold",,"RBT10_760.MEMORY[0].0"
COMMENT,,RBT10_760,"Modules Picked from Mold",,"RBT10_760.MEMORY[0].1"
COMMENT,,RBT10_760,"Mold Clear of Parts -RunEmpty",,"RBT10_760.MEMORY[0].3"
COMMENT,,RBT10_760,"Robot in DeGate Area",,"RBT10_760.MEMORY[0].6"
COMMENT,,RBT10_760,"Robot @ DeGate",,"RBT10_760.MEMORY[0].7"
COMMENT,,RBT10_760,"DeGate IAI$'s in Positon",,"RBT10_760.MEMORY[0].8"
COMMENT,,RBT10_760,"Modules DeGated",,"RBT10_760.MEMORY[0].9"
COMMENT,,RBT10_760,"DeGate Complete",,"RBT10_760.MEMORY[0].10"
COMMENT,,RBT10_760,"Robot in Regrind Chute Area",,"RBT10_760.MEMORY[0].13"
COMMENT,,RBT10_760,"Regrind Chute Complete",,"RBT10_760.MEMORY[0].14"
COMMENT,,RBT10_760,"Assembly QC Picking from Mold",,"RBT10_760.MEMORY[0].19"
COMMENT,,RBT10_760,"Robot in Cooling Rack Area",,"RBT10_760.MEMORY[0].20"
COMMENT,,RBT10_760,"Robot Placed Cooling Rack 2",,"RBT10_760.MEMORY[0].22"
COMMENT,,RBT10_760,"Robot Picked Cooling Rack 2",,"RBT10_760.MEMORY[0].26"
COMMENT,,RBT10_760,"Robot in Conveyor Area",,"RBT10_760.MEMORY[1].0"
COMMENT,,RBT10_760,"Conveyor Place 1 Complete",,"RBT10_760.MEMORY[1].1"
COMMENT,,RBT10_760,"Conveyor Place 2 Complete",,"RBT10_760.MEMORY[1].2"
COMMENT,,RBT10_760,"Conveyor Place 3 Complete",,"RBT10_760.MEMORY[1].3"
COMMENT,,RBT10_760,"Conveyor Place 4 Complete",,"RBT10_760.MEMORY[1].4"
COMMENT,,RBT10_760,"Conveyor Place Complete",,"RBT10_760.MEMORY[1].5"
COMMENT,,RBT10_760,"Robot Close Mold Signal",,"RBT10_760.MEMORY[1].10"
COMMENT,,RBT10_760,"Parts Present in Mold",,"RBT10_760.MEMORY[1].11"
COMMENT,,RBT10_760,"Mold 1 Clear of parts",,"RBT10_760.MEMORY[1].13"
COMMENT,,RBT10_760,"Modules Picked from Mold",,"RBT10_760.MEMORY[1].14"
COMMENT,,RBT10_760,"Robot Has Runner",,"RBT10_760.MEMORY[1].16"
COMMENT,,RBT10_760,"Robot Has Conveyor Parts",,"RBT10_760.MEMORY[1].17"
COMMENT,,RBT10_760,"Reject Initiated",,"RBT10_760.MEMORY[1].18"
COMMENT,,RBT10_760,"Cooling Rack 1 QC Assy",,"RBT10_760.MEMORY[1].25"
COMMENT,,RBT10_760,"Cooling Rack 2 QC Assy",,"RBT10_760.MEMORY[1].26"
COMMENT,,RBT10_760,"Cooling Rack 3 QC Assy",,"RBT10_760.MEMORY[1].27"
COMMENT,,RBT10_760,"Assy QC on Robot",,"RBT10_760.MEMORY[1].29"
COMMENT,,RBT10_760,"Tool Grippers All HOME",,"RBT10_760.MEMORY[2].0"
COMMENT,,RBT10_760,"Tool Grippers All WORK",,"RBT10_760.MEMORY[2].1"
COMMENT,,RBT10_760,"Robot In Mold Area Too Long",,"RBT10_760.MEMORY[2].14"
COMMENT,,RBT10_760,"Robot Recovery Close Mold Issue",,"RBT10_760.MEMORY[2].15"
COMMENT,,RBT10_760,"Grip All Modules (Recovery)",,"RBT10_760.MEMORY[2].16"
COMMENT,,RBT10_760,"Robot Clear Tool",,"RBT10_760.MEMORY[2].17"
COMMENT,,RBT10_760,"Reject Robot Parts $N(Box Outfeed conveyor & Press area is full)",,"RBT10_760.MEMORY[2].18"
COMMENT,,RBT10_760,"Startup Parts Reject Signal",,"RBT10_760.MEMORY[2].20"
COMMENT,,RBT10_760,"Modules in Mold too Long, reject",,"RBT10_760.MEMORY[2].21"
COMMENT,,RBT10_760,"Modules On Robot Tooling too Long, reject",,"RBT10_760.MEMORY[2].22"
COMMENT,,RBT10_760,"Pallet Present at Mold Place Position",,"RBT10_760.MEMORY[2].30"
COMMENT,,RBT10_760,"Call To Pick Axles",,"RBT10_760.PROGRAM_CALLS.0"
COMMENT,,RBT10_760,"Call To Mold",,"RBT10_760.PROGRAM_CALLS.1"
COMMENT,,RBT10_760,"Call To Conveyor",,"RBT10_760.PROGRAM_CALLS.2"
TAG,,RBT10_765,"Mold 2 Robot","udtStaubliCS8","","(Class := Standard, Constant := false, ExternalAccess := Read/Write)"
COMMENT,,RBT10_765,"Mold Enter Ack",,"RBT10_765.O.PROGACK.0"
COMMENT,,RBT10_765,"Mold Module Pickup",,"RBT10_765.O.PROGACK.1"
COMMENT,,RBT10_765,"DeGate Enter Ack",,"RBT10_765.O.PROGACK.2"
COMMENT,,RBT10_765,"DeGate Modules",,"RBT10_765.O.PROGACK.3"
COMMENT,,RBT10_765,"DeGate Chute Enter Ack",,"RBT10_765.O.PROGACK.4"
COMMENT,,RBT10_765,"DeGate Runners",,"RBT10_765.O.PROGACK.5"
COMMENT,,RBT10_765,"Flip Rack Enter Ack",,"RBT10_765.O.PROGACK.6"
COMMENT,,RBT10_765,"Flip Rack Module Place 1",,"RBT10_765.O.PROGACK.7"
COMMENT,,RBT10_765,"Flip Rack Module Place 2",,"RBT10_765.O.PROGACK.8"
COMMENT,,RBT10_765,"Flip Rack Module Place 3",,"RBT10_765.O.PROGACK.9"
COMMENT,,RBT10_765,"Flip Rack Module Place 4",,"RBT10_765.O.PROGACK.10"
COMMENT,,RBT10_765,"Flip Rack Module Pick 1",,"RBT10_765.O.PROGACK.11"
COMMENT,,RBT10_765,"Flip Rack Module Pick 2",,"RBT10_765.O.PROGACK.12"
COMMENT,,RBT10_765,"Flip Rack Module Pick 3",,"RBT10_765.O.PROGACK.13"
COMMENT,,RBT10_765,"Flip Rack Module Pick 4",,"RBT10_765.O.PROGACK.14"
COMMENT,,RBT10_765,"Conveyor Entry Ack",,"RBT10_765.O.PROGACK.15"
COMMENT,,RBT10_765,"Conveyor Place 1",,"RBT10_765.O.PROGACK.16"
COMMENT,,RBT10_765,"Conveyor Place 2",,"RBT10_765.O.PROGACK.17"
COMMENT,,RBT10_765,"Conveyor Place 3",,"RBT10_765.O.PROGACK.18"
COMMENT,,RBT10_765,"Conveyor Place 4",,"RBT10_765.O.PROGACK.19"
COMMENT,,RBT10_765,"OK TO ENTER DEGATE CHUTE, FROM DEGATE",,"RBT10_765.O.PROGACK.20"
COMMENT,,RBT10_765,"OK TO PICK FLIP RACK",,"RBT10_765.O.PROGACK.21"
COMMENT,,RBT10_765,"OK to Enter Reject",,"RBT10_765.O.PROGACK.22"
COMMENT,,RBT10_765,"Robot OK to be done @ Reject",,"RBT10_765.O.PROGACK.23"
COMMENT,,RBT10_765,"Mold Close signal to Robot",,"RBT10_765.O.PROGACK.24"
COMMENT,,RBT10_765,"Part Present Signal to Robot",,"RBT10_765.O.PROGACK.25"
COMMENT,,RBT10_765,"Pick Only, Run Empty",,"RBT10_765.O.PROGACK.26"
COMMENT,,RBT10_765,"Robot @ Home",,"RBT10_765.O.PROGACK.27"
COMMENT,,RBT10_765,"Robot @ Mold Entry",,"RBT10_765.O.PROGACK.28"
COMMENT,,RBT10_765,"OK TO PLACE FLIP RACK (from DeGate Chute)",,"RBT10_765.O.PROGACK.29"
COMMENT,,RBT10_765,"Valplast - Start Cycle",,"RBT10_765.O.VALPLAST.0"
COMMENT,,RBT10_765,"Valplast - Stop Cycle",,"RBT10_765.O.VALPLAST.1"
COMMENT,,RBT10_765,"Valplast - Pause Cycle",,"RBT10_765.O.VALPLAST.2"
COMMENT,,RBT10_765,"Valplast - Resume Cycle",,"RBT10_765.O.VALPLAST.3"
COMMENT,,RBT10_765,"Valplast - Abort Cycle",,"RBT10_765.O.VALPLAST.4"
COMMENT,,RBT10_765,"Auto Mode",,"RBT10_765.I.STATUS.INREMOTE"
COMMENT,,RBT10_765,"Robot Not Moving - Has nothing to do with robot Programs",,"RBT10_765.I.STATUS.ROBOTIDLE"
COMMENT,,RBT10_765,"Hold Button on Pendant",,"RBT10_765.I.STATUS.ROBOTINHOLD"
COMMENT,,RBT10_765,"Cycle Running",,"RBT10_765.I.STATUS.BUSY"
COMMENT,,RBT10_765,"Pendant E-Stop",,"RBT10_765.I.STATUS.ESTOPMCP"
COMMENT,,RBT10_765,"E-Stop by Mode Selector Switch",,"RBT10_765.I.STATUS.ESTOPWMS"
COMMENT,,RBT10_765,"Pendant Parked in Bracket",,"RBT10_765.I.STATUS.PARK"
COMMENT,,RBT10_765,"High Power",,"RBT10_765.I.STATUS.POWER"
COMMENT,,RBT10_765,"Robot @ Home",,"RBT10_765.I.ERRORCODE.4"
COMMENT,,RBT10_765,"Robot @ Home",,"RBT10_765.I.INZONE.0"
COMMENT,,RBT10_765,"Robot @ Mold Entry",,"RBT10_765.I.INZONE.1"
COMMENT,,RBT10_765,"Robot @ Cool Rack Pick 1,2,3",,"RBT10_765.I.INZONE.2"
COMMENT,,RBT10_765,"Robot @ Cool Rack Place 1,2,3",,"RBT10_765.I.INZONE.3"
COMMENT,,RBT10_765,"Mold Enter Req",,"RBT10_765.I.PROGREQ.0"
COMMENT,,RBT10_765,"At Mold Part Pickup",,"RBT10_765.I.PROGREQ.1"
COMMENT,,RBT10_765,"DeGate Enter Req",,"RBT10_765.I.PROGREQ.2"
COMMENT,,RBT10_765,"Degate Modules",,"RBT10_765.I.PROGREQ.3"
COMMENT,,RBT10_765,"DeGate Chute Enter Req",,"RBT10_765.I.PROGREQ.4"
COMMENT,,RBT10_765,"Robot @ DeGate Chute, Release Runners",,"RBT10_765.I.PROGREQ.5"
COMMENT,,RBT10_765,"Flip Rack Enter Req",,"RBT10_765.I.PROGREQ.6"
COMMENT,,RBT10_765,"Flip Rack Place Module",,"RBT10_765.I.PROGREQ.8"
COMMENT,,RBT10_765,"Flip Rack Place 1",,"RBT10_765.I.PROGREQ.9"
COMMENT,,RBT10_765,"Flip Rack Place 2",,"RBT10_765.I.PROGREQ.10"
COMMENT,,RBT10_765,"Flip Rack Pick Module",,"RBT10_765.I.PROGREQ.12"
COMMENT,,RBT10_765,"Conveyor Entry Req",,"RBT10_765.I.PROGREQ.15"
COMMENT,,RBT10_765,"Conveyor Place 1",,"RBT10_765.I.PROGREQ.16"
COMMENT,,RBT10_765,"Conveyor Place 2",,"RBT10_765.I.PROGREQ.17"
COMMENT,,RBT10_765,"Conveyor Place 3",,"RBT10_765.I.PROGREQ.18"
COMMENT,,RBT10_765,"Conveyor Place 4",,"RBT10_765.I.PROGREQ.19"
COMMENT,,RBT10_765,"FBOUT024",,"RBT10_765.I.PROGREQ.20"
COMMENT,,RBT10_765,"FBOUT025",,"RBT10_765.I.PROGREQ.21"
COMMENT,,RBT10_765,"Reject Enter Request",,"RBT10_765.I.PROGREQ.22"
COMMENT,,RBT10_765,"Robot @ QC Chute",,"RBT10_765.I.PROGREQ.23"
COMMENT,,RBT10_765,"In Mold Entry Zone",,"RBT10_765.I.PROGREQ.24"
COMMENT,,RBT10_765,"Robot @ Maint",,"RBT10_765.I.PROGREQ.25"
COMMENT,,RBT10_765,"Robot @ Conveyor",,"RBT10_765.I.PROGREQ.26"
COMMENT,,RBT10_765,"FBOUT033",,"RBT10_765.I.PROGREQ.27"
COMMENT,,RBT10_765,"FBOUT034",,"RBT10_765.I.PROGREQ.28"
COMMENT,,RBT10_765,"FBOUT035",,"RBT10_765.I.PROGREQ.29"
COMMENT,,RBT10_765,"FBOUT036",,"RBT10_765.I.PROGREQ.30"
COMMENT,,RBT10_765,"FBOUT037",,"RBT10_765.I.PROGREQ.31"
COMMENT,,RBT10_765,"Cycle Running",,"RBT10_765.I.VALPLAST.0"
COMMENT,,RBT10_765,"Cycle Paused",,"RBT10_765.I.VALPLAST.1"
COMMENT,,RBT10_765,"Life Bit EuroMap",,"RBT10_765.I.EUROMAP[0].0"
COMMENT,,RBT10_765,"mbIn - Reject",,"RBT10_765.I.EUROMAP[0].1"
COMMENT,,RBT10_765,"mbIn - Mold Closed",,"RBT10_765.I.EUROMAP[0].2"
COMMENT,,RBT10_765,"mbIn - Mold Open",,"RBT10_765.I.EUROMAP[0].3"
COMMENT,,RBT10_765,"mbIn - Mold Median",,"RBT10_765.I.EUROMAP[0].4"
COMMENT,,RBT10_765,"mbIn - In Auto Mode",,"RBT10_765.I.EUROMAP[0].5"
COMMENT,,RBT10_765,"mbIn - Ejector Backward",,"RBT10_765.I.EUROMAP[0].6"
COMMENT,,RBT10_765,"mbIn - Ejector Forward",,"RBT10_765.I.EUROMAP[0].7"
COMMENT,,RBT10_765,"mbIn - Core 2 Position 1",,"RBT10_765.I.EUROMAP[1].0"
COMMENT,,RBT10_765,"mbIn - Core 2 Position 2",,"RBT10_765.I.EUROMAP[1].1"
COMMENT,,RBT10_765,"mbIn - Core 1 Position 1",,"RBT10_765.I.EUROMAP[1].2"
COMMENT,,RBT10_765,"mbIn - Core 1 Position 2",,"RBT10_765.I.EUROMAP[1].3"
COMMENT,,RBT10_765,"mbOut - Core 2 Position 2",,"RBT10_765.I.EUROMAP[1].5"
COMMENT,,RBT10_765,"mbOut - Core 2 Position 1",,"RBT10_765.I.EUROMAP[1].6"
COMMENT,,RBT10_765,"mbOut - Core 1 Position 2",,"RBT10_765.I.EUROMAP[1].7"
COMMENT,,RBT10_765,"mbOut - Core 1 Position 1",,"RBT10_765.I.EUROMAP[2].0"
COMMENT,,RBT10_765,"mbOut - Ejector FWD Enable",,"RBT10_765.I.EUROMAP[2].1"
COMMENT,,RBT10_765,"mbOut - Ejector BWD Enable",,"RBT10_765.I.EUROMAP[2].2"
COMMENT,,RBT10_765,"mbOut - Mold Free",,"RBT10_765.I.EUROMAP[2].5"
COMMENT,,RBT10_765,"mbOut - Open Mold",,"RBT10_765.I.EUROMAP[2].6"
COMMENT,,RBT10_765,"mbOut - Close Mold",,"RBT10_765.I.EUROMAP[2].7"
COMMENT,,RBT10_765,"mbOut - Mode",,"RBT10_765.I.EUROMAP[3].0"
COMMENT,,RBT10_765,"Modbus Part Present",,"RBT10_765.I.EUROMAP[3].1"
COMMENT,,RBT10_765,"Reject Request",,"RBT10_765.REQUEST[0]"
COMMENT,,RBT10_765,"Home Request",,"RBT10_765.REQUEST[1]"
COMMENT,,RBT10_765,"Abort Request",,"RBT10_765.REQUEST[2]"
COMMENT,,RBT10_765,"Start Request",,"RBT10_765.REQUEST[3]"
COMMENT,,RBT10_765,"Stop Request",,"RBT10_765.REQUEST[4]"
COMMENT,,RBT10_765,"Resume Request",,"RBT10_765.REQUEST[5]"
COMMENT,,RBT10_765,"Pause Request",,"RBT10_765.REQUEST[6]"
COMMENT,,RBT10_765,"Purge Mold Request",,"RBT10_765.REQUEST[7]"
COMMENT,,RBT10_765,"QC at Mold",,"RBT10_765.REQUEST[8]"
COMMENT,,RBT10_765,"QC after DeGate",,"RBT10_765.REQUEST[9]"
COMMENT,,RBT10_765,"QC after Assembly",,"RBT10_765.REQUEST[10]"
COMMENT,,RBT10_765,"Startup Parts Request",,"RBT10_765.REQUEST[11]"
COMMENT,,RBT10_765,"Maint Request",,"RBT10_765.REQUEST[12]"
COMMENT,,RBT10_765,"Robot in Mold",,"RBT10_765.MEMORY[0].0"
COMMENT,,RBT10_765,"Modules Picked from Mold",,"RBT10_765.MEMORY[0].1"
COMMENT,,RBT10_765,"Robot in DeGate Area",,"RBT10_765.MEMORY[0].6"
COMMENT,,RBT10_765,"Robot @ DeGate",,"RBT10_765.MEMORY[0].7"
COMMENT,,RBT10_765,"DeGate IAI$'s in Positon",,"RBT10_765.MEMORY[0].8"
COMMENT,,RBT10_765,"Modules DeGated",,"RBT10_765.MEMORY[0].9"
COMMENT,,RBT10_765,"DeGate Complete",,"RBT10_765.MEMORY[0].10"
COMMENT,,RBT10_765,"Robot in Regrind Chute Area",,"RBT10_765.MEMORY[0].13"
COMMENT,,RBT10_765,"Regrind Chute Complete",,"RBT10_765.MEMORY[0].14"
COMMENT,,RBT10_765,"Robot has Assy QC Shot",,"RBT10_765.MEMORY[0].19"
COMMENT,,RBT10_765,"Robot in Cooling Rack Area",,"RBT10_765.MEMORY[0].20"
COMMENT,,RBT10_765,"Robot @ Cooling Place 1",,"RBT10_765.MEMORY[0].21"
COMMENT,,RBT10_765,"Robot Placed Cooling Rack 2",,"RBT10_765.MEMORY[0].22"
COMMENT,,RBT10_765,"Robot @ Cooling Place 3",,"RBT10_765.MEMORY[0].23"
COMMENT,,RBT10_765,"Robot @ Cooling Pick 1",,"RBT10_765.MEMORY[0].25"
COMMENT,,RBT10_765,"Robot Picked Cooling Rack 2",,"RBT10_765.MEMORY[0].26"
COMMENT,,RBT10_765,"Robot @ Cooling Pick 3",,"RBT10_765.MEMORY[0].27"
COMMENT,,RBT10_765,"Mold Open",,"RBT10_765.MEMORY[0].31"
COMMENT,,RBT10_765,"Robot in Conveyor Area",,"RBT10_765.MEMORY[1].0"
COMMENT,,RBT10_765,"Conveyor Place 1 Complete",,"RBT10_765.MEMORY[1].1"
COMMENT,,RBT10_765,"Conveyor Place 2 Complete",,"RBT10_765.MEMORY[1].2"
COMMENT,,RBT10_765,"Conveyor Place 3 Complete",,"RBT10_765.MEMORY[1].3"
COMMENT,,RBT10_765,"Conveyor Place 4 Complete",,"RBT10_765.MEMORY[1].4"
COMMENT,,RBT10_765,"Conveyor Place Complete",,"RBT10_765.MEMORY[1].5"
COMMENT,,RBT10_765,"Robot Close Mold Signal",,"RBT10_765.MEMORY[1].10"
COMMENT,,RBT10_765,"Parts Present in Mold",,"RBT10_765.MEMORY[1].11"
COMMENT,,RBT10_765,"Mold 2 Clear of parts",,"RBT10_765.MEMORY[1].13"
COMMENT,,RBT10_765,"Robot Has Runner",,"RBT10_765.MEMORY[1].16"
COMMENT,,RBT10_765,"Robot Has Conveyor Parts",,"RBT10_765.MEMORY[1].17"
COMMENT,,RBT10_765,"Reject Initiated",,"RBT10_765.MEMORY[1].18"
COMMENT,,RBT10_765,"Cooling Rack 2 QC Assy",,"RBT10_765.MEMORY[1].26"
COMMENT,,RBT10_765,"Assy QC on Robot",,"RBT10_765.MEMORY[1].29"
COMMENT,,RBT10_765,"Tool Grippers All HOME",,"RBT10_765.MEMORY[2].0"
COMMENT,,RBT10_765,"Tool Grippers All WORK",,"RBT10_765.MEMORY[2].1"
COMMENT,,RBT10_765,"In Mold Area Too Long",,"RBT10_765.MEMORY[2].14"
COMMENT,,RBT10_765,"Robot Recovery Close Mold Issue",,"RBT10_765.MEMORY[2].15"
COMMENT,,RBT10_765,"Grip All Modules (Recovery)",,"RBT10_765.MEMORY[2].16"
COMMENT,,RBT10_765,"Robot Clear Tool",,"RBT10_765.MEMORY[2].17"
COMMENT,,RBT10_765,"Reject Robot Parts $N(Box Outfeed conveyor & Press area is full)",,"RBT10_765.MEMORY[2].18"
COMMENT,,RBT10_765,"Startup Parts Reject Signal",,"RBT10_765.MEMORY[2].20"
COMMENT,,RBT10_765,"Modules in Mold too Long, reject",,"RBT10_765.MEMORY[2].21"
COMMENT,,RBT10_765,"Modules On Robot Tooling too Long, reject",,"RBT10_765.MEMORY[2].22"
COMMENT,,RBT10_765,"Pallet Present at Mold Place Position",,"RBT10_765.MEMORY[2].30"
COMMENT,,RBT10_765,"Call To Pick Axles",,"RBT10_765.PROGRAM_CALLS.0"
COMMENT,,RBT10_765,"Call To Mold",,"RBT10_765.PROGRAM_CALLS.1"
COMMENT,,RBT10_765,"Call To Conveyor",,"RBT10_765.PROGRAM_CALLS.2"
TAG,,reset_EStopTmr,"","TIMER","","(Class := Safety, Constant := false, ExternalAccess := Read/Write)"
TAG,,RollerTest1,"","udtRollerTestData","","(Class := Standard, Constant := false, ExternalAccess := Read/Write)"
TAG,,RollerTest2,"","udtRollerTestData","","(Class := Standard, Constant := false, ExternalAccess := Read/Write)"
TAG,,RollerTest3,"","udtRollerTestData","","(Class := Standard, Constant := false, ExternalAccess := Read/Write)"
TAG,,RollerTest4,"","udtRollerTestData","","(Class := Standard, Constant := false, ExternalAccess := Read/Write)"
TAG,,RollerTest5,"","udtRollerTestData","","(Class := Standard, Constant := false, ExternalAccess := Read/Write)"
TAG,,RollerTest6,"","udtRollerTestData","","(Class := Standard, Constant := false, ExternalAccess := Read/Write)"
TAG,,SafetyAir,"","udt_SafetyAir","","(Class := Safety, Constant := false, ExternalAccess := Read/Write)"
TAG,,safetyDoors,"","udt_SafetyDoors","","(Class := Safety, Constant := false, ExternalAccess := Read/Write)"
TAG,,safetyEStops,"","udt_SafetyEstops","","(Class := Safety, Constant := false, ExternalAccess := Read/Write)"
TAG,,safetyRelays,"","udt_SafetyRelays","","(Class := Safety, Constant := false, ExternalAccess := Read/Write)"
TAG,,Sta40_4Rollers,"4 Rollers present at Sta 40","BOOL","","(Class := Standard, RADIX := Decimal, Constant := false, ExternalAccess := Read/Write)"
TAG,,Sta40_6Rollers,"6 Rollers present at Sta 40","BOOL","","(Class := Standard, RADIX := Decimal, Constant := false, ExternalAccess := Read/Write)"
TAG,,System,"","udtSystem","","(Class := Standard, Constant := false, ExternalAccess := Read/Write)"
COMMENT,,System,"Active",,"System.MESSAGES.ACTIVE[0].18"
COMMENT,,System,"Test Pin Place reduction",,"System.ONS.14"
TAG,,terminus_cmd,"","udt_MMI_terminus_node_command[4]","","(Class := Standard, Constant := false, ExternalAccess := Read/Write)"
TAG,,TimeSinceShiftChange,"","TIMER","","(Class := Standard, Constant := false, ExternalAccess := Read/Write)"
TAG,,ToSafetyPLC,"","udt_ToFrom_SafetyPLC","","(Class := Standard, Constant := false, ExternalAccess := Read/Write)"
COMMENT,,ToSafetyPLC,"Mold Tending 1 EOAT Crash Sensors",,"ToSafetyPLC.SPAREBIT16"
COMMENT,,ToSafetyPLC,"Mold Tending 2 EOAT Crash Sensors",,"ToSafetyPLC.SPAREBIT17"
TAG,,TO_DO,"","BOOL","","(Class := Standard, RADIX := Decimal, Constant := false, ExternalAccess := Read/Write)"
TAG,,VAC10_860,"","udtLemCom","","(Class := Standard, Constant := false, ExternalAccess := Read/Write)"
TAG,,VAC10_865,"","udtLemCom","","(Class := Standard, Constant := false, ExternalAccess := Read/Write)"
TAG,,VB20_1_V,"","udtMotionSolenoid[17]","","(Class := Standard, Constant := false, ExternalAccess := Read/Write)"
COMMENT,,VB20_1_V,"Nest Blowoff",,"VB20_1_V[1]"
COMMENT,,VB20_1_V,"Pin Nest Air Assist$N(Keeps last two pins from moving in Nest)",,"VB20_1_V[1].HOME.STATE"
COMMENT,,VB20_1_V,"Nest Blowoff",,"VB20_1_V[2]"
COMMENT,,VB20_1_V,"Roller Load Push Vertical",,"VB20_1_V[3]"
COMMENT,,VB20_1_V,"Roller Load Push Horizontal",,"VB20_1_V[4]"
COMMENT,,VB20_1_V,"Roller Load Gantry Z-Axis",,"VB20_1_V[5]"
COMMENT,,VB20_1_V,"Pin Load/Press BackStop",,"VB20_1_V[6]"
COMMENT,,VB20_1_V,"Pin Load/Press Tray Shift",,"VB20_1_V[7]"
COMMENT,,VB20_1_V,"Press Approach",,"VB20_1_V[8]"
COMMENT,,VB20_1_V,"Spare",,"VB20_1_V[9]"
COMMENT,,VB20_1_V,"Spare",,"VB20_1_V[10]"
COMMENT,,VB20_1_V,"Track Blowoff ON",,"VB20_1_V[10].HOME.COMMAND"
COMMENT,,VB20_1_V,"Track Blowoff OFF",,"VB20_1_V[10].WORK.COMMAND"
COMMENT,,VB20_1_V,"Roller Test Gantry Gripper",,"VB20_1_V[11]"
COMMENT,,VB20_1_V,"Roller Test Gantry Z-Axis",,"VB20_1_V[12]"
COMMENT,,VB20_1_V,"Roller Station Pallet Locator",,"VB20_1_V[13]"
COMMENT,,VB20_1_V,"Pin Station Pallet Locator",,"VB20_1_V[14]"
COMMENT,,VB20_1_V,"Test Station Pallet Locator",,"VB20_1_V[15]"
COMMENT,,VB20_1_V,"Spare",,"VB20_1_V[16]"
COMMENT,,VB20_1_V,"Pin Nest Air Assist$N(Keeps last two pins from moving in Nest)",,"VB20_1_V[16].HOME.STATE"
TAG,,VB20_2_V,"","udtMotionSolenoid[17]","","(Class := Standard, Constant := false, ExternalAccess := Read/Write)"
COMMENT,,VB20_2_V,"Offload Empty Stop 1",,"VB20_2_V[1]"
COMMENT,,VB20_2_V,"Offload Empty Holdback 1",,"VB20_2_V[2]"
COMMENT,,VB20_2_V,"Offload Empty Stop 2",,"VB20_2_V[3]"
COMMENT,,VB20_2_V,"Offload Empty Holdback 2",,"VB20_2_V[4]"
COMMENT,,VB20_2_V,"Offload Empty Stop 3",,"VB20_2_V[5]"
COMMENT,,VB20_2_V,"Offload Empty Holdback 3",,"VB20_2_V[6]"
COMMENT,,VB20_2_V,"Offload Empty Stop 4",,"VB20_2_V[7]"
COMMENT,,VB20_2_V,"Offload Empty Holdback 4",,"VB20_2_V[8]"
COMMENT,,VB20_2_V,"Spare",,"VB20_2_V[9]"
COMMENT,,VB20_2_V,"Spare",,"VB20_2_V[10]"
COMMENT,,VB20_2_V,"Spare",,"VB20_2_V[11]"
COMMENT,,VB20_2_V,"Spare",,"VB20_2_V[12]"
TAG,,VB20_3_V,"","udtMotionSolenoid[17]","","(Class := Standard, Constant := false, ExternalAccess := Read/Write)"
COMMENT,,VB20_3_V,"Offload Elevator Lift 1",,"VB20_3_V[1]"
COMMENT,,VB20_3_V,"Offload Elevator 1 Brake",,"VB20_3_V[2]"
COMMENT,,VB20_3_V,"Offload Side Crowd 1A & 1B",,"VB20_3_V[3]"
COMMENT,,VB20_3_V,"Offload End Crowd 1A & 1B",,"VB20_3_V[4]"
COMMENT,,VB20_3_V,"Offload Elevator Lift 2",,"VB20_3_V[5]"
COMMENT,,VB20_3_V,"Offload Elevator 2 Brake",,"VB20_3_V[6]"
COMMENT,,VB20_3_V,"Offload Side Crowd 2A & 2B",,"VB20_3_V[7]"
COMMENT,,VB20_3_V,"Offload End Crowd 2A & 2B",,"VB20_3_V[8]"
COMMENT,,VB20_3_V,"Spare",,"VB20_3_V[9]"
COMMENT,,VB20_3_V,"Spare",,"VB20_3_V[10]"
COMMENT,,VB20_3_V,"Spare",,"VB20_3_V[11]"
COMMENT,,VB20_3_V,"Spare",,"VB20_3_V[12]"
TAG,,VB20_4_V,"","udtMotionSolenoid[17]","","(Class := Standard, Constant := false, ExternalAccess := Read/Write)"
COMMENT,,VB20_4_V,"Offload Elevator Lift 3",,"VB20_4_V[1]"
COMMENT,,VB20_4_V,"Offload Elevator 3 Brake",,"VB20_4_V[2]"
COMMENT,,VB20_4_V,"Offload Side Crowd 3A & 3B",,"VB20_4_V[3]"
COMMENT,,VB20_4_V,"Offload End Crowd 3A & 3B",,"VB20_4_V[4]"
COMMENT,,VB20_4_V,"Offload Elevator Lift 4",,"VB20_4_V[5]"
COMMENT,,VB20_4_V,"Offload Elevator 4 Brake",,"VB20_4_V[6]"
COMMENT,,VB20_4_V,"Offload Side Crowd 4A & 4B",,"VB20_4_V[7]"
COMMENT,,VB20_4_V,"Offload End Crowd 4A & 4B",,"VB20_4_V[8]"
COMMENT,,VB20_4_V,"Spare",,"VB20_4_V[9]"
COMMENT,,VB20_4_V,"Spare",,"VB20_4_V[10]"
COMMENT,,VB20_4_V,"Spare",,"VB20_4_V[11]"
COMMENT,,VB20_4_V,"Spare",,"VB20_4_V[12]"
TAG,,VB20_5_V,"","udtMotionSolenoid[17]","","(Class := Standard, Constant := false, ExternalAccess := Read/Write)"
COMMENT,,VB20_5_V,"Pin Load/Press Pin 1 & 2 Slow",,"VB20_5_V[1]"
COMMENT,,VB20_5_V,"Press Approach Fast",,"VB20_5_V[2]"
COMMENT,,VB20_5_V,"Pin Load/Press Pin 3 & 4 Slow",,"VB20_5_V[3]"
COMMENT,,VB20_5_V,"Press Approach Slow",,"VB20_5_V[4]"
COMMENT,,VB20_5_V,"Pin Load/Press Pin 5 & 6 Slow",,"VB20_5_V[5]"
COMMENT,,VB20_5_V,"Spare",,"VB20_5_V[6]"
TAG,,VB20_6_V,"","udtMotionSolenoid[17]","","(Class := Standard, Constant := false, ExternalAccess := Read/Write)"
COMMENT,,VB20_6_V,"Z-Axis",,"VB20_6_V[1]"
COMMENT,,VB20_6_V,"Gripper",,"VB20_6_V[2]"
COMMENT,,VB20_6_V,"Motor Cyl",,"VB20_6_V[3]"
COMMENT,,VB20_6_V,"Z-Axis",,"VB20_6_V[4]"
COMMENT,,VB20_6_V,"Gripper",,"VB20_6_V[5]"
COMMENT,,VB20_6_V,"Motor Cyl",,"VB20_6_V[6]"
COMMENT,,VB20_6_V,"Z-Axis",,"VB20_6_V[7]"
COMMENT,,VB20_6_V,"Gripper",,"VB20_6_V[8]"
COMMENT,,VB20_6_V,"Motor Cyl",,"VB20_6_V[9]"
TAG,,VB20_7_V,"","udtMotionSolenoid[17]","","(Class := Standard, Constant := false, ExternalAccess := Read/Write)"
COMMENT,,VB20_7_V,"Z-Axis",,"VB20_7_V[1]"
COMMENT,,VB20_7_V,"Gripper",,"VB20_7_V[2]"
COMMENT,,VB20_7_V,"Motor Cyl",,"VB20_7_V[3]"
COMMENT,,VB20_7_V,"Z-Axis",,"VB20_7_V[4]"
COMMENT,,VB20_7_V,"Gripper",,"VB20_7_V[5]"
COMMENT,,VB20_7_V,"Motor Cyl",,"VB20_7_V[6]"
COMMENT,,VB20_7_V,"Z-Axis",,"VB20_7_V[7]"
COMMENT,,VB20_7_V,"Gripper",,"VB20_7_V[8]"
COMMENT,,VB20_7_V,"Motor Cyl",,"VB20_7_V[9]"
TAG,,VB21_1_I1,"","udtdi[8]","","(Class := Standard, Constant := false, ExternalAccess := Read/Write)"
COMMENT,,VB21_1_I1,"Mold Tend 1 Wrist Cylinder Ext (Home)",,"VB21_1_I1[0]"
COMMENT,,VB21_1_I1,"Mold Tend 1 Wrist Cylinder Ret (Work)",,"VB21_1_I1[1]"
COMMENT,,VB21_1_I1,"EOAT Crash Sensor 1",,"VB21_1_I1[2]"
COMMENT,,VB21_1_I1,"EOAT Crash Sensor 2",,"VB21_1_I1[3]"
COMMENT,,VB21_1_I1,"EOAT Prox$N0=Large Tool$N1=Small Tool",,"VB21_1_I1[4]"
TAG,,VB21_1_V,"","udtMotionSolenoid[17]","","(Class := Standard, Constant := false, ExternalAccess := Read/Write)"
COMMENT,,VB21_1_V,"Mold Tend 1 Wrist Cyl",,"VB21_1_V[1]"
COMMENT,,VB21_1_V,"Spare",,"VB21_1_V[2]"
COMMENT,,VB21_1_V,"Mold Tend 1 Runner Grippers",,"VB21_1_V[3]"
COMMENT,,VB21_1_V,"Mold Tend 1 Module Gripper 1",,"VB21_1_V[4]"
COMMENT,,VB21_1_V,"Mold Tend 1 Module Gripper 2",,"VB21_1_V[5]"
COMMENT,,VB21_1_V,"Mold Tend 1 Module Gripper 3",,"VB21_1_V[6]"
COMMENT,,VB21_1_V,"Mold Tend 1 Module Gripper 4",,"VB21_1_V[7]"
COMMENT,,VB21_1_V,"Spare",,"VB21_1_V[8]"
TAG,,VB21_2_V,"","udtMotionSolenoid[17]","","(Class := Standard, Constant := false, ExternalAccess := Read/Write)"
COMMENT,,VB21_2_V,"Mold Tend 1 Nipper 1 & 2",,"VB21_2_V[1]"
COMMENT,,VB21_2_V,"Mold Tend 1 Nipper 3 & 4",,"VB21_2_V[2]"
COMMENT,,VB21_2_V,"Spare",,"VB21_2_V[3]"
COMMENT,,VB21_2_V,"Spare",,"VB21_2_V[4]"
TAG,,VB22_1_I1,"","udtdi[8]","","(Class := Standard, Constant := false, ExternalAccess := Read/Write)"
COMMENT,,VB22_1_I1,"Mold Tend 2 Wrist Cyl Ext (Home)",,"VB22_1_I1[0]"
COMMENT,,VB22_1_I1,"Mold Tend 2 Wrist Cyl Ret (Work)",,"VB22_1_I1[1]"
COMMENT,,VB22_1_I1,"Mold Tend 2 EOAT Crash Sensor 1",,"VB22_1_I1[2]"
COMMENT,,VB22_1_I1,"Mold Tend 2 EOAT Crash Sensor 2",,"VB22_1_I1[3]"
COMMENT,,VB22_1_I1,"EOAT Prox$N0=Large Tool$N1=Small Tool",,"VB22_1_I1[4]"
TAG,,VB22_1_V,"","udtMotionSolenoid[17]","","(Class := Standard, Constant := false, ExternalAccess := Read/Write)"
COMMENT,,VB22_1_V,"Mold Tend 2 Wrist Cyl",,"VB22_1_V[1]"
COMMENT,,VB22_1_V,"Spare",,"VB22_1_V[2]"
COMMENT,,VB22_1_V,"Mold Tend 2 Runner Grippers",,"VB22_1_V[3]"
COMMENT,,VB22_1_V,"Mold Tend 2 Module Gripper 1",,"VB22_1_V[4]"
COMMENT,,VB22_1_V,"Mold Tend 2 Module Gripper 2",,"VB22_1_V[5]"
COMMENT,,VB22_1_V,"Mold Tend 2 Module Gripper 3",,"VB22_1_V[6]"
COMMENT,,VB22_1_V,"Mold Tend 2 Module Gripper 4",,"VB22_1_V[7]"
COMMENT,,VB22_1_V,"Spare",,"VB22_1_V[8]"
TAG,,VB22_2_V,"","udtMotionSolenoid[17]","","(Class := Standard, Constant := false, ExternalAccess := Read/Write)"
COMMENT,,VB22_2_V,"Mold Tend 2 Nipper 1 & 2",,"VB22_2_V[1]"
COMMENT,,VB22_2_V,"Mold Tend 2 Nipper 3 & 4",,"VB22_2_V[2]"
COMMENT,,VB22_2_V,"Spare",,"VB22_2_V[3]"
COMMENT,,VB22_2_V,"Spare",,"VB22_2_V[4]"
TAG,,vehicle_mgr_array,"","udt_vehicle_mgr_array_entry[65]","","(Class := Standard, Constant := false, ExternalAccess := Read/Write)"
TAG,,msg_path_cmd,"","MESSAGE","","(Class := Standard, ExternalAccess := Read/Write, MessageType := CIP Data Table Write, RemoteElement := ""MMI_path_command"", RequestedLength := 1, ConnectedFlag := 1, ConnectionPath := ""3, 192.168.1.200, 1, 0"", CommTypeCode := 0, LocalIndex := 0, LocalElement := ""path_cmd"", CacheConnections := ""FALSE"")"
TAG,,msg_position_order,"","MESSAGE","","(Class := Standard, ExternalAccess := Read/Write, MessageType := CIP Data Table Write, RemoteElement := ""MMI_vehicle_position_order"", RequestedLength := 8, ConnectedFlag := 1, ConnectionPath := ""3, 192.168.1.200, 1, 0"", CommTypeCode := 0, LocalIndex := 0, LocalElement := ""position_order[0]"", CacheConnections := ""FALSE"")"
TAG,,msg_set_outputs,"","MESSAGE","","(Class := Standard, ExternalAccess := Read/Write, MessageType := CIP Data Table Write, RemoteElement := ""MMI_node_controller_command"", RequestedLength := 1, ConnectedFlag := 1, ConnectionPath := ""3, 192.168.1.200, 1, 0"", CommTypeCode := 0, LocalIndex := 0, LocalElement := ""MMI_node_controller_dio_command"", CacheConnections := ""FALSE"")"
TAG,,msg_terminus_node_cmd,"","MESSAGE","","(Class := Standard, ExternalAccess := Read/Write, MessageType := CIP Data Table Write, RemoteElement := ""MMI_terminus_node_command"", RequestedLength := 4, ConnectedFlag := 1, ConnectionPath := ""3, 192.168.1.200, 1, 0"", CommTypeCode := 0, LocalIndex := 0, LocalElement := ""terminus_cmd[0]"", CacheConnections := ""FALSE"")"
TYPE,SCOPE,ROUTINE,COMMENT,OWNING_ELEMENT,LOCATION
RCOMMENT,"Alarms","R000_Main","Logged Database Information","OTL(Ignition_Update_DB)","6"
RCOMMENT,"Alarms","R000_Main","Clear Timers","OTU(Hold_First_Message_forDB)","7"
RCOMMENT,"Alarms","R001_System_Alarms","*************************************$NSilence Alarm Request$N*************************************","OTE(System.SilenceAlarm.Interlock)","2"
RCOMMENT,"Alarms","R001_System_Alarms","Power on bit removed from all faults with running monitoring - tp$Nif modules for this machine goes down so does power because they all have e-stops","NOP()","6"
RCOMMENT,"Alarms","R001_System_Alarms","********************************************************$NReturn from Subroutine$N********************************************************","RET()","162"
RCOMMENT,"Alarms","R002_SystemMessages","Message Numbers Color Description$N1-49 = Yellow with Black Text$N50-63 = Red with Yellow Text$N64-95 = Blue with White Text$N96-127 = Green with Black Text","NOP()","0"
RCOMMENT,"Alarms","R002_SystemMessages","Red with Yellow Text","NOP()","60"
RCOMMENT,"Alarms","R002_SystemMessages","Blue with White Text","NOP()","74"
RCOMMENT,"Alarms","R002_SystemMessages","***************************************************$NTrigger Popup Message beyond this point$N***************************************************","NOP()","92"
RCOMMENT,"Alarms","R002_SystemMessages","Green with Black Text","NOP()","106"
RCOMMENT,"Alarms","R002_SystemMessages","********************************************************$NReturn from Subroutine$N********************************************************","RET()","140"
TYPE,SCOPE,ROUTINE,COMMENT,OWNING_ELEMENT,LOCATION
RCOMMENT,"Ignition","CycleData","Roller Load Station","MOV(\Station_30.Status.hmi_PrevCycleTimeDisplay,Ignition.Data.Cycle.CycleTime[0])","0"
RCOMMENT,"Ignition","CycleData","Pin Press Station$N","MOV(\Station_40.Status.hmi_PrevCycleTimeDisplay,Ignition.Data.Cycle.CycleTime[1])","1"
RCOMMENT,"Ignition","CycleData","Pin Protrusion Station$N","MOV(\Station_50.Status.hmi_PrevCycleTimeDisplay,Ignition.Data.Cycle.CycleTime[2])","2"
RCOMMENT,"Ignition","CycleData","Roller Test 1$N","MOV(\Station_65_1.Status.hmi_PrevCycleTimeDisplay,Ignition.Data.Cycle.CycleTime[3])","3"
RCOMMENT,"Ignition","CycleData","Roller Test 2$N","MOV(\Station_65_2.Status.hmi_PrevCycleTimeDisplay,Ignition.Data.Cycle.CycleTime[4])","4"
RCOMMENT,"Ignition","CycleData","Roller Test 3","MOV(\Station_65_3.Status.hmi_PrevCycleTimeDisplay,Ignition.Data.Cycle.CycleTime[5])","5"
RCOMMENT,"Ignition","CycleData","Roller Test 4$N","MOV(\Station_65_4.Status.hmi_PrevCycleTimeDisplay,Ignition.Data.Cycle.CycleTime[6])","6"
RCOMMENT,"Ignition","CycleData","Roller Test 5$N","MOV(\Station_65_5.Status.hmi_PrevCycleTimeDisplay,Ignition.Data.Cycle.CycleTime[7])","7"
RCOMMENT,"Ignition","CycleData","Roller Test 6$N","MOV(\Station_65_6.Status.hmi_PrevCycleTimeDisplay,Ignition.Data.Cycle.CycleTime[8])","8"
RCOMMENT,"Ignition","CycleData","Offload Robot","MOV(\Station_70.Status.hmi_PrevCycleTimeDisplay,Ignition.Data.Cycle.CycleTime[15])","9"
RCOMMENT,"Ignition","CycleData","$NStarved$N $N","NOP()","10"
TYPE,SCOPE,ROUTINE,COMMENT,OWNING_ELEMENT,LOCATION
RCOMMENT,"MagneMotion","cold_start_service","The cold start service is called to initialize everything from scratch, reset the paths, startup, and order all vehicles to $Nan initial station to get the system going.  At step 5, the cold start service is dormant and doesn$'t do anything (so we return from the routine)","RET()","0"
RCOMMENT,"MagneMotion","cold_start_service","At Step 10 call init_constants and init_stations to get everything initialized.$NClear the timeout counts for postition / path commands.$NSet the HLC link status initially down and prev heartbeat to current one so hlc_link_monitor can determine initially if we are talking to the HLC upon first hlc_link_monitor_timer expiry.$NRun for loop routine to clear the active flag for each entry in the pos_order tag.  Logic will later select which entries in that array to have the HLC pay attention to.$NThis routine will start the system and discover all vehicles on the track.$NSet the path cmd and position order msg service routine steps to 10 so they are available for work.$NThen move on to step 20","MOV(15,cold_start_service.step)","1"
RCOMMENT,"MagneMotion","cold_start_service","Clear the active flag for all 8 entries in the position_order MSG source area$NLogic outside here chooses which entries the HLC should pay attention to in$Nthe MSG content by setting active_flag for a particular element.","MOV(16,cold_start_service.step)","2"
RCOMMENT,"MagneMotion","cold_start_service","Clear all records in the vehicle manager storage array$NThis will allow the vehicle manager array to be repopulated only with detected and ordered vehicle$NPrevents stale data","MOV(17,cold_start_service.step)","3"
RCOMMENT,"MagneMotion","cold_start_service","Set up variables for step 18$N","MOV(18,cold_start_service.step)","4"
RCOMMENT,"MagneMotion","cold_start_service","Wait for all NCs to be in the operational state before resetting.","MOV(17,cold_start_service.step)","5"
RCOMMENT,"MagneMotion","cold_start_service","When at step 20 and HLC link is up and path cmd msg service is available for work, format a reset command in path_cmd tag.$NSet path_id to zero for all paths, reset command, active flag so HLC acts on this single path cmd entry.$Nuse next_command_count routine to get a new command count and store in cold_start_service.  Store command count in path_cmd$NSet the msg_service_path_cmd_step to 20 to let the msg service do the msg for us.$NSet up the cold start service timer for 10 seconds so we can wait for path command completion or timeout so we can retry.$NGo to next step 30$N","MOV(25,cold_start_service.step)","6"
RCOMMENT,"MagneMotion","cold_start_service","Initialize variables for step 30$Nrestart cold start routine if process times out","MOV(20,cold_start_service.step)","7"
RCOMMENT,"MagneMotion","cold_start_service","At step 30, set the number of paths done with our command to 0$NRun a loop to check if each path has finished reset by seeing if the last accepted command for all paths has completed.$Nif it has, the logic increments paths_done_with_cmd to the number of paths that have completed reset.$NWhen all paths have completed reset, it advances to the next step","MOV(25,cold_start_service.step)","8"
RCOMMENT,"MagneMotion","cold_start_service","Reset is done, when path_cmd msg service is ready at step 10, format a startup command the same way we formatted the reset command above and tell msg service to kick the command and set a timeout again.$N","MOV(55,cold_start_service.step)","9"
RCOMMENT,"MagneMotion","cold_start_service","Initialize variables for step 60$Nrestart cold start routine if process times out","MOV(20,cold_start_service.step)","10"
RCOMMENT,"MagneMotion","cold_start_service","At step 60, set the number of paths done with our command to 0$NRun a loop to check if each path has finished startup by seeing if the last accepted command for all paths has completed.$Nif it has, the logic increments paths_done_with_cmd to the number of paths that have completed reset.$NWhen all paths have completed startup, it advances to the next step","MOV(55,cold_start_service.step)","11"
RCOMMENT,"MagneMotion","cold_start_service","When startup is done, set our timer for 1 second to give the HLC a chance to push the latest vehicle status for all located$Nvehicles into the MMI_vehicle_status array so we can go through there and determine how many vehicles we have located.","MOV(80,cold_start_service.step)","12"
RCOMMENT,"MagneMotion","cold_start_service","When our 1 second wait after startup is complete at step 80, move on to step 90","MOV(90,cold_start_service.step)","13"
RCOMMENT,"MagneMotion","cold_start_service","Initialize variables for step 100","MOV(100,cold_start_service.step)","14"
RCOMMENT,"MagneMotion","cold_start_service","Go through each vehicle record in MMI_vehicle_status and determine valid vehicles we have found (path ID field in MMI_vehicle_status record is non-zero) and$Nschedule with the vehicle manager to order each discovered vehicle to an initial station to get things going.  Set the step to 5, cold start complete.$N","MOV(5,cold_start_service.step)","15"
RCOMMENT,"MagneMotion","cold_start_service","Pet the cold start service timer every scan","TON(cold_start_service.timer,?,?)","16"
RCOMMENT,"MagneMotion","hlc_link_monitor","This routine watches the MMI_Heartbeat tag from the HLC and sets hlc_link_status when it is known the HLC is talking to us (heartbeat is changing)$Nand clears hlc_link_status when it is known the HLC is not talking to us (no heartbeat change).$N$NPet the hlc_link_monitor_timer tag every scan","TON(hlc_link_monitor_timer,?,?)","1"
RCOMMENT,"MagneMotion","hlc_link_monitor","When link monitor timer is done (3 seconds), check if heartbeat changed -- if so and link is considered down, latch it to up.$NIf heartbeat didn$'t change and the link is considered up, latch it down.$NCopy the current heartbeat to previous for the next check and reset the timer for the next go-around.","RES(hlc_link_monitor_timer)","2"
RCOMMENT,"MagneMotion","init_constants","init_constants is called first by the cold_start_service to initialize tag values used as constants.$N$NConvenience constants to have human readable variable names for values right out of the MagneMotion PLC Interface Control Document","MOV(128,MMI_CMD_COMPLETE)","0"
RCOMMENT,"MagneMotion","init_constants","$N$NAdjust for your system.  This example is a very simple single path with 2 stations and up to 15 vehicles$N","MOV(1,max_nc_id)","6"
RCOMMENT,"MagneMotion","init_constants","The possible station states","MOV(4,STATION_STATE_DEPART)","7"
RCOMMENT,"MagneMotion","init_constants","Possible vehicle manager states","MOV(3,VEHICLE_MGR_STATE_WAIT_FOR_ARRIVAL)","8"
RCOMMENT,"MagneMotion","init_stations","Init Stations is called by the cold start service to initialize everything in the stations_array$NSetup for For Routine #1 (initializes a station entry) and loop through all stations 1 to max_station_id and initialize each entry","JMP(loop1)","2"
RCOMMENT,"MagneMotion","init_stations","-----------------------------------------------$NHOME STATION$N-----------------------------------------------$N","station(MIS_AOI,stations_array[33],3,Init_station_positions[33],stationDwell[33],30,MM_Global_Velocity,MM_Global_Acc,MMI_DIRECTION_FORWARD,0)","4"
RCOMMENT,"MagneMotion","init_stations","-----------------------------------------------$NCLEANOUT STATION$N-----------------------------------------------$N","station(MIS_AOI,stations_array[34],5,Init_station_positions[34],stationDwell[34],0,MM_Global_Velocity,MM_Global_Acc,MMI_DIRECTION_FORWARD,0)","5"
RCOMMENT,"MagneMotion","init_stations","-----------------------------------------------$NMOLD CHECK STATION$NDETERMINES WHICH MOLD DIRECTION FOR THE PALLET$N-----------------------------------------------$N","station(MIS_AOI,stations_array[30],6,Init_station_positions[30],stationDwell[30],1,MM_Global_Velocity,MM_Global_Acc,MMI_DIRECTION_FORWARD,0)","6"
RCOMMENT,"MagneMotion","init_stations","---------------------------------------------------$NPre-Mold  & Mold Stations 1& 2 $N---------------------------------------------------$N","station(MIS_AOI,stations_array[12],4,Init_station_positions[12],30000,13,MM_Global_Velocity,MM_Global_Acc,MMI_DIRECTION_FORWARD,2)","7"
RCOMMENT,"MagneMotion","init_stations","------------------------------------$NRoller Load$N------------------------------------$N","station(MIS_AOI,stations_array[14],6,Init_station_positions[14],stationDwell[2],15,MM_Global_Velocity,MM_Global_Acc,MMI_DIRECTION_FORWARD,2)","8"
RCOMMENT,"MagneMotion","init_stations","------------------------------------$NPin Press$N--------------------------------------$N","station(MIS_AOI,stations_array[16],6,Init_station_positions[16],stationDwell[16],17,MM_Global_Velocity,MM_Global_Acc,MMI_DIRECTION_FORWARD,2)","9"
RCOMMENT,"MagneMotion","init_stations","----------------------------------------$NPin Inspection$NPre, 1-3$N--------------------------------------$N","station(MIS_AOI,stations_array[20],6,Init_station_positions[20],stationDwell[20],21,0.5,0.75,MMI_DIRECTION_BIDIRECTIONAL,2)","10"
RCOMMENT,"MagneMotion","init_stations","--------------------------------------$NRoller Test Positions$N------------------------------------$N","station(MIS_AOI,stations_array[26],6,Init_station_positions[26],stationDwell[26],27,0.5,0.75,MMI_DIRECTION_FORWARD,2)","11"
RCOMMENT,"MagneMotion","init_stations","Pre-Offload Positions","station(MIS_AOI,stations_array[27],6,Init_station_positions[27],0,28,MM_Global_Velocity,2.0,MMI_DIRECTION_FORWARD,2)","12"
RCOMMENT,"MagneMotion","init_stations","---------------------------------------$NOff-load$N-------------------------------------$N","station(MIS_AOI,stations_array[29],6,Init_station_positions[29],stationDwell[8],1,2.0,MM_Global_Acc,MMI_DIRECTION_FORWARD,0)","13"
RCOMMENT,"MagneMotion","Main_Control","Set Cleanout bit for Magnemotion pallets to be sent to cleanout position","OTL(CleanoutPallets)","3"
RCOMMENT,"MagneMotion","Main_Control","Set recovery bit for light show when pallet system is homing ","OTU(Recovering_Pallets)","12"
RCOMMENT,"MagneMotion","Main_Control","Clear Latched Memory if it gets stuck on. (Using other recovery memories)","OTU(Reset_Magnemotion_Pallets)","16"
RCOMMENT,"MagneMotion","Main_Control","Clear Pallet data on HMI confirmation of cleanout","OTU(Cold_Modules_In_Automation)","17"
RCOMMENT,"MagneMotion","Main_Control","When at step 20 and HLC link is up and path cmd msg service is available for work, format a reset command in path_cmd tag.$NSet path_id to zero for all paths, reset command, active flag so HLC acts on this single path cmd entry.$Nuse next_command_count routine to get a new command count and store in cold_start_service.  Store command count in path_cmd$NSet the msg_service_path_cmd_step to 20 to let the msg service do the msg for us.$NSet up the cold start service timer for 10 seconds so we can wait for path command completion or timeout so we can retry.$NGo to next step 30$N","MOV(25,cold_start_service.step)","21"
RCOMMENT,"MagneMotion","msg_service","PATH COMMAND Msg Service -- At Step 10, do nothing til logic outside here sets up a path command for us to work on.$NSaid logic will check if we$'re free for work by seeing if we$'re at step 10 and if so it will populate path_cmd and set our step to 20 to kick $Nthis routine into action!","NOP()","0"
RCOMMENT,"MagneMotion","msg_service","We$'ve got a path_cmd to work on, reset our retry timer and go to step 30","MOV(30,msg_service_path_cmd_step)","1"
RCOMMENT,"MagneMotion","msg_service","When the msg_path_cmd MSG instruction is NOT busy (shouldn$'t be, but I/O is done outside PLC scan, so it$'s best to check), Trigger the MSG and go to step 40","MOV(40,msg_service_path_cmd_step)","2"
RCOMMENT,"MagneMotion","msg_service","Store the path_cmd.path_id field used in tmp_int.  When tmp_int is a zero meaning all paths, set tmp_int to a 1 -- we can just check$N path #1 and if it reports command accepted, we know the HLC acted on all paths.$NWhen tmp_int is non-zero meaning a specific path, we$'ll check for just that path$'s completion status of the command.$NIf command was received by specific path at index tmp_int or path 1 if all paths were acted on, we$'re done!  go back to step 10 to wait for another$Ncommand to be scheduled by logic outside here.","MOV(10,msg_service_path_cmd_step)","3"
RCOMMENT,"MagneMotion","msg_service","Pet our retry timer every scan","TON(msg_service_path_cmd_timer,?,?)","5"
RCOMMENT,"MagneMotion","msg_service","If our step is 30 or more AND our retry timer expires, go back to step 20 and try again.$NThis will have us try over and over in the case of a network interruption etc.","MOV(20,msg_service_path_cmd_step)","6"
RCOMMENT,"MagneMotion","msg_service","POSITION ORDER Msg Service -- At Step 10, do nothing til logic outside here sets up a position order for us to work on$NThis part of the routine is the same as the logic above that handles path commands, but handles vehicle position orders instead.$NThe logic is structured much the same.","NOP()","7"
RCOMMENT,"MagneMotion","msg_service","For convenience since position_order is an array that can do mulitple vehicles (this logic only uses position_order[0] to do$Nmultiple vehicles in succession) after the order is confirmed for all possible vehicle orders stored in position_order, clear the $Nactive_flag for each entry as convenience so the logic that uses this outiside of here can assume all active_flags for each position_order$Nentry is cleared so a single vehicle can be ordered at position_order[0] or mulitples -- works both ways.","MOV(50,msg_service_move_to_pos_step)","10"
RCOMMENT,"MagneMotion","msg_service","Clear the active flag for all 8 entries in the position_order MSG source area$NLogic outside here chooses which entries the HLC should pay attention to in$Nthe MSG content by setting active_flag for a particular element.","MOV(10,msg_service_move_to_pos_step)","11"
RCOMMENT,"MagneMotion","msg_service","Terminus COMMAND Msg Service -- At Step 10, do nothing til logic outside here sets up a path command for us to work on.$NSaid logic will check if we$'re free for work by seeing if we$'re at step 10 and if so it will populate path_cmd and set our step to 20 to kick $Nthis routine into action!","NOP()","15"
RCOMMENT,"MagneMotion","msg_service","We$'ve got a terminus_cmd to work on, reset our retry timer and go to step 30","MOV(30,msg_service_terminus_cmd_step)","16"
RCOMMENT,"MagneMotion","msg_service","When the msg_terminus_node_cmd MSG instruction is NOT busy (shouldn$'t be, but I/O is done outside PLC scan, so it$'s best to check), Trigger the MSG and go to step 40","MOV(40,msg_service_terminus_cmd_step)","17"
RCOMMENT,"MagneMotion","msg_service","Store the terminus_cmd.node_id field used in tmp_int.$NWhen tmp_int is non-zero meaning a specific path, we$'ll check for just that path$'s completion status of the command.$NIf command was received by specific path at index tmp_int, we$'re done!  Go back to step 10 to wait for another$Ncommand to be scheduled by logic outside here.","MOV(10,msg_service_terminus_cmd_step)","18"
RCOMMENT,"MagneMotion","msg_service","If our step is 30 or more AND our retry timer expires, go back to step 20 and try again.$NThis will have us try over and over in the case of a network interruption etc.","MOV(20,msg_service_terminus_cmd_step)","21"
RCOMMENT,"MagneMotion","msg_service","Digital IO CommandMsg Service -- At Step 10, do nothing til logic outside here sets up a DIO command for us to work on.$NSaid logic will check if we$'re free for work by seeing if we$'re at step 10 and if so it will populate MMI_node_controller_DIO_command and set our step to 20 to kick $Nthis routine into action!","NOP()","22"
RCOMMENT,"MagneMotion","msg_service","We$'ve got a digital IO command to work on, reset our retry timer and go to step 30","MOV(30,msg_service_dio_cmd_step)","23"
RCOMMENT,"MagneMotion","msg_service","When the msg_set_outputs MSG instruction is NOT busy (shouldn$'t be, but I/O is done outside PLC scan, so it$'s best to check), Trigger the MSG and go to step 40","MOV(40,msg_service_dio_cmd_step)","24"
RCOMMENT,"MagneMotion","msg_service","Store the node controller ID field used in tmp_int.$NIf command was received by specific NC at index tmp_int, we$'re done!  go back to step 10 to wait for another$Ncommand to be scheduled by logic outside here.","MOV(10,msg_service_dio_cmd_step)","25"
RCOMMENT,"MagneMotion","msg_service","Pet our retry timer every scan","TON(msg_service_dio_cmd_timer,?,?)","27"
RCOMMENT,"MagneMotion","msg_service","If our step is 30 or more AND our retry timer expires, go back to step 20 and try again.$NThis will have us try over and over in the case of a network interruption etc.","MOV(20,msg_service_dio_cmd_step)","28"
RCOMMENT,"MagneMotion","next_command_count","convenience routine to increment a DINT master_command_count each time a new transaction is to be done with the HLC.$NThis wraps the count at one million back to one.","ADD(master_command_count,1,master_command_count)","0"
RCOMMENT,"MagneMotion","pallet_data","Check all Pallet data and create a count for how many modules from each mold are active in the automation","MOV(0,pal)","0"
RCOMMENT,"MagneMotion","R002_Recipe","MOLD 1 RECIPE POSITION CHANGES$N","MOV(Init_station_positions[4],stations_array[4].position)","0"
RCOMMENT,"MagneMotion","R002_Recipe","MOLD 2 RECIPE POSITION CHANGES","MOV(Init_station_positions[10],stations_array[10].position)","1"
RCOMMENT,"MagneMotion","station_mgr","The station_mgr routine is called off a FOR loop in the main routine to go through each stations_array entry and check$Nif the vehicle_mgr detected any vehicle arriving at said station (by setting active_vehicle_id field non-zero) and act on the vehicle$'s arrival:$Neither dwell for the dwell period, or go straight to the depart state to assign the vehicle$'s vehicle_mgr_array entry dest_station_id field to$Na new station to head to.$N$NWhen in the STATION_STATE_IDLE, and the hold_flag isn$'t set, if this station entry$'s active_vehicle_id goes non-zero, a vehicle$Narrived here.  Ifwe have a non-zero dwell period, schedule the dwell and go to STATION_STATE_DWELL$Notherwise go to the STATION_STATE_DEPART state to get the vehicle on to the next_station_id field.$N$NThe station_mgr and vehicle_mgr work hand-in-hand to move vehicles from station to station stored here in$NPLC memory only which can be more convenient than defining all of your stations with the HLC XML file.$NThis is a technique used at MMI we pass on as a example for convenience to those looking for example logic$Nto do a station to station based setup.","MOV(STATION_STATE_PROCESSING,stations_array[s].state)","0"
RCOMMENT,"MagneMotion","station_mgr","When we$'re in the STATION_STATE_DWELL, pet the dwell timer, check if it$'s done, and when done go to STATION_STATE_DEPART","MOV(STATION_STATE_PROCESSING,stations_array[s].state)","1"
RCOMMENT,"MagneMotion","station_mgr","When in STATION_STATE_DEPART, save a copy of the vehicle_id that arrived here in active_vehicle_id and set the dest_station_id of the vehicle_mgr_array entry for$Nthe vehicle sitting here to our next_station_id field so the vehicle will take off (taken care of by vehicle_mgr).$NIf clear_loaded_flag is set, clear the loaded_flag field for this vehicle in vehicle_mgr_array entry$NIf set_loaded_flag is set for this station, set the loaded_flag for this vehicle in vehicle_mgr_array_entry.$NFinally, go back to STATION_STATE_IDLE to wait for the vehicle_mgr to populate us with a new active_vehicle_id (it will go non-zero).$N","MOV(STATION_STATE_IDLE,stations_array[s].state)","2"
RCOMMENT,"MagneMotion","station_processing","==========================================================$NHOME STATION (33)$N========================================================","MOV(STATION_STATE_DEPART,stations_array[33].state)","0"
RCOMMENT,"MagneMotion","station_processing","===================================================$NMOLD 1: $N1 - Pre Station - (1)$N2 - Removed (2&3)$N2 - Place Stations (4&5)$N1 - Cooling Station (6)$N===================================================","NOP()","1"
RCOMMENT,"MagneMotion","station_processing","===================================================$NMOLD 2: $N1 - Pre Station - (7)$N2 - Removed (8&9)$N2 - Place Stations (10&11)$N1 - Cooling Station (12)$N===================================================","OTE(stations_array[10].process_complete)","8"
RCOMMENT,"MagneMotion","station_processing","===================================================$NRoller Load Station$NPre-station (13)$NRoller Load Station (14)$N=================================================","NOP()","13"
RCOMMENT,"MagneMotion","station_processing","==========================================================$NHOME STATION (33)$N========================================================","MOV(STATION_STATE_DEPART,stations_array[13].state)","14"
RCOMMENT,"MagneMotion","station_processing","Wait for Station Complete","OTE(stations_array[14].process_complete)","16"
RCOMMENT,"MagneMotion","station_processing","=============================================$NPin Load$NPre-station (15)$NPin Load (16)$N=============================================$N","NOP()","18"
RCOMMENT,"MagneMotion","station_processing","Wait for Station Complete","OTE(stations_array[16].process_complete)","20"
RCOMMENT,"MagneMotion","station_processing","=============================================$NPin Inspect$NPre-station (17)$NPin Inspect (18,19,20)$N=============================================$N","NOP()","22"
RCOMMENT,"MagneMotion","station_processing","Wait for Station Complete","OTE(stations_array[20].process_complete)","28"
RCOMMENT,"MagneMotion","station_processing","=============================================$NRoller Test$NRoller Test 1 (21)$NRoller Test 2 (22)$NRoller Test 3 (23)$NRoller Test 4 (24)$NRoller Test 5 (25)$NRoller Test 6 (26)$N=============================================$N","NOP()","30"
RCOMMENT,"MagneMotion","station_processing","Wait for Roller Test 1 Complete","OTE(stations_array[21].process_complete)","31"
RCOMMENT,"MagneMotion","station_processing","Wait for Roller Test 2 Complete","OTE(stations_array[22].process_complete)","33"
RCOMMENT,"MagneMotion","station_processing","Wait for Roller Test 3 Complete","OTE(stations_array[23].process_complete)","35"
RCOMMENT,"MagneMotion","station_processing","Wait for Roller Test 4 Complete","OTE(stations_array[24].process_complete)","37"
RCOMMENT,"MagneMotion","station_processing","Wait for Roller Test 5 Complete","OTE(stations_array[25].process_complete)","39"
RCOMMENT,"MagneMotion","station_processing","Wait for Roller Test 6 Complete","OTE(stations_array[26].process_complete)","41"
RCOMMENT,"MagneMotion","station_processing","=============================================$NOff-load$NPre-Offload (27)$NPre-Offload (28)$NOffload (29)$N=============================================$N","NOP()","43"
RCOMMENT,"MagneMotion","station_processing","Wait for Station Complete$N","OTU(\Station_70.Data_Copied)","46"
RCOMMENT,"MagneMotion","station_processing","Determine which mold to send the pallet","OTU(Memory_SendMold1)","47"
RCOMMENT,"MagneMotion","station_processing","==========================================================$NDIRECTION STATION$N(Determines which Mold to send pallet)$N========================================================","MOV(STATION_STATE_DEPART,stations_array[30].state)","51"
RCOMMENT,"MagneMotion","vehicle_loc","Clear the active flag for all 8 entries in the position_order MSG source area$NLogic outside here chooses which entries the HLC should pay attention to in$Nthe MSG content by setting active_flag for a particular element.","MOV(0,vehicle)","0"
RCOMMENT,"MagneMotion","vehicle_mgr","The vehicle_mgr routine is called of a FOR loop in the main_routine to go through each vehicle_mgr_array entry and see if it$'s IDLE and picked up$Nan order to a station -- if so the order will be scheduled with the msg service.$N$NFor vehicles on their way in WAIT_FOR_ARRIVAL state, this routine checks if the vehicle$'s order is complete and sets it to arrived in$Nthe stations_array for the station_mgr to do it$'s work upon a vehicle arrival.$N$N$NWhen this vehicle_mgr_array entry is IDLE and it picked up a dest_station_id (non-zero), and the msg_service is available$Nto place an order for us, go to the PLACE_ORDER state to format and schdule the order with the msg_service.","MOV(VEHICLE_MGR_STATE_PLACE_ORDER,vehicle_mgr_array[v].state)","0"
RCOMMENT,"MagneMotion","vehicle_mgr","When we hit the PLACE_ORDER state, save the arrived_station_id field and zero it out in this vehicle_mgr_array entry -- this vehicle is going to depart!$NSave the dest_station_id field in the vehicle_mgr_array record in dest_station_id.$NSet first order entry in position_order array to the path the dest_station_id is on.$NSet the position in position_order entry to the position along the path we need to go to.$N$NWhen this vehicle wasn$'t sitting at a station (arrived_station_id is zero -- which happens upon initial order at cold start), use fixed values to place the initial order.$NWhen the vehicle is sitting at a station, use this station$'s velocity, accel, direction (which go with the next station vehicle is heading to).$N$NGet a new order number, use a Bit field distribute instruction to move the binary form of the PID value into the correct section og the flags and direction byte, set active_flag in position_order array entry, and schedule the order$Nwith the msg_service and go to the WAIT_FOR_ARRIVAL state.  When there are multiple vehicles that need to get ordered,$Nthis routine round-robins through the vehicle list scheduling orders with the msg_service who turns around getting the orders off $Nquickly, so multiple vehicles will simply get ordered in rapid succession off the one MSG instruction used in the MSG service.$N","MOV(VEHICLE_MGR_STATE_WAIT_FOR_ARRIVAL,vehicle_mgr_array[v].state)","1"
RCOMMENT,"MagneMotion","vehicle_mgr","When in the WAIT_FOR_ARRIVAL state, check if the last order accepted for this vehicle is complete,  store the station vehicle is heading to$N in dest_station_id and check the station vehicle is heading to is free (station$'s active_vehicle_id field is zero), if so the vehicle arrived:$NStore the vehicle ID (which is index i) in the station$'s active_vehicle_id field so the station_mgr will know a vehicle of ID i has arrived at the station it was heading to!$NSet the arrived_station_id field of the vehicle_mgr record to the station id for convenience -- this vehicle is now at the station it was heading to.$N$NSet the vehicle_mgr station to IDLE to wait for the station_mgr to set our dest_station_id field to non-zero when it$'s time for us to head$Nto another station.$N","MOV(VEHICLE_MGR_STATE_IDLE,vehicle_mgr_array[v].state)","2"
TYPE,SCOPE,ROUTINE,COMMENT,OWNING_ELEMENT,LOCATION
RCOMMENT,"Main","Station65_3","Rate","CPT(RollerTest3.DecelResult,(RollerTest3.Rate[0]-RollerTest3.Rate[1])/RollerTest3.Time[2])","5"
RCOMMENT,"Main","Station65_3","Counts Testing","CPT(RollerTest3_DecelResult2,2*(Vel1-Vel2)/Time2)","6"
TYPE,SCOPE,ROUTINE,COMMENT,OWNING_ELEMENT,LOCATION
RCOMMENT,"MapInputs","R002_enet10_490_Inputs","********************************************************$NENET IO Slot 1$N********************************************************","NOP()","0"
RCOMMENT,"MapInputs","R002_enet10_490_Inputs","********************************************************$NENET IO Slot 2$N********************************************************","NOP()","7"
RCOMMENT,"MapInputs","R002_enet10_490_Inputs","********************************************************$NENET IO Slot 3$N********************************************************","NOP()","14"
RCOMMENT,"MapInputs","R002_pio10_420_Inputs","********************************************************$NPoint IO Slot 1$N********************************************************","NOP()","0"
RCOMMENT,"MapInputs","R002_pio10_420_Inputs","********************************************************$NPoint IO Slot 2$N********************************************************","NOP()","9"
RCOMMENT,"MapInputs","R002_pio10_420_Inputs","********************************************************$NPoint IO Slot 3$N********************************************************","NOP()","18"
RCOMMENT,"MapInputs","R002_pio10_420_Inputs","********************************************************$NPoint IO Slot 6$N********************************************************","NOP()","27"
RCOMMENT,"MapInputs","R002_pio10_420_Inputs","********************************************************$NPoint IO Slot 7$N********************************************************","NOP()","32"
RCOMMENT,"MapInputs","R002_pio10_420_Inputs","********************************************************$NPoint IO Slot 8$N********************************************************","NOP()","41"
RCOMMENT,"MapInputs","R002_pio10_420_Inputs","********************************************************$NPoint IO Slot 9 Spare$N********************************************************","NOP()","46"
RCOMMENT,"MapInputs","R002_pio10_420_Inputs","********************************************************$NPoint IO Slot 13$N********************************************************","NOP()","47"
RCOMMENT,"MapInputs","R002_pio10_440_Inputs","********************************************************$NPoint IO Slot 1$N********************************************************","NOP()","0"
RCOMMENT,"MapInputs","R002_pio10_440_Inputs","********************************************************$NPoint IO Slot 3$N********************************************************","NOP()","9"
RCOMMENT,"MapInputs","R002_pio10_460_Inputs","********************************************************$NPoint IO Slot 1$N********************************************************","NOP()","0"
RCOMMENT,"MapInputs","R002_pio10_460_Inputs","********************************************************$NPoint IO Slot 2$N********************************************************","NOP()","9"
RCOMMENT,"MapInputs","R002_pio10_460_Inputs","********************************************************$NPoint IO Slot 3$N********************************************************","NOP()","18"
RCOMMENT,"MapInputs","R002_pio10_460_Inputs","********************************************************$NPoint IO Slot 5$N********************************************************","NOP()","27"
RCOMMENT,"MapInputs","R002_pio10_460_Inputs","********************************************************$NPoint IO Slot 6$N********************************************************","NOP()","35"
RCOMMENT,"MapInputs","R002_pio10_480_Inputs","********************************************************$NPoint IO Slot 1$N********************************************************","NOP()","0"
RCOMMENT,"MapInputs","R002_pio10_480_Inputs","********************************************************$NPoint IO Slot 4$N********************************************************","NOP()","9"
RCOMMENT,"MapInputs","R002_pio10_480_Inputs","********************************************************$NPoint IO Slot 4$N********************************************************","NOP()","18"
RCOMMENT,"MapInputs","R002_pio10_480_Inputs","********************************************************$NPoint IO Slot 6$N********************************************************","NOP()","27"
RCOMMENT,"MapInputs","R003_InputBlocks","IB10.2","NOP()","0"
RCOMMENT,"MapInputs","R003_InputBlocks","IB10.5","NOP()","3"
RCOMMENT,"MapInputs","R003_InputBlocks","IB10.7","NOP()","5"
RCOMMENT,"MapInputs","R003_InputBlocks","IB10.8","NOP()","7"
RCOMMENT,"MapInputs","R003_InputBlocks","IB10.9","NOP()","9"
RCOMMENT,"MapInputs","R003_InputBlocks","IB10.10","NOP()","12"
RCOMMENT,"MapInputs","R003_InputBlocks","IB10.11","NOP()","14"
RCOMMENT,"MapInputs","R003_InputBlocks","IB10.12","NOP()","16"
RCOMMENT,"MapInputs","R003_InputBlocks","IB10.17","NOP()","19"
TYPE,SCOPE,ROUTINE,COMMENT,OWNING_ELEMENT,LOCATION
RCOMMENT,"MapOutputs","R002_pio10_420_Outputs","**************************************************************************$NBegin pio42001 Main Enclosure Mapping$N**************************************************************************","NOP()","0"
RCOMMENT,"MapOutputs","R002_pio10_420_Outputs","1734-OB8S Pio Module Slot 5 IO Mapping","NOP()","1"
RCOMMENT,"MapOutputs","R002_pio10_420_Outputs","1734-OB8S Pio Module Slot 6 IO Mapping","NOP()","10"
RCOMMENT,"MapOutputs","R002_pio10_420_Outputs","1734-OB8 Pio Module Slot 15 IO Mapping","NOP()","19"
RCOMMENT,"MapOutputs","R002_pio10_420_Outputs","1734-OB8 Pio Module Slot 23 IO Mapping","NOP()","21"
RCOMMENT,"MapOutputs","R002_pio10_440_Outputs","**************************************************************************$NBegin pio42001 Main Enclosure Mapping$N**************************************************************************","NOP()","0"
RCOMMENT,"MapOutputs","R002_pio10_440_Outputs","1734-OB8S Pio Module Slot 2 IO Mapping","NOP()","1"
RCOMMENT,"MapOutputs","R002_pio10_440_Outputs","1734-OB8 Pio Module Slot 5 IO Mapping","NOP()","10"
RCOMMENT,"MapOutputs","R002_pio10_460_Outputs","**************************************************************************$NBegin pio42001 Main Enclosure Mapping$N**************************************************************************","NOP()","0"
RCOMMENT,"MapOutputs","R002_pio10_460_Outputs","1734-OB8S Pio Module Slot 2 IO Mapping","NOP()","1"
RCOMMENT,"MapOutputs","R002_pio10_460_Outputs","1734-OB8 Pio Module Slot 7 IO Mapping","NOP()","10"
RCOMMENT,"MapOutputs","R002_pio10_460_Outputs","1734-OB8 Pio Module Slot 8 IO Mapping","NOP()","12"
RCOMMENT,"MapOutputs","R002_pio10_480_Outputs","**************************************************************************$NBegin pio480 Main Enclosure Mapping$N**************************************************************************","NOP()","0"
RCOMMENT,"MapOutputs","R002_pio10_480_Outputs","1734-OB8S Pio Module Slot 2 IO Mapping","NOP()","1"
RCOMMENT,"MapOutputs","R002_pio10_480_Outputs","1734-OB8S Pio Module Slot 3 IO Mapping","NOP()","10"
RCOMMENT,"MapOutputs","R002_pio11_420_Outputs","**************************************************************************$NBegin pio42001 Main Enclosure Mapping$N**************************************************************************","NOP()","0"
RCOMMENT,"MapOutputs","R002_pio11_420_Outputs","1734-OB8S Pio Module Slot 4 IO Mapping","NOP()","1"
RCOMMENT,"MapOutputs","R002_pio11_420_Outputs","1734-OB8S Pio Module Slot 5 IO Mapping","NOP()","10"
RCOMMENT,"MapOutputs","R002_pio11_420_Outputs","1734-OB8 Pio Module Slot 8 IO Mapping","NOP()","19"
RCOMMENT,"MapOutputs","R002_pio11_420_Outputs","1734-OB8 Pio Module Slot 15 IO Mapping","NOP()","22"
RCOMMENT,"MapOutputs","R002_pio12_420_Outputs","**************************************************************************$NBegin pio42001 Main Enclosure Mapping$N**************************************************************************","NOP()","0"
RCOMMENT,"MapOutputs","R002_pio12_420_Outputs","1734-OB8S Pio Module Slot 4 IO Mapping","NOP()","1"
RCOMMENT,"MapOutputs","R002_pio12_420_Outputs","1734-OB8S Pio Module Slot 5 IO Mapping","NOP()","10"
RCOMMENT,"MapOutputs","R002_pio12_420_Outputs","1734-OB8 Pio Module Slot 8 IO Mapping","NOP()","19"
RCOMMENT,"MapOutputs","R002_pio12_420_Outputs","1734-OB8 Pio Module Slot 9 IO Mapping","NOP()","22"
TYPE,SCOPE,ROUTINE,COMMENT,OWNING_ELEMENT,LOCATION
RCOMMENT,"Mode","R001_PowerOnReset","****************************************************************************************************************$NMode is to be used for all machine mode logic.$N****************************************************************************************************************","NOP()","0"
RCOMMENT,"Mode","R001_PowerOnReset","****************************************************************************************************************$NMode is to be used for all machine mode logic.$N****************************************************************************************************************","NOP()","2"
RCOMMENT,"Mode","R001_PowerOnReset","System Reset Pushbutton","OTU(System.Zone3.ResetPB)","5"
RCOMMENT,"Mode","R001_PowerOnReset","Control Power Pushbutton","OTE(ControlPowerOn.Interlock)","7"
RCOMMENT,"Mode","R001_PowerOnReset","Visibility on HMI","OTE(ControlPowerOn.Visibility)","14"
RCOMMENT,"Mode","R001_PowerOnReset","System Air","OTE(System.AirOn)","16"
RCOMMENT,"Mode","R001_PowerOnReset","Zone 1 Air","OTE(System.Zone1.AirOn)","17"
RCOMMENT,"Mode","R001_PowerOnReset","Zone 2 Air","OTE(System.Zone2.AirOn)","18"
RCOMMENT,"Mode","R001_PowerOnReset","Zone 3 Air","OTE(System.Zone3.AirOn)","19"
RCOMMENT,"Mode","R001_PowerOnReset","****************************************************************************************************************$NSystem Faulted$N****************************************************************************************************************$N","NOP()","24"
RCOMMENT,"Mode","R002_Zone1_Manual","****************************************************************************************************************$NManual Mode Request/Enable - Entering and Exiting$N****************************************************************************************************************$N","NOP()","0"
RCOMMENT,"Mode","R002_Zone2_Manual","****************************************************************************************************************$NManual Mode Request/Enable - Entering and Exiting$N****************************************************************************************************************$N","NOP()","0"
RCOMMENT,"Mode","R002_Zone3_Manual","****************************************************************************************************************$NManual Mode Request/Enable - Entering and Exiting$N****************************************************************************************************************$N","NOP()","0"
RCOMMENT,"Mode","R003_Zone1_Auto","****************************************************************************************************************$NAuto Mode Request/Enable - Entering and Exiting$N****************************************************************************************************************","NOP()","0"
RCOMMENT,"Mode","R003_Zone2_Auto","****************************************************************************************************************$NAuto Mode Request/Enable - Entering and Exiting$N****************************************************************************************************************","NOP()","0"
RCOMMENT,"Mode","R003_Zone3_Auto","****************************************************************************************************************$NAuto Mode Request/Enable - Entering and Exiting$N****************************************************************************************************************","NOP()","0"
RCOMMENT,"Mode","R004_Zone1_Cycle","****************************************************************************************************************$NIn Cycle Request/Enable$NEntering and Exiting$N****************************************************************************************************************$N","NOP()","0"
RCOMMENT,"Mode","R004_Zone1_Cycle","****************************************************************************************************************$NCycle Stop Request$N****************************************************************************************************************$N","NOP()","10"
RCOMMENT,"Mode","R004_Zone1_Cycle","Machine Lifetime Hour Meter","RES(System.Counters.MachineLifetimeHourMeter)","18"
RCOMMENT,"Mode","R004_Zone2_Cycle","****************************************************************************************************************$NIn Cycle Request/Enable$NEntering and Exiting$N****************************************************************************************************************$N","NOP()","0"
RCOMMENT,"Mode","R004_Zone2_Cycle","****************************************************************************************************************$NCycle Stop Request$N****************************************************************************************************************$N","NOP()","10"
RCOMMENT,"Mode","R004_Zone3_Cycle","****************************************************************************************************************$NIn Cycle Request/Enable$NEntering and Exiting$N****************************************************************************************************************$N","NOP()","0"
RCOMMENT,"Mode","R004_Zone3_Cycle","****************************************************************************************************************$NCycle Stop Request$N****************************************************************************************************************$N","NOP()","10"
RCOMMENT,"Mode","R005_Zone1_Homing","****************************************************************************************************************$NSystem All Home Request and Status.$N****************************************************************************************************************","NOP()","0"
RCOMMENT,"Mode","R005_Zone2_Homing","****************************************************************************************************************$NSystem All Home Request and Status.$N****************************************************************************************************************","NOP()","0"
RCOMMENT,"Mode","R005_Zone3_Homing","****************************************************************************************************************$NSystem All Home Request and Status.$N****************************************************************************************************************","NOP()","0"
RCOMMENT,"Mode","R008_Zone1_RunEmpty","****************************************************************************************************************$NMachine Run Empty Mode.$N****************************************************************************************************************","OTE(System.Zone1.RunEmpty.Interlock)","0"
RCOMMENT,"Mode","R008_Zone2_RunEmpty","****************************************************************************************************************$NMachine Run Empty Mode.$N****************************************************************************************************************","OTE(System.Zone2.RunEmpty.Interlock)","1"
RCOMMENT,"Mode","R008_Zone2_RunEmpty","Mold & Mold Robot clear of any parts","OTL(RBT10_760.Memory[1].13)","6"
RCOMMENT,"Mode","R008_Zone2_RunEmpty","Call Boxing Robot to Clear Nest for Run Empty","OTL(Place_Nest1_Parts_in_QC)","9"
RCOMMENT,"Mode","R008_Zone2_RunEmpty","Call Boxing Robot to Clear Nest for Run Empty","OTL(Place_Nest2_Parts_in_QC)","11"
RCOMMENT,"Mode","R008_Zone2_RunEmpty","Release partial box if there is room to release","OTL(RBT10_755.Memory[2].18)","13"
RCOMMENT,"Mode","R008_Zone2_RunEmpty","Release partial box if there is room to release","OTL(RBT10_755.Memory[2].19)","14"
RCOMMENT,"Mode","R008_Zone2_RunEmpty","Mold/Mold Robot, Press & conveyors, and boxing area clear of all parts","OTL(RBT10_755.Memory[2].22)","15"
RCOMMENT,"Mode","R008_Zone2_RunEmpty","Run Empty Complete, issue Cycle Stop Request","OTL(System.Zone2.RunEmpty_Complete)","16"
RCOMMENT,"Mode","R008_Zone3_RunEmpty","****************************************************************************************************************$NMachine Run Empty Mode.$N****************************************************************************************************************","OTE(System.Zone3.RunEmpty.Interlock)","1"
RCOMMENT,"Mode","R008_Zone3_RunEmpty","Mold & Mold Robot clear of any parts","OTL(RBT10_765.Memory[1].13)","6"
RCOMMENT,"Mode","R008_Zone3_RunEmpty","Call Boxing Robot to Clear Nest for Run Empty","OTL(Place_Nest3_Parts_in_QC)","9"
RCOMMENT,"Mode","R008_Zone3_RunEmpty","Call Boxing Robot to Clear Nest for Run Empty","OTL(Place_Nest4_Parts_in_QC)","11"
RCOMMENT,"Mode","R008_Zone3_RunEmpty","Release partial box if there is room to release","OTL(RBT10_755.Memory[2].20)","13"
RCOMMENT,"Mode","R008_Zone3_RunEmpty","Release partial box if there is room to release","OTL(RBT10_755.Memory[2].21)","14"
RCOMMENT,"Mode","R008_Zone3_RunEmpty","Mold/Mold Robot, Press & conveyors, and boxing area clear of all parts","OTL(RBT10_755.Memory[2].23)","15"
RCOMMENT,"Mode","R008_Zone3_RunEmpty","Run Empty Complete, issue Cycle Stop Request","OTL(System.Zone3.RunEmpty_Complete)","16"
RCOMMENT,"Mode","R010_DryCycle","Manage Dry-Cycle Mode$N","OTU(System.Zone1.DryCycle.PB)","0"
RCOMMENT,"Mode","R010_DryCycle","Visibility on HMI","OTE(System.Zone1.DryCycle.Visibility)","4"
RCOMMENT,"Mode","R010_DryCycle","Manage Dry-Cycle Mode$N","OTU(System.Zone2.DryCycle.PB)","5"
RCOMMENT,"Mode","R010_DryCycle","Visibility on HMI","OTE(System.Zone2.DryCycle.Visibility)","9"
RCOMMENT,"Mode","R010_DryCycle","Manage Dry-Cycle Mode$N","OTU(System.Zone3.DryCycle.PB)","10"
RCOMMENT,"Mode","R010_DryCycle","Visibility on HMI","OTE(System.Zone3.DryCycle.Visibility)","14"
TYPE,SCOPE,ROUTINE,COMMENT,OWNING_ELEMENT,LOCATION
RCOMMENT,"SafetyProgram","R000_MainRoutine","***************************************************************************************************************$NEstop Main Relays Reset Logic$N***************************************************************************************************************","TON(reset_EStopTmr,?,?)","1"
RCOMMENT,"SafetyProgram","R001_EStops","*******************************************************************************************************************$NEmergency Stop Buttons$N*******************************************************************************************************************","NOP()","0"
RCOMMENT,"SafetyProgram","R001_EStops","*******************************************************************************************************************$NHigh Voltage Enclosure E-Stop Button$N*******************************************************************************************************************","DCS(safetyEStops.HighVoltageEncl,EMERGENCY STOP,EQUIVALENT - ACTIVE HIGH,1000,MANUAL,AUTOMATIC,PIO10_480:1:I.Pt00Data,PIO10_480:1:I.Pt01Data,safetyEStops.HighVoltageEncl.InputStatus,safetyEStops.Reset)","5"
RCOMMENT,"SafetyProgram","R001_EStops","*******************************************************************************************************************$NHMI 1 E-Stop Button$N*******************************************************************************************************************","DCS(safetyEStops.HMI1,EMERGENCY STOP,EQUIVALENT - ACTIVE HIGH,1500,MANUAL,AUTOMATIC,PIO10_420:1:I.Pt02Data,PIO10_420:1:I.Pt03Data,safetyEStops.HMI1.InputStatus,safetyEStops.Reset)","10"
RCOMMENT,"SafetyProgram","R001_EStops","*******************************************************************************************************************$NFortress Auto Mid Door E-Stop Button$NDS10.300.1$N*******************************************************************************************************************","DCS(safetyEStops.DS10_300_1,EMERGENCY STOP,EQUIVALENT - ACTIVE HIGH,1500,MANUAL,AUTOMATIC,PIO10_420:1:I.Pt04Data,PIO10_420:1:I.Pt05Data,safetyEStops.DS10_300_1.InputStatus,safetyEStops.Reset)","15"
RCOMMENT,"SafetyProgram","R001_EStops","*******************************************************************************************************************$NFortress Auto End Door E-Stop Button$NDS10.300.26$N*******************************************************************************************************************","DCS(safetyEStops.DS10_300_26,EMERGENCY STOP,EQUIVALENT - ACTIVE HIGH,2000,MANUAL,AUTOMATIC,PIO10_420:1:I.Pt06Data,PIO10_420:1:I.Pt07Data,safetyEStops.DS10_300_26.InputStatus,safetyEStops.Reset)","20"
RCOMMENT,"SafetyProgram","R001_EStops","*******************************************************************************************************************$NFortress Offload Door E-Stop Button$NDS10.301.1$N*******************************************************************************************************************","DCS(safetyEStops.DS10_301_1,EMERGENCY STOP,EQUIVALENT - ACTIVE HIGH,2000,MANUAL,AUTOMATIC,PIO10_460:1:I.Pt02Data,PIO10_460:1:I.Pt03Data,safetyEStops.DS10_301_1.InputStatus,safetyEStops.Reset)","25"
RCOMMENT,"SafetyProgram","R001_EStops","*******************************************************************************************************************$NFortress Mold Tending 1 Door E-Stop Button$NDS11.300.1$N*******************************************************************************************************************","DCS(safetyEStops.DS11_300_1,EMERGENCY STOP,EQUIVALENT - ACTIVE HIGH,2000,MANUAL,AUTOMATIC,PIO11_420:1:I.Pt06Data,PIO11_420:1:I.Pt07Data,safetyEStops.DS11_300_1.InputStatus,safetyEStops.Reset)","30"
RCOMMENT,"SafetyProgram","R001_EStops","*******************************************************************************************************************$NFortress Mold Tending 2 Door E-Stop Button$NDS12.300.1$N*******************************************************************************************************************","DCS(safetyEStops.DS12_300_1,EMERGENCY STOP,EQUIVALENT - ACTIVE HIGH,1500,MANUAL,AUTOMATIC,PIO12_420:1:I.Pt06Data,PIO12_420:1:I.Pt07Data,safetyEStops.DS12_300_1.InputStatus,safetyEStops.Reset)","35"
RCOMMENT,"SafetyProgram","R001_EStops","*******************************************************************************************************************$NHMI 2 E-Stop Button - off load robot location$N*******************************************************************************************************************","DCS(safetyEStops.HMI2,EMERGENCY STOP,EQUIVALENT - ACTIVE HIGH,1500,MANUAL,AUTOMATIC,PIO10_460:1:I.Pt00Data,PIO10_460:1:I.Pt01Data,safetyEStops.HMI2.InputStatus,safetyEStops.Reset)","40"
RCOMMENT,"SafetyProgram","R001_EStops","*******************************************************************************************************************$NHMI 3 E-Stop Button$N*******************************************************************************************************************","DCS(safetyEStops.HMI3,EMERGENCY STOP,EQUIVALENT - ACTIVE HIGH,1500,MANUAL,AUTOMATIC,PIO12_420:2:I.Pt00Data,PIO12_420:2:I.Pt01Data,safetyEStops.HMI3.InputStatus,safetyEStops.Reset)","45"
RCOMMENT,"SafetyProgram","R001_EStops","*******************************************************************************************************************$NPin Loading Robot E-Stop Button$N*******************************************************************************************************************","DCS(safetyEStops.Rbt10_750,EMERGENCY STOP,EQUIVALENT - ACTIVE HIGH,1500,MANUAL,AUTOMATIC,PIO10_420:2:I.Pt04Data,PIO10_420:2:I.Pt05Data,safetyEStops.Rbt10_750.InputStatus,safetyEStops.Reset)","50"
RCOMMENT,"SafetyProgram","R001_EStops","*******************************************************************************************************************$NOffload Robot E-Stop Button$N*******************************************************************************************************************","DCS(safetyEStops.Rbt10_755,EMERGENCY STOP,EQUIVALENT - ACTIVE HIGH,1500,MANUAL,AUTOMATIC,PIO10_460:1:I.Pt06Data,PIO10_460:1:I.Pt07Data,safetyEStops.Rbt10_755.InputStatus,safetyEStops.Reset)","55"
RCOMMENT,"SafetyProgram","R001_EStops","*******************************************************************************************************************$NMold Tending 1 Robot E-Stop Button$N*******************************************************************************************************************","DCS(safetyEStops.Rbt10_760,EMERGENCY STOP,EQUIVALENT - ACTIVE HIGH,1500,MANUAL,AUTOMATIC,PIO11_420:1:I.Pt00Data,PIO11_420:1:I.Pt01Data,safetyEStops.Rbt10_760.InputStatus,safetyEStops.Reset)","60"
RCOMMENT,"SafetyProgram","R001_EStops","*******************************************************************************************************************$NMold Tending 2 Robot E-Stop Button$N*******************************************************************************************************************","DCS(safetyEStops.Rbt10_765,EMERGENCY STOP,EQUIVALENT - ACTIVE HIGH,1500,MANUAL,AUTOMATIC,PIO12_420:1:I.Pt00Data,PIO12_420:1:I.Pt01Data,safetyEStops.Rbt10_765.InputStatus,safetyEStops.Reset)","65"
RCOMMENT,"SafetyProgram","R001_EStops","********************************************************$NReturn from Subroutine$N********************************************************","RET()","69"
RCOMMENT,"SafetyProgram","R002_GuardDoors","*******************************************************************************************************************$NSafety Guard Doors$N*******************************************************************************************************************","OTE(safetyDoors.AllZone1DoorsLocked)","0"
RCOMMENT,"SafetyProgram","R002_GuardDoors","*************************************************************************************************$NGuard Door #1 - DS10.300.1 - Auto Mid Door $N*************************************************************************************************","DCS(safetyDoors.DS10_300_1,SAFETY GATE,EQUIVALENT - ACTIVE HIGH,1000,AUTOMATIC,AUTOMATIC,PIO10_420:2:I.Pt00Data,PIO10_420:2:I.Pt01Data,safetyDoors.DS10_300_1.InputStatus,safetyDoors.Zone1Reset)","4"
RCOMMENT,"SafetyProgram","R002_GuardDoors","*************************************************************************************************$NGuard Door #2 - DS10.300.26 - Auto End Door $N*************************************************************************************************","DCS(safetyDoors.DS10_300_26,SAFETY GATE,EQUIVALENT - ACTIVE HIGH,1000,AUTOMATIC,AUTOMATIC,PIO10_420:2:I.Pt02Data,PIO10_420:2:I.Pt03Data,safetyDoors.DS10_300_26.InputStatus,safetyDoors.Zone1Reset)","7"
RCOMMENT,"SafetyProgram","R002_GuardDoors","*************************************************************************************************$NGuard Door #3 - DS10.301.1 - Offload Door $N*************************************************************************************************","DCS(safetyDoors.DS10_301_1,SAFETY GATE,EQUIVALENT - ACTIVE HIGH,1000,AUTOMATIC,AUTOMATIC,PIO10_460:1:I.Pt04Data,PIO10_460:1:I.Pt05Data,safetyDoors.DS10_301_1.InputStatus,safetyDoors.Zone1Reset)","10"
RCOMMENT,"SafetyProgram","R002_GuardDoors","*************************************************************************************************$NGuard Door #4 - DS11.300.1 - Mold Tend 1 Door $N*************************************************************************************************","DCS(safetyDoors.DS11_300_1,SAFETY GATE,EQUIVALENT - ACTIVE HIGH,1000,AUTOMATIC,AUTOMATIC,PIO11_420:1:I.Pt04Data,PIO11_420:1:I.Pt05Data,safetyDoors.DS11_300_1.InputStatus,safetyDoors.Zone1Reset)","13"
RCOMMENT,"SafetyProgram","R002_GuardDoors","*************************************************************************************************$NGuard Door #5 - DS12.300.1 - Mold Tend 2 Door $N*************************************************************************************************","DCS(safetyDoors.DS12_300_1,SAFETY GATE,EQUIVALENT - ACTIVE HIGH,1000,AUTOMATIC,AUTOMATIC,PIO12_420:1:I.Pt04Data,PIO12_420:1:I.Pt05Data,safetyDoors.DS12_300_1.InputStatus,safetyDoors.Zone1Reset)","16"
RCOMMENT,"SafetyProgram","R002_GuardDoors","********************************************************$NReturn from Subroutine$N********************************************************","RET()","19"
RCOMMENT,"SafetyProgram","R003_Zone1_Relays","*******************************************************************************************************************$NMotion Enable Relays$N*******************************************************************************************************************","NOP()","0"
RCOMMENT,"SafetyProgram","R003_Zone1_Relays","******************************************************************************************************$NMotion Enable Relays 1 and 2     LVE-1$N******************************************************************************************************$NSR10.424.3 & SR10.424.6$N(Pin Load Robot E-Stop/Doors  Relays)","NOP()","3"
RCOMMENT,"SafetyProgram","R003_Zone1_Relays","******************************************************************************************************$NMotion Enable Relays 3 and 4     LVE-1$N******************************************************************************************************$NSR10.424.15 & SR10.424.18  Zone 1A$N(Pin Load Robot Logic, RCON IAI$'s,  VB1 & VB5 Motion Relays)","NOP()","6"
RCOMMENT,"SafetyProgram","R003_Zone1_Relays","******************************************************************************************************$NMotion Enable Relays 5 and 6     LVE-1$N******************************************************************************************************$NSR10.424.28 & SR10.424.31  Zone 1B$N(RCON IAI$'s Motion Relays)","NOP()","11"
RCOMMENT,"SafetyProgram","R003_Zone1_Relays","This relay is not used in Gen2 version of the machine , we left this in to make software portable $N********************************************************************************************************************","ROUT(safetyRelays.MotionRelays5_6.ROUT,NEGATIVE,safetyRelays.MotionRelays5_6.Enable,PIO10_420:3:I.Pt02Data,PIO10_420:3:I.Pt02Data,safetyRelays.Zone1Reset)","14"
RCOMMENT,"SafetyProgram","R003_Zone1_Relays","******************************************************************************************************$NMotion Enable Relays 7 and 8  LVE-2$N******************************************************************************************************$NSR10.442.3 & SR10.442.6  Zone 1C$N(Test Gantry Y-Axis IAI, VB2 Motion Relays)","NOP()","16"
RCOMMENT,"SafetyProgram","R003_Zone1_Relays","******************************************************************************************************$NMotion Enable Relays 9 and 10  LVE-3$N******************************************************************************************************$NSR10.463.3 & SR10.463.6$N(Offload Robot Emergency Stop/Doors  Motion Relays)","NOP()","21"
RCOMMENT,"SafetyProgram","R003_Zone1_Relays","******************************************************************************************************$NMotion Enable Relays 11 and 12  LVE-3$N******************************************************************************************************$NSR10.463.9 & SR10.463.12$N(Offload Robot Logic Power, VB3 & VB4 Motion Relays)","NOP()","25"
RCOMMENT,"SafetyProgram","R003_Zone1_Relays","******************************************************************************************************$NMotion Enable Relays 25 and 26  LVE-1$N******************************************************************************************************$NSR10.424.21 & SR10.424.24$N(Conveyor & Elevator Drive Safety Relays)","NOP()","30"
RCOMMENT,"SafetyProgram","R003_Zone1_Relays","******************************************************************************************************$NMotion Enable Relay 27 and 28  LVE-1$N******************************************************************************************************$NSR10.424.34/SR424.35 and SR10.424.37/SR10.424.38$N(MagneMotion Power Relays)","NOP()","35"
RCOMMENT,"SafetyProgram","R003_Zone1_Relays","********************************************************$NReturn from Subroutine$N********************************************************","RET()","41"
RCOMMENT,"SafetyProgram","R003_Zone2_Relays","*******************************************************************************************************************$NMotion Enable Relays$N*******************************************************************************************************************","NOP()","0"
RCOMMENT,"SafetyProgram","R003_Zone2_Relays","******************************************************************************************************$NMotion Enable Relays 13 and 14     Mold-1$N******************************************************************************************************$NSR11.423.3 & SR11.423.6$N(Mold Tend Robot Door Relays)","NOP()","3"
RCOMMENT,"SafetyProgram","R003_Zone2_Relays","******************************************************************************************************$NMotion Enable Relays 15 and 16     Mold-1$N******************************************************************************************************$NSR11.423.9 & SR11.423.12$N(Mold Tend Robot E-Stop Relays)","NOP()","8"
RCOMMENT,"SafetyProgram","R003_Zone2_Relays","******************************************************************************************************$NMotion Enable Relays 17 and 18     Mold-1$N******************************************************************************************************$NSR11.423.15 & SR11.423.18$N(Mold Tend Door Status to Mold Interface)","NOP()","13"
RCOMMENT,"SafetyProgram","R003_Zone2_Relays","********************************************************$NReturn from Subroutine$N********************************************************","RET()","18"
RCOMMENT,"SafetyProgram","R003_Zone3_Relays","*******************************************************************************************************************$NMotion Enable Relays$N*******************************************************************************************************************","NOP()","0"
RCOMMENT,"SafetyProgram","R003_Zone3_Relays","******************************************************************************************************$NMotion Enable Relays 19 and 20     Mold-2$N******************************************************************************************************$NSR12.423.3 & SR12.423.6$N(Mold Tend Robot Door Relays)","NOP()","3"
RCOMMENT,"SafetyProgram","R003_Zone3_Relays","******************************************************************************************************$NMotion Enable Relays 21 and 22     Mold-2$N******************************************************************************************************$NSR12.423.9 & SR12.423.12$N(Mold Tend Robot E-Stop Relays)","NOP()","8"
RCOMMENT,"SafetyProgram","R003_Zone3_Relays","******************************************************************************************************$NMotion Enable Relays 23 and 24     Mold-2$N******************************************************************************************************$NSR12.423.15 & SR12.423.18$N(Mold Tend Door Status to Mold Interface)","NOP()","13"
RCOMMENT,"SafetyProgram","R003_Zone3_Relays","********************************************************$NReturn from Subroutine$N********************************************************","RET()","18"
RCOMMENT,"SafetyProgram","R005_MainAir","*******************************************************************************************************************$NSystem Air Enable Solenoids$N*******************************************************************************************************************","NOP()","0"
RCOMMENT,"SafetyProgram","R005_MainAir","****************************************************************************************$NZone 1 Air Prep Dump $N$NSolenoid 1 - SOL10.424.3$Nand $NSolenoid 2 - SOL10.424.6$N****************************************************************************************","NOP()","2"
RCOMMENT,"SafetyProgram","R005_MainAir","****************************************************************************************$NZone 2 Air Prep Dump $N$NSolenoid 1 - SOL11.423.21$Nand $NSolenoid 2 - SOL11.423.24$N****************************************************************************************","NOP()","7"
RCOMMENT,"SafetyProgram","R005_MainAir","****************************************************************************************$NZone 3 Air Prep Dump $N$NSolenoid 1 - SOL12.423.21$Nand $NSolenoid 2 - SOL12.423.24$N****************************************************************************************","NOP()","12"
TYPE,SCOPE,ROUTINE,COMMENT,OWNING_ELEMENT,LOCATION
RCOMMENT,"Station_10_A13","R001_Inputs","Robot to PLC","CPS(RBT10_760:I.Data[21],RBT10_760.i.EuroMap[0],4)","0"
RCOMMENT,"Station_10_A13","R001_Inputs","********************************************************$NPIO11.420     Point IO Slot 1$N********************************************************","NOP()","2"
RCOMMENT,"Station_10_A13","R001_Inputs","********************************************************$NPIO11.420     Point IO Slot 2$N********************************************************","NOP()","11"
RCOMMENT,"Station_10_A13","R001_Inputs","********************************************************$NPIO11.420     Point IO Slot 3$N********************************************************","NOP()","20"
RCOMMENT,"Station_10_A13","R001_Inputs","********************************************************$NPIO11.420     Point IO Slot 6$N********************************************************","NOP()","29"
RCOMMENT,"Station_10_A13","R001_Inputs","********************************************************$NPoint IO Slot 7$N********************************************************","NOP()","38"
RCOMMENT,"Station_10_A13","R001_Inputs","********************************************************$NVB21.1.I1$NMold Tending 1 Valve Bank 1 Inputs$N********************************************************","NOP()","48"
RCOMMENT,"Station_10_A13","R005_Operator","****************************************************************************************************************$NOperator Request Entire Tool Reject$N****************************************************************************************************************","OTE(RBT10_760.Request[0].Interlock)","0"
RCOMMENT,"Station_10_A13","R005_Operator","****************************************************************************************************************$NOperator Request Robot HOME$N****************************************************************************************************************","OTE(RBT10_760.Request[1].Interlock)","5"
RCOMMENT,"Station_10_A13","R005_Operator","****************************************************************************************************************$NOperator Request Robot Abort$N****************************************************************************************************************","OTE(RBT10_760.Request[2].Interlock)","10"
RCOMMENT,"Station_10_A13","R005_Operator","****************************************************************************************************************$NOperator Request Robot Start$N****************************************************************************************************************","OTE(RBT10_760.Request[3].Interlock)","15"
RCOMMENT,"Station_10_A13","R005_Operator","****************************************************************************************************************$NOperator Request Robot Stop$N****************************************************************************************************************","OTE(RBT10_760.Request[4].Interlock)","20"
RCOMMENT,"Station_10_A13","R005_Operator","****************************************************************************************************************$NOperator Request Robot Resume$N****************************************************************************************************************","OTE(RBT10_760.Request[5].Interlock)","25"
RCOMMENT,"Station_10_A13","R005_Operator","****************************************************************************************************************$NOperator Request Robot Pause$N****************************************************************************************************************","OTE(RBT10_760.Request[6].Interlock)","30"
RCOMMENT,"Station_10_A13","R005_Operator","****************************************************************************************************************$NOperator Request Quality Check Mold Reject$N****************************************************************************************************************$N(Quality Check only drops one shot of parts straight from Mold)","OTE(RBT10_760.Request[8].Interlock)","35"
RCOMMENT,"Station_10_A13","R005_Operator","****************************************************************************************************************$NOperator Request Quality Check Degate Reject$N****************************************************************************************************************$N(Quality Check only drops one shot of parts after Degating)","OTE(RBT10_760.Request[9].Interlock)","47"
RCOMMENT,"Station_10_A13","R005_Operator","****************************************************************************************************************$NOperator Request Quality Check Assembly Reject$N****************************************************************************************************************$N(Quality Check only drops one shot of parts after Assembly)","OTE(RBT10_760.Request[10].Interlock)","59"
RCOMMENT,"Station_10_A13","R005_Operator","****************************************************************************************************************$NOperator Request Startup Parts Mode$N****************************************************************************************************************$N$N(Rejects all mold parts for designated number of times)","OTE(RBT10_760.Request[11].Interlock)","71"
RCOMMENT,"Station_10_A13","R005_Operator","****************************************************************************************************************$NOperator Request Startup Parts Mode$N****************************************************************************************************************$N$N(Rejects all mold parts for designated number of times)","MOV(0,Startup_Reject_Count)","72"
RCOMMENT,"Station_10_A13","R005_Operator","****************************************************************************************************************$NOperator Request Robot MAINT$N****************************************************************************************************************","OTE(RBT10_760.Request[12].Interlock)","79"
RCOMMENT,"Station_10_A13","R005_Operator","********************************************************$NReturn from Subroutine$N********************************************************","RET()","83"
RCOMMENT,"Station_10_A13","R010_Status","Status complete triggers pallet command to roller station","OTE(Status.Complete)","14"
RCOMMENT,"Station_10_A13","R010_Status","Test conveyor bit for when robot will not leave pallet after releasing parts$N","OTE(RBT10_760.Memory[2].30)","16"
RCOMMENT,"Station_10_A13","R040_iaiHorNipper_PointTable","********************************************************$NNipper Horizontal Adjustment Point Table$N*******************************************************","NOP()","0"
RCOMMENT,"Station_10_A13","R040_iaiHorNipper_PointTable","Power Control$N-Major Faults Cycle Power","OTE(O11_420_9[3].Command)","8"
RCOMMENT,"Station_10_A13","R040_iaiHorNipper_PointTable","Move to Position Zero$N Home Position","OTE(Horizontal_Nipper_Actuator.Point[0].MoveReq)","15"
RCOMMENT,"Station_10_A13","R040_iaiHorNipper_PointTable","Move to Position One","OTE(Horizontal_Nipper_Actuator.Point[1].MoveReq)","19"
RCOMMENT,"Station_10_A13","R040_iaiHorNipper_PointTable","Move to Position Two","OTE(Horizontal_Nipper_Actuator.Point[2].MoveReq)","23"
RCOMMENT,"Station_10_A13","R040_iaiHorNipper_PointTable","Move to Position Three","OTE(Horizontal_Nipper_Actuator.Point[3].MoveReq)","27"
RCOMMENT,"Station_10_A13","R040_iaiHorNipper_PointTable","Move to Position Four","OTE(Horizontal_Nipper_Actuator.Point[4].MoveReq)","31"
RCOMMENT,"Station_10_A13","R040_iaiHorNipper_PointTable","***********************************$NBegin HMI Edits$N***********************************","NOP()","34"
RCOMMENT,"Station_10_A13","R040_iaiHorNipper_PointTable","Servo Home Command","OTU(Horizontal_Nipper_Actuator.HomePB)","36"
RCOMMENT,"Station_10_A13","R040_iaiHorNipper_PointTable","Update Move Settings Based on Index Number","MOV(Horizontal_Nipper_Actuator.Point[Move_Idx2].Decel,iai_Horizontal_Nipper_Actuator.MotionCtrl.Decel)","37"
RCOMMENT,"Station_10_A13","R040_iaiHorNipper_PointTable","Move Request","IAM(iai_Horizontal_Nipper_Actuator.MotionCtrl,iai_Horizontal_Nipper_Actuator.MotionCtrl.Position,iai_Horizontal_Nipper_Actuator.MotionCtrl.Speed,iai_Horizontal_Nipper_Actuator.MotionCtrl.Accel,iai_Horizontal_Nipper_Actuator.MotionCtrl.Decel,0.2,1,iai_Horizontal_Nipper_Actuator.inputs,iai_Horizontal_Nipper_Actuator.outputs,System.Reset)","38"
RCOMMENT,"Station_10_A13","R040_iaiVertNipper_PointTable","********************************************************$NNipper Vertical  Adjustment Point Table$N*******************************************************","NOP()","0"
RCOMMENT,"Station_10_A13","R040_iaiVertNipper_PointTable","Power Control$N-Major Faults Cycle Power","OTE(O11_420_9[4].Command)","8"
RCOMMENT,"Station_10_A13","R040_iaiVertNipper_PointTable","Move to Position Zero$N Home Position","OTE(Vertical_Nipper_Actuator.Point[0].MoveReq)","15"
RCOMMENT,"Station_10_A13","R040_iaiVertNipper_PointTable","Move to Position One","OTE(Vertical_Nipper_Actuator.Point[1].MoveReq)","19"
RCOMMENT,"Station_10_A13","R040_iaiVertNipper_PointTable","Move to Position Two","OTE(Vertical_Nipper_Actuator.Point[2].MoveReq)","23"
RCOMMENT,"Station_10_A13","R040_iaiVertNipper_PointTable","Move to Position Three","OTE(Vertical_Nipper_Actuator.Point[3].MoveReq)","27"
RCOMMENT,"Station_10_A13","R040_iaiVertNipper_PointTable","Move to Position Four","OTE(Vertical_Nipper_Actuator.Point[4].MoveReq)","31"
RCOMMENT,"Station_10_A13","R040_iaiVertNipper_PointTable","***********************************$NBegin HMI Edits$N***********************************","NOP()","34"
RCOMMENT,"Station_10_A13","R040_iaiVertNipper_PointTable","Servo Home Command","OTU(Vertical_Nipper_Actuator.HomePB)","36"
RCOMMENT,"Station_10_A13","R040_iaiVertNipper_PointTable","Update Move Settings Based on Index Number","MOV(Vertical_Nipper_Actuator.Point[Move_Idx].Decel,iai_Vertical_Nipper_Actuator.MotionCtrl.Decel)","37"
RCOMMENT,"Station_10_A13","R040_iaiVertNipper_PointTable","Move Request","IAM(iai_Vertical_Nipper_Actuator.MotionCtrl,iai_Vertical_Nipper_Actuator.MotionCtrl.Position,iai_Vertical_Nipper_Actuator.MotionCtrl.Speed,iai_Vertical_Nipper_Actuator.MotionCtrl.Accel,iai_Vertical_Nipper_Actuator.MotionCtrl.Decel,0.1,0,iai_Vertical_Nipper_Actuator.inputs,iai_Vertical_Nipper_Actuator.outputs,System.Reset)","38"
RCOMMENT,"Station_10_A13","R060_Valves","Robot Wrist Cylinder$N","SOLENOID(Mold1Wrist,VB21_1_V[1],System.Zone2.PowerAndAirOn,System.Zone2.Auto.Mode,System.Zone2.Cycle.Mode,System.Zone2.Manual.Mode,System.Reset,VB21_1_I1[0].Input,VB21_1_I1[1].Input,VB21_1_V[1].Home.InPositionTimer.PRE,VB21_1_V[1].Home.FaultTimer.PRE,VB21_1_V[1].Work.InPositionTimer.PRE,VB21_1_V[1].Work.FaultTimer.PRE,Global.SimulationEnabled)","0"
RCOMMENT,"Station_10_A13","R060_Valves","Mold Tend Runner Grippers","SOLENOID(Mold1RunnerGripper,VB21_1_V[3],System.Zone2.PowerAndAirOn,System.Zone2.Auto.Mode,System.Zone2.Cycle.Mode,System.Zone2.Manual.Mode,System.Reset,1,1,VB21_1_V[3].Home.InPositionTimer.PRE,VB21_1_V[3].Home.FaultTimer.PRE,VB21_1_V[3].Work.InPositionTimer.PRE,VB21_1_V[3].Work.FaultTimer.PRE,Global.SimulationEnabled)","1"
RCOMMENT,"Station_10_A13","R060_Valves","Mold Tend Module Gripper 1","SOLENOID(Mold1ModuleGripper1,VB21_1_V[4],System.Zone2.PowerAndAirOn,System.Zone2.Auto.Mode,System.Zone2.Cycle.Mode,System.Zone2.Manual.Mode,System.Reset,1,1,VB21_1_V[4].Home.InPositionTimer.PRE,VB21_1_V[4].Home.FaultTimer.PRE,VB21_1_V[4].Work.InPositionTimer.PRE,VB21_1_V[4].Work.FaultTimer.PRE,Global.SimulationEnabled)","2"
RCOMMENT,"Station_10_A13","R060_Valves","Mold Tend Module Gripper 2","SOLENOID(Mold1ModuleGripper2,VB21_1_V[5],System.Zone2.PowerAndAirOn,System.Zone2.Auto.Mode,System.Zone2.Cycle.Mode,System.Zone2.Manual.Mode,System.Reset,1,1,VB21_1_V[5].Home.InPositionTimer.PRE,VB21_1_V[5].Home.FaultTimer.PRE,VB21_1_V[5].Work.InPositionTimer.PRE,VB21_1_V[5].Work.FaultTimer.PRE,Global.SimulationEnabled)","3"
RCOMMENT,"Station_10_A13","R060_Valves","Mold Tend Module Gripper 3","SOLENOID(Mold1ModuleGripper3,VB21_1_V[6],System.Zone2.PowerAndAirOn,System.Zone2.Auto.Mode,System.Zone2.Cycle.Mode,System.Zone2.Manual.Mode,System.Reset,1,1,VB21_1_V[6].Home.InPositionTimer.PRE,VB21_1_V[6].Home.FaultTimer.PRE,VB21_1_V[6].Work.InPositionTimer.PRE,VB21_1_V[6].Work.FaultTimer.PRE,Global.SimulationEnabled)","4"
RCOMMENT,"Station_10_A13","R060_Valves","Mold Tend Module Gripper 4","SOLENOID(Mold1ModuleGripper4,VB21_1_V[7],System.Zone2.PowerAndAirOn,System.Zone2.Auto.Mode,System.Zone2.Cycle.Mode,System.Zone2.Manual.Mode,System.Reset,1,1,VB21_1_V[7].Home.InPositionTimer.PRE,VB21_1_V[7].Home.FaultTimer.PRE,VB21_1_V[7].Work.InPositionTimer.PRE,VB21_1_V[7].Work.FaultTimer.PRE,Global.SimulationEnabled)","5"
RCOMMENT,"Station_10_A13","R060_Valves","Mold Tend Degate 1&2","SOLENOID(Degate1_2,VB21_2_V[1],System.Zone2.PowerAndAirOn,System.Zone2.Auto.Mode,System.Zone2.Cycle.Mode,System.Zone2.Manual.Mode,System.Reset,0,0,VB21_2_V[1].Home.InPositionTimer.PRE,VB21_2_V[1].Home.FaultTimer.PRE,VB21_2_V[1].Work.InPositionTimer.PRE,VB21_2_V[1].Work.FaultTimer.PRE,Global.SimulationEnabled)","6"
RCOMMENT,"Station_10_A13","R060_Valves","Mold Tend Degate 3&4","SOLENOID(Degate3_4,VB21_2_V[2],System.Zone2.PowerAndAirOn,System.Zone2.Auto.Mode,System.Zone2.Cycle.Mode,System.Zone2.Manual.Mode,System.Reset,0,0,VB21_2_V[2].Home.InPositionTimer.PRE,VB21_2_V[2].Home.FaultTimer.PRE,VB21_2_V[2].Work.InPositionTimer.PRE,VB21_2_V[2].Work.FaultTimer.PRE,Global.SimulationEnabled)","7"
RCOMMENT,"Station_10_A13","R070_Staubli_Calls","$N1=Home, 5=Maint, 10=Mold Pick, 12=Nipper, 14=Runner Regrind, 16=Cooling Place, 17=Cooling Pick, 19=Conveyor Place, 20=Reject$N","NOP()","0"
RCOMMENT,"Station_10_A13","R070_Staubli_Calls","********************************************************$NRobot Start Cycle$N********************************************************","OTE(RBT10_760.o.VALPlast.0)","1"
RCOMMENT,"Station_10_A13","R070_Staubli_Calls","********************************************************$NRobot Stop Cycle$N********************************************************","MOV(0,RBT10_760.o.CmdReq)","2"
RCOMMENT,"Station_10_A13","R070_Staubli_Calls","********************************************************$NRobot Pause Cycle$N********************************************************","OTE(RBT10_760.o.VALPlast.2)","4"
RCOMMENT,"Station_10_A13","R070_Staubli_Calls","********************************************************$NRobot Resume Cycle$N********************************************************","OTE(RBT10_760.o.VALPlast.3)","5"
RCOMMENT,"Station_10_A13","R070_Staubli_Calls","********************************************************$NRobot Abort Cycle$N********************************************************","OTE(RBT10_760.o.VALPlast.4)","6"
RCOMMENT,"Station_10_A13","R070_Staubli_Calls","Send Product Type to Robot$N1 = 6$Q INT 4-Cavities 00716A$N2 = 4$Q INT 4-Cavities 00776$N3 = 6$Q INT 4-Cavities 00777$N4 = 4.5$Q FE 4-Cavities 00778$N5 = 6.5$Q FE 4-Cavities 00779","MOV(5,RBT10_760.o.UserCntrl)","8"
RCOMMENT,"Station_10_A13","R070_Staubli_Calls","********************************************************$NCall Robot HOME$N********************************************************","MOV(1,RBT10_760.o.CmdReq)","11"
RCOMMENT,"Station_10_A13","R070_Staubli_Calls","********************************************************$NCall Robot to Maintanance Pos$N********************************************************","MOV(5,RBT10_760.o.CmdReq)","12"
RCOMMENT,"Station_10_A13","R070_Staubli_Calls","MOLD CALL","MOV(10,RBT10_760.o.CmdReq)","15"
RCOMMENT,"Station_10_A13","R070_Staubli_Calls","DEGATE CALL","MOV(11,RBT10_760.o.CmdReq)","17"
RCOMMENT,"Station_10_A13","R070_Staubli_Calls","DEGATE CHUTE CALL","MOV(12,RBT10_760.o.CmdReq)","18"
RCOMMENT,"Station_10_A13","R070_Staubli_Calls","FLIP RACK PLACE CALL$N(Called From Within DeGate Chute Program)","MOV(13,RBT10_760.o.CmdReq)","19"
RCOMMENT,"Station_10_A13","R070_Staubli_Calls","FLIP RACK PICK CALL$N(Called From Within Flip Rack Place Program)","MOV(14,RBT10_760.o.CmdReq)","21"
RCOMMENT,"Station_10_A13","R070_Staubli_Calls","CONVEYOR PLACE CALL$N","MOV(15,RBT10_760.o.CmdReq)","22"
RCOMMENT,"Station_10_A13","R070_Staubli_Calls","********************************************************$NCall Robot to QC CHUTE$N********************************************************","MOV(16,RBT10_760.o.CmdReq)","23"
RCOMMENT,"Station_10_A13","R070_Staubli_Calls","********************************************************$NCall Robot to REJECT @ DeGATE CHUTE$N********************************************************","MOV(17,RBT10_760.o.CmdReq)","29"
RCOMMENT,"Station_10_A13","R070_Staubli_Calls","********************************************************$NEXECUTE CALLS & OK TO ENTER ZONES$N********************************************************","NOP()","31"
RCOMMENT,"Station_10_A13","R070_Staubli_Handshakes","MOLD PICK$N $N","OTL(RBT10_760.Memory[0].0)","0"
RCOMMENT,"Station_10_A13","R070_Staubli_Handshakes","Robot @ Mold Pick, Open Grippers (Clamp Part)","OTL(RBT10_760.Memory[0].19)","1"
RCOMMENT,"Station_10_A13","R070_Staubli_Handshakes","DEGATE MODULES$N $N","OTL(RBT10_760.Memory[0].6)","7"
RCOMMENT,"Station_10_A13","R070_Staubli_Handshakes","Robot @ DeGate, Locate Nipper IAI$'s$N","OTL(RBT10_760.Memory[0].8)","9"
RCOMMENT,"Station_10_A13","R070_Staubli_Handshakes","Robot @ DeGate, Actuate Nippers$N","OTL(RBT10_760.Memory[0].9)","10"
RCOMMENT,"Station_10_A13","R070_Staubli_Handshakes","Robot @ DeGate, Retract Nippers, Home IAI$'s","OTL(RBT10_760.Memory[0].10)","11"
RCOMMENT,"Station_10_A13","R070_Staubli_Handshakes","REGRIND RUNNERS$N $NREJECT$N$N","OTL(RBT10_760.Memory[0].13)","17"
RCOMMENT,"Station_10_A13","R070_Staubli_Handshakes","Release Runners","OTL(RBT10_760.Memory[0].14)","18"
RCOMMENT,"Station_10_A13","R070_Staubli_Handshakes","FLIP RACK PLACE/PICK$N","OTU(RBT10_760.Memory[0].14)","22"
RCOMMENT,"Station_10_A13","R070_Staubli_Handshakes","Place Modules Flip Rack 2","OTU(RBT10_760.Memory[0].19)","25"
RCOMMENT,"Station_10_A13","R070_Staubli_Handshakes","Timer to allow Modules to cool for 3 Mold Cycles (50 Seconds) before picking and processing","OTE(Rack_ReadyToPick.2)","28"
RCOMMENT,"Station_10_A13","R070_Staubli_Handshakes","Pick Modules Cooling Rack 2","OTU(RBT10_760.Memory[1].26)","30"
RCOMMENT,"Station_10_A13","R070_Staubli_Handshakes","CONVEYOR PLACE","OTL(RBT10_760.Memory[1].0)","35"
RCOMMENT,"Station_10_A13","R070_Staubli_Handshakes","Place Module 1 on Conveyor Pallet","OTL(RBT10_760.Memory[1].1)","36"
RCOMMENT,"Station_10_A13","R070_Staubli_Handshakes","Place Module 2 on Conveyor Pallet","OTL(RBT10_760.Memory[1].2)","37"
RCOMMENT,"Station_10_A13","R070_Staubli_Handshakes","Clear Conveyor Place Memories$N","OTU(RBT10_760.Memory[1].5)","39"
RCOMMENT,"Station_10_A13","R070_Staubli_Status","Robot Ready","OTE(RBT10_760.Ready)","0"
RCOMMENT,"Station_10_A13","R070_Staubli_Status","Robot Ready for Command","OTE(RBT10_760.ReadyforCMD)","1"
RCOMMENT,"Station_10_A13","R070_Staubli_Status","Robot Busy","OTE(RBT10_760.Busy)","2"
RCOMMENT,"Station_10_A13","R070_Staubli_Status","Robot Paused","OTE(RBT10_760.Pause)","3"
RCOMMENT,"Station_10_A13","R070_Staubli_Status","Robot in Cycle","OTE(RBT10_760.InCycle)","4"
RCOMMENT,"Station_10_A13","R070_Staubli_Status","Robot in Error","OTE(RBT10_760.Error)","5"
RCOMMENT,"Station_10_A13","R070_Staubli_Status","EuroMap Status","NOP()","6"
RCOMMENT,"Station_10_A13","R070_Staubli_Status","Robot Memory Status","NOP()","8"
RCOMMENT,"Station_10_A13","R070_Staubli_Status","Tool Gripper Status$N","OTE(RBT10_760.Memory[2].1)","9"
RCOMMENT,"Station_10_A13","R070_Staubli_Status","Pick Parts from Mold ONLY (Run Empty Mode)$N0 = Ok to close mold$N1= NOT ok to close mold$N","OTE(RBT10_760.o.ProgAck.26)","10"
RCOMMENT,"Station_10_A13","R070_Staubli_Status","Robot @ Home","OTE(RBT10_760.o.ProgAck.27)","11"
RCOMMENT,"Station_10_A13","R070_Staubli_Status","Robot @ Mold","OTE(RBT10_760.o.ProgAck.28)","12"
RCOMMENT,"Station_10_A13","R070_Staubli_Status","Robot Close Mold Signal$NMemory used for when switching mold modes","OTL(RBT10_760.Memory[1].10)","13"
RCOMMENT,"Station_10_A13","R070_Staubli_Status","Modules in Mold (PLC)$N $N","OTL(RBT10_760.Memory[1].11)","16"
RCOMMENT,"Station_10_A13","R070_Staubli_Status","Robot has Runner Memory$N","OTL(RBT10_760.Memory[1].16)","19"
RCOMMENT,"Station_10_A13","R070_Staubli_Status","Robot has Parts Memory$N","OTL(RBT10_760.Memory[1].17)","21"
RCOMMENT,"Station_10_A13","R070_Staubli_Status","Clear Tooling if parts are waiting in Mold$N","OTL(RBT10_760.Memory[2].17)","23"
RCOMMENT,"Station_10_A13","R070_Staubli_Status","Mold reject signal$N $N","OTL(RBT10_760.Memory[2].20)","25"
RCOMMENT,"Station_10_A13","R070_Staubli_Status","Reject Parts that sit in mold too long$N $N","OTL(RBT10_760.Memory[2].21)","27"
RCOMMENT,"Station_10_A13","R070_Staubli_Status","Reject Modules that sit on the tool too long$N","OTL(RBT10_760.Memory[2].22)","29"
RCOMMENT,"Station_10_A13","R070_Staubli_Status","Issue Cycle Stop if molded parts are rejected X number of  times concurrently while Assembly Zone is not in Cycle","OTE(Stop_Cycle)","32"
RCOMMENT,"Station_10_A13","R070_Staubli_Status","********************************************************$NRECOVERY$N********************************************************$N","NOP()","35"
RCOMMENT,"Station_10_A13","R070_Staubli_Status","Robot in Mold Area Too Long","OTL(RBT10_760.Memory[2].14)","36"
RCOMMENT,"Station_10_A13","R070_Staubli_Status","Robot in Cycle and Mold in Manual Error","OTE(RBT10_760.Memory[2].15)","38"
RCOMMENT,"Station_10_A13","R070_Staubli_Status","When Robot is E-Stopped inside Mold, grip parts if Ejectors are forward","OTL(RBT10_760.Memory[2].16)","39"
RCOMMENT,"Station_10_A13","R070_Staubli_Status","Robot Speed Control for Reject and Floor Bin Program Calls","MOV(rbt10_760_PreviousSpeed,RBT10_760.Speed)","44"
RCOMMENT,"Station_10_A13","R070_Staubli_Status","Clear Fault","OTE(RBT10_760.o.CmdCntrl.HwFaultAck)","48"
RCOMMENT,"Station_10_A13","R070_Staubli_Status","Robot In MOLD","DIV(RobotInMold_Timer.ACC,1000,RobotInMold_CurrentCycleTime_Sec)","50"
RCOMMENT,"Station_10_A13","R070_Staubli_Status","Mold Open Cycle Time","DIV(Mold_Open_Timer.ACC,1000,Mold_Open_CurrentCycleTime_Sec)","52"
RCOMMENT,"Station_10_A13","R070_Staubli_Status","Robot at Conveyor","DIV(Conveyor_Place_CycleTimer.ACC,1000,Conveyor_Place_CurrentCycleTime_Sec)","54"
RCOMMENT,"Station_10_A13","R070_Staubli_Status","Mold Closed Time","DIV(Mold_Tending_Closed_CycleTimer.ACC,1000,Mold_Tending_Closed_CurrentCycleTime_Sec)","56"
RCOMMENT,"Station_10_A13","R090_Outputs","PLC to Robot","CPS(RBT10_760.o.VALPlast,RBT10_760:O.Data[17],1)","0"
RCOMMENT,"Station_10_A13","R090_Outputs","------------------------------------------------------------$NFIVE COLOR BANNER LED LIGHTS$N------------------------------------------------------------$NColor 1 = White (Input 1 ON), Color 2 = Green (Input 2 ON), Color 3 = Red (Input 3 ON)$NColor 4 = Yel","MOV(\System.Light_Color,\System.Last_Color[6])","2"
RCOMMENT,"Station_10_A13","R090_Outputs","PIO11.420     1734-OB8 Pio Module Slot 8 IO Mapping","NOP()","3"
RCOMMENT,"Station_10_A13","R090_Outputs","Reset Mold Alarms","OTE(O11_420_8[0].Command)","4"
RCOMMENT,"Station_10_A13","R090_Outputs","PIO11.420     1734-OB8 Pio Module Slot 15 IO Mapping","NOP()","8"
RCOMMENT,"Station_10_A13","R090_Outputs","------------------------------------------------------------$NVB21.1$N------------------------------------------------------------","NOP()","14"
RCOMMENT,"Station_10_A13","R090_Outputs","Mold Wrist Cyl","OTU(VB21_1:O.Data[0].1)","15"
RCOMMENT,"Station_10_A13","R090_Outputs","Spare","OTU(VB21_1:O.Data[0].3)","16"
RCOMMENT,"Station_10_A13","R090_Outputs","Runner Gripper","OTU(VB21_1:O.Data[0].5)","17"
RCOMMENT,"Station_10_A13","R090_Outputs","Module Gripper 1","OTU(VB21_1:O.Data[0].7)","18"
RCOMMENT,"Station_10_A13","R090_Outputs","Module Gripper 2","OTU(VB21_1:O.Data[1].1)","19"
RCOMMENT,"Station_10_A13","R090_Outputs","Module Gripper 3","OTU(VB21_1:O.Data[1].3)","20"
RCOMMENT,"Station_10_A13","R090_Outputs","Module Gripper 4","OTU(VB21_1:O.Data[1].5)","21"
RCOMMENT,"Station_10_A13","R090_Outputs","Spare","OTE(VB21_1:O.Data[1].6)","22"
RCOMMENT,"Station_10_A13","R090_Outputs","------------------------------------------------------------$NVB21.2$N------------------------------------------------------------","NOP()","23"
RCOMMENT,"Station_10_A13","R090_Outputs","Nipper 1 & 2","OTE(VB21_2:O.OutputArea[0].0)","24"
RCOMMENT,"Station_10_A13","R090_Outputs","Nipper 3 & 4","OTE(VB21_2:O.OutputArea[0].2)","25"
RCOMMENT,"Station_10_A13","R090_Outputs","Spare","OTE(VB21_2:O.OutputArea[0].4)","26"
RCOMMENT,"Station_10_A13","R090_Outputs","Spare$N","OTE(VB21_2:O.OutputArea[0].6)","27"
RCOMMENT,"Station_10_A13","R100_Data","Info Only$N","NOP()","1"
RCOMMENT,"Station_10_A13","R100_Data","Info Only$N","NOP()","2"
RCOMMENT,"Station_10_A13","R100_Data","Update Pallet ID for Data Tracking$N $N","MOV(ID2,vehicle_mgr_array[ID2].Pallet._PalletID)","5"
RCOMMENT,"Station_10_A13","R100_Data","Place Modules on Conveyor Pallet","MOV(\System.RecipeActive.Mold1.RollerPin_Qty,vehicle_mgr_array[ID2].Pallet.RollerPin_Qty)","6"
RCOMMENT,"Station_10_A13","R100_Data","Place Modules on Conveyor Pallet","MOV(\System.RecipeActive.Mold1.RollerPin_Qty,vehicle_mgr_array[ID2].Pallet.RollerPin_Qty)","7"
TYPE,SCOPE,ROUTINE,COMMENT,OWNING_ELEMENT,LOCATION
RCOMMENT,"Station_20_A12","R001_Inputs","Robot to PLC","CPS(RBT10_765:I.Data[21],RBT10_765.i.EuroMap[0],4)","0"
RCOMMENT,"Station_20_A12","R001_Inputs","********************************************************$NPoint IO Slot 1$N********************************************************","NOP()","1"
RCOMMENT,"Station_20_A12","R001_Inputs","********************************************************$NPoint IO Slot 2$N********************************************************","NOP()","10"
RCOMMENT,"Station_20_A12","R001_Inputs","********************************************************$NPoint IO Slot 3$N********************************************************","NOP()","19"
RCOMMENT,"Station_20_A12","R001_Inputs","********************************************************$NPoint IO Slot 6$N********************************************************","NOP()","28"
RCOMMENT,"Station_20_A12","R001_Inputs","********************************************************$NPoint IO Slot 7$N********************************************************","NOP()","37"
RCOMMENT,"Station_20_A12","R001_Inputs","********************************************************$NVB22.1.I1$NMold Tending 2 Valve Bank 1 Inputs$N********************************************************","NOP()","47"
RCOMMENT,"Station_20_A12","R005_Operator","****************************************************************************************************************$NOperator Request Entire Tool Reject$N****************************************************************************************************************","OTE(RBT10_765.Request[0].Interlock)","0"
RCOMMENT,"Station_20_A12","R005_Operator","****************************************************************************************************************$NOperator Request Robot HOME$N****************************************************************************************************************","OTE(RBT10_765.Request[1].Interlock)","5"
RCOMMENT,"Station_20_A12","R005_Operator","****************************************************************************************************************$NOperator Request Robot Abort$N****************************************************************************************************************","OTE(RBT10_765.Request[2].Interlock)","10"
RCOMMENT,"Station_20_A12","R005_Operator","****************************************************************************************************************$NOperator Request Robot Start$N****************************************************************************************************************","OTE(RBT10_765.Request[3].Interlock)","15"
RCOMMENT,"Station_20_A12","R005_Operator","****************************************************************************************************************$NOperator Request Robot Stop$N****************************************************************************************************************","OTE(RBT10_765.Request[4].Interlock)","20"
RCOMMENT,"Station_20_A12","R005_Operator","****************************************************************************************************************$NOperator Request Robot Resume$N****************************************************************************************************************","OTE(RBT10_765.Request[5].Interlock)","25"
RCOMMENT,"Station_20_A12","R005_Operator","****************************************************************************************************************$NOperator Request Robot Pause$N****************************************************************************************************************","OTE(RBT10_765.Request[6].Interlock)","30"
RCOMMENT,"Station_20_A12","R005_Operator","****************************************************************************************************************$NOperator Request Quality Check Mold Reject$N****************************************************************************************************************$N(Quality Check only drops one shot of parts straight from Mold)","OTE(RBT10_765.Request[8].Interlock)","35"
RCOMMENT,"Station_20_A12","R005_Operator","****************************************************************************************************************$NOperator Request Quality Check Degate Reject$N****************************************************************************************************************$N(Quality Check only drops one shot of parts after Degating)","OTE(RBT10_765.Request[9].Interlock)","47"
RCOMMENT,"Station_20_A12","R005_Operator","****************************************************************************************************************$NOperator Request Quality Check Assembly Reject$N****************************************************************************************************************$N(Quality Check only drops one shot of parts after Assembly)","OTE(RBT10_765.Request[10].Interlock)","59"
RCOMMENT,"Station_20_A12","R005_Operator","****************************************************************************************************************$NOperator Request Startup Parts Mode$N****************************************************************************************************************$N$N(Rejects all mold parts for designated number of times)","OTE(RBT10_765.Request[11].Interlock)","71"
RCOMMENT,"Station_20_A12","R005_Operator","****************************************************************************************************************$NOperator Request Startup Parts Mode$N****************************************************************************************************************$N$N(Rejects all mold parts for designated number of times)","MOV(0,Startup_Reject_Count)","72"
RCOMMENT,"Station_20_A12","R005_Operator","****************************************************************************************************************$NOperator Request Robot MAINT$N****************************************************************************************************************","OTE(RBT10_765.Request[12].Interlock)","79"
RCOMMENT,"Station_20_A12","R005_Operator","********************************************************$NReturn from Subroutine$N********************************************************","RET()","84"
RCOMMENT,"Station_20_A12","R040_iaiHorNipper_PointTable","********************************************************$NNipper Horizontal Adjustment Point Table$N*******************************************************","NOP()","0"
RCOMMENT,"Station_20_A12","R040_iaiHorNipper_PointTable","Power Control$N-Major Faults Cycle Power","OTE(O12_420_9[3].Command)","8"
RCOMMENT,"Station_20_A12","R040_iaiHorNipper_PointTable","Move to Position Zero$N Home Position","OTE(Horizontal_Nipper_Actuator.Point[0].MoveReq)","15"
RCOMMENT,"Station_20_A12","R040_iaiHorNipper_PointTable","Move to Position One","OTE(Horizontal_Nipper_Actuator.Point[1].MoveReq)","19"
RCOMMENT,"Station_20_A12","R040_iaiHorNipper_PointTable","Move to Position Two","OTE(Horizontal_Nipper_Actuator.Point[2].MoveReq)","23"
RCOMMENT,"Station_20_A12","R040_iaiHorNipper_PointTable","Move to Position Three","OTE(Horizontal_Nipper_Actuator.Point[3].MoveReq)","27"
RCOMMENT,"Station_20_A12","R040_iaiHorNipper_PointTable","Move to Position Four","OTE(Horizontal_Nipper_Actuator.Point[4].MoveReq)","31"
RCOMMENT,"Station_20_A12","R040_iaiHorNipper_PointTable","***********************************$NBegin HMI Edits$N***********************************","NOP()","34"
RCOMMENT,"Station_20_A12","R040_iaiHorNipper_PointTable","Servo Home Command","OTU(Horizontal_Nipper_Actuator.HomePB)","36"
RCOMMENT,"Station_20_A12","R040_iaiHorNipper_PointTable","Update Move Settings Based on Index Number","MOV(Horizontal_Nipper_Actuator.Point[Move_Idx2].Decel,iai_Horizontal_Nipper_Actuator.MotionCtrl.Decel)","37"
RCOMMENT,"Station_20_A12","R040_iaiHorNipper_PointTable","Move Request","IAM(iai_Horizontal_Nipper_Actuator.MotionCtrl,iai_Horizontal_Nipper_Actuator.MotionCtrl.Position,iai_Horizontal_Nipper_Actuator.MotionCtrl.Speed,iai_Horizontal_Nipper_Actuator.MotionCtrl.Accel,iai_Horizontal_Nipper_Actuator.MotionCtrl.Decel,0.1,1,iai_Horizontal_Nipper_Actuator.inputs,iai_Horizontal_Nipper_Actuator.outputs,System.Reset)","38"
RCOMMENT,"Station_20_A12","R040_iaiVertNipper_PointTable","********************************************************$NNipper Vertical  Adjustment Point Table$N*******************************************************","NOP()","0"
RCOMMENT,"Station_20_A12","R040_iaiVertNipper_PointTable","Power Control$N-Major Faults Cycle Power","OTE(O12_420_9[4].Command)","8"
RCOMMENT,"Station_20_A12","R040_iaiVertNipper_PointTable","Move to Position Zero$N Home Position","OTE(Vertical_Nipper_Actuator.Point[0].MoveReq)","15"
RCOMMENT,"Station_20_A12","R040_iaiVertNipper_PointTable","Move to Position One","OTE(Vertical_Nipper_Actuator.Point[1].MoveReq)","19"
RCOMMENT,"Station_20_A12","R040_iaiVertNipper_PointTable","Move to Position Two","OTE(Vertical_Nipper_Actuator.Point[2].MoveReq)","23"
RCOMMENT,"Station_20_A12","R040_iaiVertNipper_PointTable","Move to Position Three","OTE(Vertical_Nipper_Actuator.Point[3].MoveReq)","27"
RCOMMENT,"Station_20_A12","R040_iaiVertNipper_PointTable","Move to Position Four","OTE(Vertical_Nipper_Actuator.Point[4].MoveReq)","31"
RCOMMENT,"Station_20_A12","R040_iaiVertNipper_PointTable","***********************************$NBegin HMI Edits$N***********************************","NOP()","34"
RCOMMENT,"Station_20_A12","R040_iaiVertNipper_PointTable","Servo Home Command","OTU(Vertical_Nipper_Actuator.HomePB)","36"
RCOMMENT,"Station_20_A12","R040_iaiVertNipper_PointTable","Update Move Settings Based on Index Number","MOV(Vertical_Nipper_Actuator.Point[Move_Idx].Decel,iai_Vertical_Nipper_Actuator.MotionCtrl.Decel)","37"
RCOMMENT,"Station_20_A12","R040_iaiVertNipper_PointTable","Move Request","IAM(iai_Vertical_Nipper_Actuator.MotionCtrl,iai_Vertical_Nipper_Actuator.MotionCtrl.Position,iai_Vertical_Nipper_Actuator.MotionCtrl.Speed,iai_Vertical_Nipper_Actuator.MotionCtrl.Accel,iai_Vertical_Nipper_Actuator.MotionCtrl.Decel,0.1,0,iai_Vertical_Nipper_Actuator.inputs,iai_Vertical_Nipper_Actuator.outputs,System.Reset)","38"
RCOMMENT,"Station_20_A12","R060_Valves","Robot Wrist Cylinder$N","SOLENOID(Mold2Wrist,VB22_1_V[1],System.Zone3.PowerAndAirOn,System.Zone3.Auto.Mode,System.Zone3.Cycle.Mode,System.Zone3.Manual.Mode,System.Reset,VB22_1_I1[0].Input,VB22_1_I1[1].Input,VB22_1_V[1].Home.InPositionTimer.PRE,VB22_1_V[1].Home.FaultTimer.PRE,VB22_1_V[1].Work.InPositionTimer.PRE,VB22_1_V[1].Work.FaultTimer.PRE,Global.SimulationEnabled)","0"
RCOMMENT,"Station_20_A12","R060_Valves","Mold Tend Runner Grippers","SOLENOID(Mold2RunnerGripper,VB22_1_V[3],System.Zone3.PowerAndAirOn,System.Zone3.Auto.Mode,System.Zone3.Cycle.Mode,System.Zone3.Manual.Mode,System.Reset,1,1,VB22_1_V[3].Home.InPositionTimer.PRE,VB22_1_V[3].Home.FaultTimer.PRE,VB22_1_V[3].Work.InPositionTimer.PRE,VB22_1_V[3].Work.FaultTimer.PRE,Global.SimulationEnabled)","1"
RCOMMENT,"Station_20_A12","R060_Valves","Mold Tend Module Gripper 1","SOLENOID(Mold2ModuleGripper1,VB22_1_V[4],System.Zone3.PowerAndAirOn,System.Zone3.Auto.Mode,System.Zone3.Cycle.Mode,System.Zone3.Manual.Mode,System.Reset,1,1,VB22_1_V[4].Home.InPositionTimer.PRE,VB22_1_V[4].Home.FaultTimer.PRE,VB22_1_V[4].Work.InPositionTimer.PRE,VB22_1_V[4].Work.FaultTimer.PRE,Global.SimulationEnabled)","2"
RCOMMENT,"Station_20_A12","R060_Valves","Mold Tend Module Gripper 2","SOLENOID(Mold2ModuleGripper2,VB22_1_V[5],System.Zone3.PowerAndAirOn,System.Zone3.Auto.Mode,System.Zone3.Cycle.Mode,System.Zone3.Manual.Mode,System.Reset,1,1,VB22_1_V[5].Home.InPositionTimer.PRE,VB22_1_V[5].Home.FaultTimer.PRE,VB22_1_V[5].Work.InPositionTimer.PRE,VB22_1_V[5].Work.FaultTimer.PRE,Global.SimulationEnabled)","3"
RCOMMENT,"Station_20_A12","R060_Valves","Mold Tend Module Gripper 3","SOLENOID(Mold2ModuleGripper3,VB22_1_V[6],System.Zone3.PowerAndAirOn,System.Zone3.Auto.Mode,System.Zone3.Cycle.Mode,System.Zone3.Manual.Mode,System.Reset,1,1,VB22_1_V[6].Home.InPositionTimer.PRE,VB22_1_V[6].Home.FaultTimer.PRE,VB22_1_V[6].Work.InPositionTimer.PRE,VB22_1_V[6].Work.FaultTimer.PRE,Global.SimulationEnabled)","4"
RCOMMENT,"Station_20_A12","R060_Valves","Mold Tend Module Gripper 4","SOLENOID(Mold2ModuleGripper4,VB22_1_V[7],System.Zone3.PowerAndAirOn,System.Zone3.Auto.Mode,System.Zone3.Cycle.Mode,System.Zone3.Manual.Mode,System.Reset,1,1,VB22_1_V[7].Home.InPositionTimer.PRE,VB22_1_V[7].Home.FaultTimer.PRE,VB22_1_V[7].Work.InPositionTimer.PRE,VB22_1_V[7].Work.FaultTimer.PRE,Global.SimulationEnabled)","5"
RCOMMENT,"Station_20_A12","R060_Valves","Mold Tend Degate 1&2","OTU(VB22_2_V[1].Work.Faulted)","6"
RCOMMENT,"Station_20_A12","R060_Valves","Mold Tend Degate 3&4","OTU(VB22_2_V[2].Work.Faulted)","7"
RCOMMENT,"Station_20_A12","R070_Staubli_Calls","$N1=Home, 5=Maint, 10=Mold Pick, 11=Nipper, 12=Runner Regrind, 13=Cooling Place, 14=Cooling Pick, 15=Conveyor Place, 16=QC, 17=Reject (at DeGate Chute)$N$N","NOP()","0"
RCOMMENT,"Station_20_A12","R070_Staubli_Calls","********************************************************$NRobot Start Cycle$N********************************************************","OTE(RBT10_765.o.VALPlast.0)","1"
RCOMMENT,"Station_20_A12","R070_Staubli_Calls","********************************************************$NRobot Stop Cycle$N********************************************************","MOV(0,RBT10_765.o.CmdReq)","2"
RCOMMENT,"Station_20_A12","R070_Staubli_Calls","********************************************************$NRobot Pause Cycle$N********************************************************","OTE(RBT10_765.o.VALPlast.2)","4"
RCOMMENT,"Station_20_A12","R070_Staubli_Calls","********************************************************$NRobot Resume Cycle$N********************************************************","OTE(RBT10_765.o.VALPlast.3)","5"
RCOMMENT,"Station_20_A12","R070_Staubli_Calls","********************************************************$NRobot Abort Cycle$N********************************************************","OTE(RBT10_765.o.VALPlast.4)","6"
RCOMMENT,"Station_20_A12","R070_Staubli_Calls","Send Product Type to Robot$N1 = 6$Q INT 4-Cavities 00716A$N2 = 4$Q INT 4-Cavities 00776$N3 = 6$Q INT 4-Cavities 00777$N4 = 4.5$Q FE 4-Cavities 00778$N5 = 6.5$Q FE 4-Cavities 00779","MOV(5,RBT10_765.o.UserCntrl)","8"
RCOMMENT,"Station_20_A12","R070_Staubli_Calls","********************************************************$NCall Robot HOME$N********************************************************","MOV(1,RBT10_765.o.CmdReq)","11"
RCOMMENT,"Station_20_A12","R070_Staubli_Calls","********************************************************$NCall Robot to Maintanance Pos$N********************************************************","MOV(5,RBT10_765.o.CmdReq)","12"
RCOMMENT,"Station_20_A12","R070_Staubli_Calls","MOLD CALL","MOV(10,RBT10_765.o.CmdReq)","15"
RCOMMENT,"Station_20_A12","R070_Staubli_Calls","DEGATE CALL","MOV(11,RBT10_765.o.CmdReq)","17"
RCOMMENT,"Station_20_A12","R070_Staubli_Calls","DEGATE CHUTE CALL","MOV(12,RBT10_765.o.CmdReq)","18"
RCOMMENT,"Station_20_A12","R070_Staubli_Calls","FLIP RACK PLACE CALL$N(Called From Within DeGate Chute Program)","MOV(13,RBT10_765.o.CmdReq)","19"
RCOMMENT,"Station_20_A12","R070_Staubli_Calls","FLIP RACK PICK CALL$N(Called From Within Flip Rack Place Program)","MOV(14,RBT10_765.o.CmdReq)","21"
RCOMMENT,"Station_20_A12","R070_Staubli_Calls","CONVEYOR PLACE CALL$N","MOV(15,RBT10_765.o.CmdReq)","22"
RCOMMENT,"Station_20_A12","R070_Staubli_Calls","********************************************************$NCall Robot to QC CHUTE$N********************************************************","MOV(16,RBT10_765.o.CmdReq)","23"
RCOMMENT,"Station_20_A12","R070_Staubli_Calls","********************************************************$NCall Robot to REJECT CHUTE/DEGATE CHUTE$N********************************************************","MOV(17,RBT10_765.o.CmdReq)","29"
RCOMMENT,"Station_20_A12","R070_Staubli_Calls","********************************************************$NEXECUTE CALLS & OK TO ENTER ZONES$N********************************************************","NOP()","31"
RCOMMENT,"Station_20_A12","R070_Staubli_Handshakes","MOLD PICK$N $N","OTL(RBT10_765.Memory[0].0)","0"
RCOMMENT,"Station_20_A12","R070_Staubli_Handshakes","Robot @ Mold Pick, Open Grippers (Clamp Part)","OTL(RBT10_765.Memory[0].19)","1"
RCOMMENT,"Station_20_A12","R070_Staubli_Handshakes","DEGATE MODULES$N $N","OTL(RBT10_765.Memory[0].6)","7"
RCOMMENT,"Station_20_A12","R070_Staubli_Handshakes","Robot @ DeGate, Locate Nipper IAI$'s$N","OTL(RBT10_765.Memory[0].8)","9"
RCOMMENT,"Station_20_A12","R070_Staubli_Handshakes","Robot @ DeGate, Actuate Nippers$N","OTL(RBT10_765.Memory[0].9)","10"
RCOMMENT,"Station_20_A12","R070_Staubli_Handshakes","Robot @ DeGate, Retract Nippers, Home IAI$'s$N  $N  $N$N","OTL(RBT10_765.Memory[0].10)","11"
RCOMMENT,"Station_20_A12","R070_Staubli_Handshakes","REGRIND RUNNERS$N $NREJECT EOAT","OTL(RBT10_765.Memory[0].13)","17"
RCOMMENT,"Station_20_A12","R070_Staubli_Handshakes","Release Runners","OTL(RBT10_765.Memory[0].14)","18"
RCOMMENT,"Station_20_A12","R070_Staubli_Handshakes","FLIP RACK PLACE/PICK$N","OTU(RBT10_765.Memory[0].14)","22"
RCOMMENT,"Station_20_A12","R070_Staubli_Handshakes","Place Modules Flip Rack 2","OTU(RBT10_765.Memory[0].19)","25"
RCOMMENT,"Station_20_A12","R070_Staubli_Handshakes","Timer to allow Modules to cool for 3 Mold Cycles (50 Seconds) before picking and processing","OTE(Rack_ReadyToPick.2)","28"
RCOMMENT,"Station_20_A12","R070_Staubli_Handshakes","Pick Modules Flip Rack 2","OTU(RBT10_765.Memory[1].26)","30"
RCOMMENT,"Station_20_A12","R070_Staubli_Handshakes","CONVEYOR PLACE","OTL(RBT10_765.Memory[1].0)","35"
RCOMMENT,"Station_20_A12","R070_Staubli_Handshakes","Place Module 1 on Conveyor Pallet","OTL(RBT10_765.Memory[1].1)","36"
RCOMMENT,"Station_20_A12","R070_Staubli_Handshakes","Place Module 2 on Conveyor Pallet","OTL(RBT10_765.Memory[1].2)","37"
RCOMMENT,"Station_20_A12","R070_Staubli_Handshakes","Clear Conveyor Place Memories$N","OTU(RBT10_765.Memory[1].5)","39"
RCOMMENT,"Station_20_A12","R070_Staubli_Status","Robot Ready","OTE(RBT10_765.Ready)","0"
RCOMMENT,"Station_20_A12","R070_Staubli_Status","Robot Ready for Command","OTE(RBT10_765.ReadyforCMD)","1"
RCOMMENT,"Station_20_A12","R070_Staubli_Status","Robot Busy","OTE(RBT10_765.Busy)","2"
RCOMMENT,"Station_20_A12","R070_Staubli_Status","Robot Paused","OTE(RBT10_765.Pause)","3"
RCOMMENT,"Station_20_A12","R070_Staubli_Status","Robot in Cycle","OTE(RBT10_765.InCycle)","4"
RCOMMENT,"Station_20_A12","R070_Staubli_Status","Robot in Error","OTE(RBT10_765.Error)","5"
RCOMMENT,"Station_20_A12","R070_Staubli_Status","EuroMap Status","NOP()","6"
RCOMMENT,"Station_20_A12","R070_Staubli_Status","Robot Memory Status","NOP()","8"
RCOMMENT,"Station_20_A12","R070_Staubli_Status","Tool Gripper Status$N","OTE(RBT10_765.Memory[2].1)","9"
RCOMMENT,"Station_20_A12","R070_Staubli_Status","Pick Parts from Mold ONLY (Run Empty Mode)$N0 = Ok to close mold$N1= NOT ok to close mold$N","OTE(RBT10_765.o.ProgAck.26)","10"
RCOMMENT,"Station_20_A12","R070_Staubli_Status","Robot @ Home","OTE(RBT10_765.o.ProgAck.27)","11"
RCOMMENT,"Station_20_A12","R070_Staubli_Status","Robot @ Mold","OTE(RBT10_765.o.ProgAck.28)","12"
RCOMMENT,"Station_20_A12","R070_Staubli_Status","Robot Close Mold Signal$NMemory used for when switching mold modes","OTL(RBT10_765.Memory[1].10)","13"
RCOMMENT,"Station_20_A12","R070_Staubli_Status","Modules in Mold (PLC)$N $N","OTL(RBT10_765.Memory[1].11)","16"
RCOMMENT,"Station_20_A12","R070_Staubli_Status","Robot has Runner Memory$N","OTL(RBT10_765.Memory[1].16)","19"
RCOMMENT,"Station_20_A12","R070_Staubli_Status","Robot has Parts Memory$N","OTL(RBT10_765.Memory[1].17)","21"
RCOMMENT,"Station_20_A12","R070_Staubli_Status","Clear Tooling if parts are waiting in Mold$N","OTL(RBT10_765.Memory[2].17)","23"
RCOMMENT,"Station_20_A12","R070_Staubli_Status","Mold reject signal$N $N","OTL(RBT10_765.Memory[2].20)","25"
RCOMMENT,"Station_20_A12","R070_Staubli_Status","Reject Parts that sit in mold too long$N $N","OTL(RBT10_765.Memory[2].21)","27"
RCOMMENT,"Station_20_A12","R070_Staubli_Status","Reject Modules that sit on the tool too long$N","OTL(RBT10_765.Memory[2].22)","29"
RCOMMENT,"Station_20_A12","R070_Staubli_Status","Issue Cycle Stop if molded parts are rejected X number of  times concurrently while Assembly Zone is not in Cycle","OTE(Stop_Cycle)","32"
RCOMMENT,"Station_20_A12","R070_Staubli_Status","********************************************************$NRECOVERY$N********************************************************$N","NOP()","35"
RCOMMENT,"Station_20_A12","R070_Staubli_Status","Robot in Mold Area Too Long","OTL(RBT10_765.Memory[2].14)","36"
RCOMMENT,"Station_20_A12","R070_Staubli_Status","Robot in Cycle and Mold in Manual Error","OTE(RBT10_765.Memory[2].15)","38"
RCOMMENT,"Station_20_A12","R070_Staubli_Status","When Robot is E-Stopped inside Mold, grip parts if Ejectors are forward","OTL(RBT10_765.Memory[2].16)","39"
RCOMMENT,"Station_20_A12","R070_Staubli_Status","Robot Speed Control for Reject and Floor Bin Program Calls","MOV(RBT10_765_PreviousSpeed,RBT10_765.Speed)","44"
RCOMMENT,"Station_20_A12","R070_Staubli_Status","Clear Fault","OTE(RBT10_765.o.CmdCntrl.HwFaultAck)","48"
RCOMMENT,"Station_20_A12","R070_Staubli_Status","Robot In MOLD","DIV(RobotInMold_Timer.ACC,1000,RobotInMold_CurrentCycleTime_Sec)","50"
RCOMMENT,"Station_20_A12","R070_Staubli_Status","Mold Open Cycle Time","DIV(Mold_Open_Timer.ACC,1000,Mold_Open_CurrentCycleTime_Sec)","52"
RCOMMENT,"Station_20_A12","R070_Staubli_Status","Robot at Conveyor","DIV(Conveyor_Place_CycleTimer.ACC,1000,Conveyor_Place_CurrentCycleTime_Sec)","54"
RCOMMENT,"Station_20_A12","R070_Staubli_Status","Mold Closed Time","DIV(Mold_Tending_Closed_CycleTimer.ACC,1000,Mold_Tending_Closed_CurrentCycleTime_Sec)","56"
RCOMMENT,"Station_20_A12","R090_Outputs","PLC to Robot","CPS(RBT10_765.o.VALPlast,RBT10_765:O.Data[17],1)","0"
RCOMMENT,"Station_20_A12","R090_Outputs","------------------------------------------------------------$NFIVE COLOR BANNER LED LIGHTS$N------------------------------------------------------------$NColor 1 = White (Input 1 ON), Color 2 = Green (Input 2 ON), Color 3 = Red (Input 3 ON)$NColor 4 = Yel","MOV(\System.Light_Color,\System.Last_Color[7])","1"
RCOMMENT,"Station_20_A12","R090_Outputs","Reset Mold Alarms","OTE(O12_420_8[0].Command)","2"
RCOMMENT,"Station_20_A12","R090_Outputs","PIO12.420     1734-OB8 Pio Module Slot 15 IO Mapping","NOP()","6"
RCOMMENT,"Station_20_A12","R090_Outputs","------------------------------------------------------------$NVB22.1$N------------------------------------------------------------","NOP()","12"
RCOMMENT,"Station_20_A12","R090_Outputs","Mold Wrist Cyl","OTU(VB22_1:O.Data[0].1)","13"
RCOMMENT,"Station_20_A12","R090_Outputs","Spare","OTU(VB22_1:O.Data[0].3)","14"
RCOMMENT,"Station_20_A12","R090_Outputs","Runner Gripper","OTU(VB22_1:O.Data[0].5)","15"
RCOMMENT,"Station_20_A12","R090_Outputs","Module Gripper 1","OTU(VB22_1:O.Data[0].7)","16"
RCOMMENT,"Station_20_A12","R090_Outputs","Module Gripper 2","OTU(VB22_1:O.Data[1].1)","17"
RCOMMENT,"Station_20_A12","R090_Outputs","Module Gripper 3","OTU(VB22_1:O.Data[1].3)","18"
RCOMMENT,"Station_20_A12","R090_Outputs","Module Gripper 4","OTU(VB22_1:O.Data[1].5)","19"
RCOMMENT,"Station_20_A12","R090_Outputs","Spare","OTE(VB22_1:O.Data[1].6)","20"
RCOMMENT,"Station_20_A12","R090_Outputs","------------------------------------------------------------$NVB22.2$N------------------------------------------------------------","NOP()","21"
RCOMMENT,"Station_20_A12","R090_Outputs","Nipper 1 & 2","OTE(VB22_2:O.OutputArea[0].0)","22"
RCOMMENT,"Station_20_A12","R090_Outputs","Nipper 3 & 4","OTE(VB22_2:O.OutputArea[0].2)","23"
RCOMMENT,"Station_20_A12","R090_Outputs","Spare$N","OTE(VB22_2:O.OutputArea[0].4)","24"
RCOMMENT,"Station_20_A12","R090_Outputs","Spare$N","OTE(VB22_2:O.OutputArea[0].6)","25"
RCOMMENT,"Station_20_A12","R100_Data","Info Only$N","NOP()","1"
RCOMMENT,"Station_20_A12","R100_Data","Info Only$N","NOP()","2"
RCOMMENT,"Station_20_A12","R100_Data","Update Pallet ID for Data Tracking$N $N","MOV(ID2,vehicle_mgr_array[ID2].Pallet._PalletID)","5"
RCOMMENT,"Station_20_A12","R100_Data","Place Modules on Conveyor Pallet","MOV(\System.RecipeActive.Mold2.RollerPin_Qty,vehicle_mgr_array[ID2].Pallet.RollerPin_Qty)","6"
RCOMMENT,"Station_20_A12","R100_Data","Place Modules on Conveyor Pallet","MOV(\System.RecipeActive.Mold2.RollerPin_Qty,vehicle_mgr_array[ID2].Pallet.RollerPin_Qty)","7"
TYPE,SCOPE,ROUTINE,COMMENT,OWNING_ELEMENT,LOCATION
RCOMMENT,"Station_30","R001_Inputs","IB10.1","NOP()","1"
RCOMMENT,"Station_30","R001_Inputs","IB10.2","NOP()","10"
RCOMMENT,"Station_30","R001_Inputs","Camera Consecutive Rejects$N","NOP()","18"
RCOMMENT,"Station_30","R004_CAM10_800_1","$NInformation Only$N$N","NOP()","0"
RCOMMENT,"Station_30","R004_CAM10_800_1","Information Only","NOP()","1"
RCOMMENT,"Station_30","R004_CAM10_800_1","Clear Camera Error If Error Exist$N","OTE(CC_out.Control.ClearError)","2"
RCOMMENT,"Station_30","R004_CAM10_800_1","Camera Ready","OTE(CAM10_800_1.Ready)","3"
RCOMMENT,"Station_30","R004_CAM10_800_1","Clear InpBuffer","OTU(CAM10_800_1.ClearBufferReq)","4"
RCOMMENT,"Station_30","R004_CAM10_800_1","Send Recipe to Camera$N","MOV(\System.RecipeActive.Mold1.RollerColor_Int,CC_out.UserData[0])","6"
RCOMMENT,"Station_30","R004_CAM10_800_1","Update Camera Recipe Information","OTU(resend_userdata)","8"
RCOMMENT,"Station_30","R004_CAM10_800_1","Trigger Camera","FLL(0,CAM10_800_1.Result[0],32)","10"
RCOMMENT,"Station_30","R004_CAM10_800_1","Camera Triggered Successfull","OTE(CC_out.Control.InspectionResultsAck0)","12"
RCOMMENT,"Station_30","R004_CAM10_800_1","Trigger Timeout Fault","OTL(CAM10_800_1.TriggerFault)","14"
RCOMMENT,"Station_30","R005_Operator","****************************************************************************************************************$NOperator Request Bypass Camera$N****************************************************************************************************************","OTE(CAM10_800_1.Bypass.Interlock)","1"
RCOMMENT,"Station_30","R005_Operator","****************************************************************************************************************$NOperator Request Purge Feeder$N****************************************************************************************************************","OTE(PurgeRoller_Feeder.Interlock)","6"
RCOMMENT,"Station_30","R005_Operator","Management of the Escapement SFC","NOP()","13"
RCOMMENT,"Station_30","R005_Operator","Management of the PnP SFC","NOP()","20"
RCOMMENT,"Station_30","R010_Status","Double-Check Sensor","OTU(vehicle_mgr_array[ID1].Pallet.ModulePresent)","20"
RCOMMENT,"Station_30","R010_Status","TURN OFF VACUUM, BLOWOFF ROLLERS","OTL(vehicle_mgr_array[ID1].Pallet.RollersFail)","21"
RCOMMENT,"Station_30","R010_Status","Sequence Status for Display","MOV(4,Esc_Sequence.Status)","24"
RCOMMENT,"Station_30","R010_Status","Sequence Status for Display","MOV(4,LoadRoller_Sequence.Status)","25"
RCOMMENT,"Station_30","R010_Status","Sequence Status for Display","MOV(4,PnP_Sequence.Status)","26"
RCOMMENT,"Station_30","R010_Status","ROLLER COUNTER TEST","TON(ONE_MINUTE,?,?)","27"
RCOMMENT,"Station_30","R040_iai_GantryY_PointTable","********************************************************$NGantry Point Table$N*******************************************************","NOP()","0"
RCOMMENT,"Station_30","R040_iai_GantryY_PointTable","Move to Position Zero$N Home Position/Reject","OTE(GantryY_Actuator.Point[0].MoveReq)","11"
RCOMMENT,"Station_30","R040_iai_GantryY_PointTable","Move to Position One$NPick Position$N","OTE(GantryY_Actuator.Point[1].MoveReq)","15"
RCOMMENT,"Station_30","R040_iai_GantryY_PointTable","Move to Position Two$NPlace Position$N","OTE(GantryY_Actuator.Point[2].MoveReq)","19"
RCOMMENT,"Station_30","R040_iai_GantryY_PointTable","Move to Position Three$N","OTE(GantryY_Actuator.Point[3].MoveReq)","23"
RCOMMENT,"Station_30","R040_iai_GantryY_PointTable","Move to Position Four$NSpare Position","OTE(GantryY_Actuator.Point[4].MoveReq)","27"
RCOMMENT,"Station_30","R040_iai_GantryY_PointTable","***********************************$NBegin HMI Edits$N***********************************","NOP()","30"
RCOMMENT,"Station_30","R040_iai_GantryY_PointTable","Servo Home Command","OTU(GantryY_Actuator.HomePB)","32"
RCOMMENT,"Station_30","R040_iai_GantryY_PointTable","Update Move Settings Based on Index Number","MOV(GantryY_Actuator.Point[Move_Idx2].Decel,iai_GantryY_Actuator.MotionCtrl.Decel)","34"
RCOMMENT,"Station_30","R040_iai_GantryY_PointTable","Move Request","MCON(iai_GantryY_Actuator.MotionCtrl,iai_GantryY_Actuator.MotionCtrl.Position,iai_GantryY_Actuator.MotionCtrl.Speed,iai_GantryY_Actuator.MotionCtrl.Accel,iai_GantryY_Actuator.MotionCtrl.Decel,0.1,0,iai_GantryY_Actuator.inputs,iai_GantryY_Actuator.outputs,System.Reset)","35"
RCOMMENT,"Station_30","R040_iai_TrayShift_PointTable","********************************************************$NTray Shift Point Table$N*******************************************************","NOP()","0"
RCOMMENT,"Station_30","R040_iai_TrayShift_PointTable","Move to Position Zero$N Home Position, Push Pos 1","MOV(0,LastPos_Tray)","17"
RCOMMENT,"Station_30","R040_iai_TrayShift_PointTable","Move to Position One$NPush Pos 2, Camera Trigger 1","MOV(1,LastPos_Tray)","21"
RCOMMENT,"Station_30","R040_iai_TrayShift_PointTable","Move to Position Two$NPush Pos 3, Camera Trigger 2","MOV(2,LastPos_Tray)","25"
RCOMMENT,"Station_30","R040_iai_TrayShift_PointTable","Move to Position Three$NCamera Trigger 3","MOV(3,LastPos_Tray)","29"
RCOMMENT,"Station_30","R040_iai_TrayShift_PointTable","Move to Position Four$NPick Position","MOV(4,LastPos_Tray)","33"
RCOMMENT,"Station_30","R040_iai_TrayShift_PointTable","Move to Position Five","OTE(TrayShift_Actuator.Point[5].MoveReq)","37"
RCOMMENT,"Station_30","R040_iai_TrayShift_PointTable","***********************************$NBegin HMI Edits$N***********************************","NOP()","40"
RCOMMENT,"Station_30","R040_iai_TrayShift_PointTable","Servo Home Command","OTU(TrayShift_Actuator.HomePB)","42"
RCOMMENT,"Station_30","R040_iai_TrayShift_PointTable","Update Move Settings Based on Index Number","MOV(TrayShift_Actuator.Point[Move_Idx].Decel,iai_TrayShift_Actuator.MotionCtrl.Decel)","44"
RCOMMENT,"Station_30","R040_iai_TrayShift_PointTable","Move Request","MCON(iai_TrayShift_Actuator.MotionCtrl,iai_TrayShift_Actuator.MotionCtrl.Position,iai_TrayShift_Actuator.MotionCtrl.Speed,iai_TrayShift_Actuator.MotionCtrl.Accel,iai_TrayShift_Actuator.MotionCtrl.Decel,0.1,1,iai_TrayShift_Actuator.inputs,iai_TrayShift_Actuator.outputs,System.Reset)","45"
RCOMMENT,"Station_30","R051_LoadRollerReadyToStart","Reay to Start Permissives","NOP()","0"
RCOMMENT,"Station_30","R051_LoadRollerReadyToStart","Clear Unused Visibility","OTU(LoadRoller_Sequence.ReadyToStart.Visibility.31)","4"
RCOMMENT,"Station_30","R051_LoadRollerReadyToStart","Set Unused Ready Bits","OTE(LoadRoller_Sequence.ReadyToStart.Ready.31)","5"
TEXTBOX,"Station_30","R051_LoadRoller_Sequence","MOVE $R$NTRAY TO $R$NPICK","","80:4120"
TEXTBOX,"Station_30","R051_LoadRoller_Sequence","SPARE $R$NSTEP NOT $R$NUSED ","","80:3880"
TEXTBOX,"Station_30","R051_LoadRoller_Sequence","CHECK VISION $R$NRESULTS POS3","","60:2920"
TEXTBOX,"Station_30","R051_LoadRoller_Sequence","CHECK VISION $R$NRESULTS POS2","","60:1800"
TEXTBOX,"Station_30","R051_LoadRoller_Sequence","TRIGGER $R$NVISION POS 1/ $R$NDRIVE TO POS $R$N1","","80:700"
TEXTBOX,"Station_30","R051_LoadRoller_Sequence","Initialize","","100:120"
TEXTBOX,"Station_30","R051_LoadRoller_Sequence","HOME VERTICAL $R$NPUSHER /$NHAS MOVED TRAY $R$NTO PUSH POS 1$NWAIT FOR ROLLERS $R$N1&2 READY","","80:1100"
TEXTBOX,"Station_30","R051_LoadRoller_Sequence","Check tray $R$NStatus $R$N(Roller $R$NPresent)","","100:480"
TEXTBOX,"Station_30","R051_LoadRoller_Sequence","SEQUENCE $R$NCOMPLETE$N","","80:4380"
TEXTBOX,"Station_30","R051_LoadRoller_Sequence","VERTICAL $R$NPUSH CYL $R$NTO WORK","","100:2240"
TEXTBOX,"Station_30","R051_LoadRoller_Sequence","HOME VERTICAL $R$NPUSHER /$NHAS MOVED TRAY TO $R$NPUSH POS 2$NWAIT FOR ROLLERS $R$N3&4 READY","","60:1960"
TEXTBOX,"Station_30","R051_LoadRoller_Sequence"," VERTICAL $R$NPUSH CYL $R$NTO WORK","","80:1300"
TEXTBOX,"Station_30","R051_LoadRoller_Sequence","Intialize/ $R$NClear $R$NBuffers","","80:280"
TEXTBOX,"Station_30","R051_LoadRoller_Sequence","VERTICAL $R$NPUSH CYL $R$NTO WORK","","80:3380"
TEXTBOX,"Station_30","R051_LoadRoller_Sequence","SPARE $R$NSTEP NOT $R$NUSED ","","80:3680"
TEXTBOX,"Station_30","R051_LoadRoller_Sequence","CHECK $R$NVISION $R$NRESULTS","","80:880"
TEXTBOX,"Station_30","R051_LoadRoller_Sequence","HOME VERTICAL $R$NPUSHER /$NHAS MOVED TRAY $R$NTO PUSH POS 3$NWAIT FOR ROLLERS $R$N5&6 READY","","80:3120"
TEXTBOX,"Station_30","R051_LoadRoller_Sequence","MOVE TRAY TO $R$NPUSH POS 2 $NCLEAR & $R$NTRIGGER $R$NCAMERA$N","","80:1540"
TEXTBOX,"Station_30","R051_LoadRoller_Sequence","MOVE TRAY TO $R$NPUSH POS 3 $NCLEAR & $R$NTRIGGER $R$NCAMERA","","60:2660"
RCOMMENT,"Station_30","R051_LoadRoller_Seq_Transitions","Single Step Mode","OTE(LoadRoller_Sequence.SingleStep.Mode.Interlock)","0"
RCOMMENT,"Station_30","R051_LoadRoller_Seq_Transitions","INITIAL STEP","OTU(LoadRoller_Sequence.SingleStep.Pulse)","7"
RCOMMENT,"Station_30","R051_LoadRoller_Seq_Transitions","INITILIZE / CLEAR BUFFERS","OTU(LoadRoller_Sequence.SingleStep.Pulse)","8"
RCOMMENT,"Station_30","R051_LoadRoller_Seq_Transitions","CHECK TRAY STATUS (ROLLERS ON TRAY)","OTU(LoadRoller_Sequence.SingleStep.Pulse)","9"
RCOMMENT,"Station_30","R051_LoadRoller_Seq_Transitions","MOVE TRAY TO PUSH POS 1 $NCLEAR & TRIGGER CAMERA","OTU(LoadRoller_Sequence.SingleStep.Pulse)","10"
RCOMMENT,"Station_30","R051_LoadRoller_Seq_Transitions","CHECK VISION RESULTS POS1","OTU(LoadRoller_Sequence.SingleStep.Pulse)","11"
RCOMMENT,"Station_30","R051_LoadRoller_Seq_Transitions","HOME VERTICAL PUSHER /$NHAS MOVED TRAY TO PUSH POS 1$NWAIT FOR ROLLERS 1&2 READY","OTU(LoadRoller_Sequence.SingleStep.Pulse)","12"
RCOMMENT,"Station_30","R051_LoadRoller_Seq_Transitions"," VERTICAL PUSH CYL TO WORK","OTU(LoadRoller_Sequence.SingleStep.Pulse)","13"
RCOMMENT,"Station_30","R051_LoadRoller_Seq_Transitions","MOVE TRAY TO PUSH POS 2 $NCLEAR & TRIGGER CAMERA$N","OTU(LoadRoller_Sequence.SingleStep.Pulse)","14"
RCOMMENT,"Station_30","R051_LoadRoller_Seq_Transitions","CHECK VISION RESULTS POS2","OTU(LoadRoller_Sequence.SingleStep.Pulse)","15"
RCOMMENT,"Station_30","R051_LoadRoller_Seq_Transitions","HOME VERTICAL PUSHER /$NHAS MOVED TRAY TO PUSH POS 2$NWAIT FOR ROLLERS 3&4 READY","OTU(LoadRoller_Sequence.SingleStep.Pulse)","16"
RCOMMENT,"Station_30","R051_LoadRoller_Seq_Transitions","VERTICAL PUSH CYL TO WORK","OTU(LoadRoller_Sequence.SingleStep.Pulse)","17"
RCOMMENT,"Station_30","R051_LoadRoller_Seq_Transitions","MOVE TRAY TO PUSH POS 3$NCLEAR & TRIGGER CAMERA$N","OTU(LoadRoller_Sequence.SingleStep.Pulse)","18"
RCOMMENT,"Station_30","R051_LoadRoller_Seq_Transitions","CHECK VISION RESULTS POS3","OTU(LoadRoller_Sequence.SingleStep.Pulse)","19"
RCOMMENT,"Station_30","R051_LoadRoller_Seq_Transitions","HOME VERTICAL PUSHER /$NHAS MOVED TRAY TO PUSH POS 3$NWAIT FOR ROLLERS 5&6 READY","OTU(LoadRoller_Sequence.SingleStep.Pulse)","20"
RCOMMENT,"Station_30","R051_LoadRoller_Seq_Transitions","VERTICAL PUSH CYL TO WORK","OTU(LoadRoller_Sequence.SingleStep.Pulse)","21"
RCOMMENT,"Station_30","R051_LoadRoller_Seq_Transitions","SPARE STEP NOT USED ","OTU(LoadRoller_Sequence.SingleStep.Pulse)","22"
RCOMMENT,"Station_30","R051_LoadRoller_Seq_Transitions","SPARE STEP NOT USED ","OTU(LoadRoller_Sequence.SingleStep.Pulse)","23"
RCOMMENT,"Station_30","R051_LoadRoller_Seq_Transitions","MOVE TRAY TO PICK","OTU(LoadRoller_Sequence.SingleStep.Pulse)","24"
RCOMMENT,"Station_30","R051_LoadRoller_Seq_Transitions","SEQUENCE COMPLETE$N","OTU(LoadRoller_Sequence.SingleStep.Pulse)","25"
RCOMMENT,"Station_30","R051_LoadRoller_Seq_Transitions","Calculate Sequence Cycle TIme","DIV(LoadRoller_Sequence.CycleTimer.ACC,1000,LoadRoller_Sequence.CurrentCycleTime_Sec)","26"
RCOMMENT,"Station_30","R051_LoadRoller_Seq_Transitions","Sequence Overtime","OTE(LoadRoller_Sequence.Overtime)","27"
RCOMMENT,"Station_30","R051_LoadRoller_Seq_Transitions","Sequence Busy Status","OTE(LoadRoller_Sequence.Busy)","28"
RCOMMENT,"Station_30","R052_PnPReadyToStart","Reay to Start Permissives","NOP()","0"
RCOMMENT,"Station_30","R052_PnPReadyToStart","Clear Unused Visibility","OTU(PnP_Sequence.ReadyToStart.Visibility.31)","6"
RCOMMENT,"Station_30","R052_PnPReadyToStart","Set Unused Ready Bits","OTE(PnP_Sequence.ReadyToStart.Ready.31)","7"
TEXTBOX,"Station_30","R052_PnP_Sequence","Initialize","","180:80"
TEXTBOX,"Station_30","R052_PnP_Sequence","Sequence $R$NComplete","","340:2960"
TEXTBOX,"Station_30","R052_PnP_Sequence","Send Delta $R$Nto Pick $R$NApproach $R$NPosition","","180:620"
TEXTBOX,"Station_30","R052_PnP_Sequence","Check Place $R$N1 Position $R$NReady to $R$NPlace","","180:960"
TEXTBOX,"Station_30","R052_PnP_Sequence","Intialize/ $R$NClear $R$NBuffers","","180:240"
TEXTBOX,"Station_30","R052_PnP_Sequence","Send Delta $R$Nto Pick $R$NApproach $R$NPosition","","180:440"
TEXTBOX,"Station_30","R052_PnP_Sequence","Check $R$NVision $R$NPass/Fail","","180:780"
TEXTBOX,"Station_30","R052_PnP_Sequence","Check Place $R$N2 Position $R$NReady to $R$NPlace","","180:1160"
RCOMMENT,"Station_30","R052_PnP_Seq_Transitions","Single Step Mode","OTE(PnP_Sequence.SingleStep.Mode.Interlock)","0"
RCOMMENT,"Station_30","R052_PnP_Seq_Transitions","INITIAL STEP","OTU(PnP_Sequence.SingleStep.Pulse)","7"
RCOMMENT,"Station_30","R052_PnP_Seq_Transitions","INITILIZE / CLEAR BUFFERS","OTU(PnP_Sequence.SingleStep.Pulse)","8"
RCOMMENT,"Station_30","R052_PnP_Seq_Transitions","CHECK GANTRY VACUUM$N","OTU(PnP_Sequence.SingleStep.Pulse)","9"
RCOMMENT,"Station_30","R052_PnP_Seq_Transitions","SEND GANTRY TO PICK POSITION$NEXTEND(WORK) Z-AXIS$NTURN ON VACUUM","OTU(PnP_Sequence.SingleStep.Pulse)","11"
RCOMMENT,"Station_30","R052_PnP_Seq_Transitions","RETRACT (HOME) Z-AXIS","OTU(PnP_Sequence.SingleStep.Pulse)","12"
RCOMMENT,"Station_30","R052_PnP_Seq_Transitions","CHECK VISON PASS/FAIL","OTU(PnP_Sequence.SingleStep.Pulse)","13"
RCOMMENT,"Station_30","R052_PnP_Seq_Transitions","MOVE GANTRY TO PLACE POSITION$N","OTU(PnP_Sequence.SingleStep.Pulse)","14"
RCOMMENT,"Station_30","R052_PnP_Seq_Transitions","WAIT FOR READY TO PLACE$N","OTU(PnP_Sequence.SingleStep.Pulse)","15"
RCOMMENT,"Station_30","R052_PnP_Seq_Transitions","EXTEND (WORK) Z-AXIS","OTU(PnP_Sequence.SingleStep.Pulse)","16"
RCOMMENT,"Station_30","R052_PnP_Seq_Transitions","TURN OFF VACUUM, BLOWOFF ROLLERS$NPLACE ON PALLET","OTU(PnP_Sequence.SingleStep.Pulse)","17"
RCOMMENT,"Station_30","R052_PnP_Seq_Transitions","RETRACT (HOME) Z-AXIS$NMOVE GANTRY HOME","OTU(PnP_Sequence.SingleStep.Pulse)","18"
RCOMMENT,"Station_30","R052_PnP_Seq_Transitions","MOVE GANTRY HOME for REJECT","OTU(PnP_Sequence.SingleStep.Pulse)","19"
RCOMMENT,"Station_30","R052_PnP_Seq_Transitions","EXTEND (WORK) Z-AXIS$NBLOWOFF ROLLERS @ REJECT","OTU(PnP_Sequence.SingleStep.Pulse)","20"
RCOMMENT,"Station_30","R052_PnP_Seq_Transitions","RETRACT (HOME) Z-AXIS","OTU(PnP_Sequence.SingleStep.Pulse)","21"
RCOMMENT,"Station_30","R052_PnP_Seq_Transitions","SEQUENCE COMPLETE$N","OTU(PnP_Sequence.SingleStep.Pulse)","22"
RCOMMENT,"Station_30","R052_PnP_Seq_Transitions","Calculate Sequence Cycle TIme","DIV(PnP_Sequence.CycleTimer.ACC,1000,PnP_Sequence.CurrentCycleTime_Sec)","23"
RCOMMENT,"Station_30","R052_PnP_Seq_Transitions","Sequence Overtime","OTE(PnP_Sequence.Overtime)","24"
RCOMMENT,"Station_30","R052_PnP_Seq_Transitions","Sequence Busy Status","OTE(PnP_Sequence.Busy)","25"
RCOMMENT,"Station_30","R060_Valves","Roller Escapement$N","NOP()","0"
RCOMMENT,"Station_30","R060_Valves","Roller Vertical Push Cyl","SOLENOID(VertPush,VB20_1_V[3],System.PowerAndAirOn,System.Zone1.Auto.Mode,System.Zone1.Cycle.Mode,System.Zone1.Manual.Mode,System.Reset,IB10_1[5].Input,IB10_1[4].Input,VB20_1_V[3].Home.InPositionTimer.PRE,VB20_1_V[3].Home.FaultTimer.PRE,VB20_1_V[3].Work.InPositionTimer.PRE,VB20_1_V[3].Work.FaultTimer.PRE,Global.SimulationEnabled)","1"
RCOMMENT,"Station_30","R060_Valves","Roller Load Gantry Z-Axis","OTU(GantryZAxis.Faulted)","2"
RCOMMENT,"Station_30","R060_Valves","Pin Station Pallet Locator","SOLENOID(PalletLocator,VB20_1_V[13],System.PowerAndAirOn,System.Zone1.Auto.Mode,System.Zone1.Cycle.Mode,System.Zone1.Manual.Mode,System.Reset,IB10_17[0].Input,IB10_17[1].Input,VB20_1_V[13].Home.InPositionTimer.PRE,VB20_1_V[13].Home.FaultTimer.PRE,VB20_1_V[13].Work.InPositionTimer.PRE,VB20_1_V[13].Work.FaultTimer.PRE,Global.SimulationEnabled)","3"
RCOMMENT,"Station_30","R061_Vacuum","Vacuum Pick Row 1","OTE(VAC10_860.dcm[0].Request)","5"
RCOMMENT,"Station_30","R061_Vacuum","Blowoff Pick Row 1","OTE(VAC10_860.Control.Blow_Off_Control_Master_Module)","6"
RCOMMENT,"Station_30","R061_Vacuum","Vacuum Pick Row 1","OTE(VacuumLevelOk.0)","7"
RCOMMENT,"Station_30","R061_Vacuum","Vacuum Pick Row 2","OTE(VAC10_860.dcm[1].Request)","8"
RCOMMENT,"Station_30","R061_Vacuum","Blowoff Pick Row 2","OTE(VAC10_860.Control.Blow_Off_Control_Slave_1)","9"
RCOMMENT,"Station_30","R061_Vacuum","Vacuum Pick Row 2","OTE(VacuumLevelOk.1)","10"
RCOMMENT,"Station_30","R061_Vacuum","Vacuum Pick Row 3","OTE(VAC10_860.dcm[2].Request)","11"
RCOMMENT,"Station_30","R061_Vacuum","Blowoff Pick Row 3","OTE(VAC10_860.Control.Blow_Off_Control_Slave_2)","12"
RCOMMENT,"Station_30","R061_Vacuum","Vacuum Pick Row 3","OTE(VacuumLevelOk.2)","13"
RCOMMENT,"Station_30","R061_Vacuum","********************************************************$NReturn from Subroutine$N********************************************************","RET()","14"
RCOMMENT,"Station_30","R090_Outputs","------------------------------------------------------------$NFIVE COLOR BANNER LED LIGHTS$N------------------------------------------------------------$NColor 1 = White (Input 1 ON), Color 2 = Green (Input 2 ON), Color 3 = Red (Input 3 ON)$NColor 4 = Yel","MOV(\System.Light_Color,\System.Last_Color[2])","0"
RCOMMENT,"Station_30","R090_Outputs","PIO10.420     1734-OB8 Pio Module Slot 14 IO Mapping","NOP()","2"
RCOMMENT,"Station_30","R090_Outputs","Roller vision camera front Light","OTE(PIO10_420:14:O.5)","3"
RCOMMENT,"Station_30","R090_Outputs","PIO10.420     1734-OB8 Pio Module Slot 15 IO Mapping","NOP()","4"
RCOMMENT,"Station_30","R090_Outputs","------------------------------------------------------------$NVB20.1$N------------------------------------------------------------","NOP()","8"
RCOMMENT,"Station_30","R090_Outputs","Holdback 1","OTU(VB20_1:O.OutputArea[0].1)","9"
RCOMMENT,"Station_30","R090_Outputs","Holdback 1","OTU(VB20_1:O.OutputArea[1].15)","10"
RCOMMENT,"Station_30","R090_Outputs","Vertical Push","OTU(VB20_1:O.OutputArea[0].5)","11"
RCOMMENT,"Station_30","R090_Outputs","Spare cylinder ( was Horizontal Push)","OTE(VB20_1:O.OutputArea[0].6)","12"
RCOMMENT,"Station_30","R090_Outputs","Gantry Z-Axis","OTE(VB20_1:O.OutputArea[0].8)","13"
RCOMMENT,"Station_30","R090_Outputs","Pallet Locator","OTE(VB20_1:O.OutputArea[1].9)","14"
RCOMMENT,"Station_30","R100_PalletDataReadyToStart","Reay to Start Permissives","NOP()","0"
RCOMMENT,"Station_30","R100_PalletDataReadyToStart","Clear Unused Visibility","OTU(PalletData_Sequence.ReadyToStart.Visibility.31)","3"
RCOMMENT,"Station_30","R100_PalletDataReadyToStart","Set Unused Ready Bits","OTE(PalletData_Sequence.ReadyToStart.Ready.31)","4"
TEXTBOX,"Station_30","R100_PalletData_Sequence","Sequence $R$NComplete","","200:1520"
TEXTBOX,"Station_30","R100_PalletData_Sequence","Copy Local $R$NData to $R$NPallet","","200:1140"
TEXTBOX,"Station_30","R100_PalletData_Sequence","OK to Work $R$Non Part or $R$NNot OK to $R$NWork on $R$NPart","","200:680"
TEXTBOX,"Station_30","R100_PalletData_Sequence","Copy Pallet $R$NData to $R$NLocal $R$NStation","","200:480"
TEXTBOX,"Station_30","R100_PalletData_Sequence","Initialize","","200:120"
TEXTBOX,"Station_30","R100_PalletData_Sequence","Set Station Process Complete $R$N(Triggers MagneMotion Process $R$NComplete)","","100:1340"
TEXTBOX,"Station_30","R100_PalletData_Sequence","Wait for $R$NProcess $R$NComplete","","200:880"
TEXTBOX,"Station_30","R100_PalletData_Sequence","Check Station Status (Not $R$NCopied, Copied (Process not $R$NFinished) or Copied and $R$NFinished Process)","","120:280"
RCOMMENT,"Station_30","R100_PalletData_Seq_Transitions","Single Step Mode","OTE(PalletData_Sequence.SingleStep.Mode.Interlock)","0"
RCOMMENT,"Station_30","R100_PalletData_Seq_Transitions","INITIAL STEP","OTU(PalletData_Sequence.SingleStep.Pulse)","7"
RCOMMENT,"Station_30","R100_PalletData_Seq_Transitions","INITILIZE / CLEAR BUFFERS$NCHECK STATION STATUS (NOT COPIED, COPIED (PROCESS NOT FINISHED) OR COPIED AND FINISHED PROCESS)$N","OTU(PalletData_Sequence.SingleStep.Pulse)","8"
RCOMMENT,"Station_30","R100_PalletData_Seq_Transitions","COPY PALLET DATA TO LOCAL STATION","OTU(PalletData_Sequence.SingleStep.Pulse)","9"
RCOMMENT,"Station_30","R100_PalletData_Seq_Transitions","OK TO WORK ON PART OR NOT OK TO WORK ON PART","OTU(PalletData_Sequence.SingleStep.Pulse)","10"
RCOMMENT,"Station_30","R100_PalletData_Seq_Transitions","WAIT FOR PROCESS COMPLETE$N","OTU(PalletData_Sequence.SingleStep.Pulse)","11"
RCOMMENT,"Station_30","R100_PalletData_Seq_Transitions","COPY LOCAL DATA TO PALLET$N","OTU(PalletData_Sequence.SingleStep.Pulse)","13"
RCOMMENT,"Station_30","R100_PalletData_Seq_Transitions","SET STATION PROCESS COMPLETE$N(TRIGGERS MAGNEMOTION PROCESS COMPLETE)$N","OTU(PalletData_Sequence.SingleStep.Pulse)","14"
RCOMMENT,"Station_30","R100_PalletData_Seq_Transitions","SEQUENCE COMPLETE$N","OTU(PalletData_Sequence.SingleStep.Pulse)","15"
RCOMMENT,"Station_30","R100_PalletData_Seq_Transitions","Calculate Sequence Cycle TIme","DIV(PalletData_Sequence.CycleTimer.ACC,1000,PalletData_Sequence.CurrentCycleTime_Sec)","16"
RCOMMENT,"Station_30","R100_PalletData_Seq_Transitions","Sequence Overtime","OTE(PalletData_Sequence.Overtime)","17"
RCOMMENT,"Station_30","R100_PalletData_Seq_Transitions","Sequence Busy Status","OTE(PalletData_Sequence.Busy)","18"
TYPE,SCOPE,ROUTINE,COMMENT,OWNING_ELEMENT,LOCATION
RCOMMENT,"Station_30_RollerFeeding","R000_Main","********************************************************$NSystem Information$N********************************************************","NOP()","4"
RCOMMENT,"Station_30_RollerFeeding","R001_Inputs","********************************************************$NPoint IO Slot 10$N********************************************************","NOP()","0"
RCOMMENT,"Station_30_RollerFeeding","R001_Inputs","********************************************************$NPoint IO Slot 11$N********************************************************","NOP()","9"
RCOMMENT,"Station_30_RollerFeeding","R001_Inputs","********************************************************$NReturn from Subroutine$N********************************************************","RET()","14"
RCOMMENT,"Station_30_RollerFeeding","R010_Status","HMI Part Status Indicator","MOV(3,Roller_Feeding_Status_HMI)","7"
RCOMMENT,"Station_30_RollerFeeding","R010_Status","********************************************************$NReturn from Subroutine$N********************************************************","RET()","10"
RCOMMENT,"Station_30_RollerFeeding","R050_Material_Shortage_ReadyToStart","Reay to Start Permissives","NOP()","0"
RCOMMENT,"Station_30_RollerFeeding","R050_Material_Shortage_ReadyToStart","Clear Unused Visibility","OTU(Material_Shortage_Sequence.ReadyToStart.Visibility.31)","4"
RCOMMENT,"Station_30_RollerFeeding","R050_Material_Shortage_ReadyToStart","Set Unused Ready Bits","OTE(Material_Shortage_Sequence.ReadyToStart.Ready.31)","5"
RCOMMENT,"Station_30_RollerFeeding","R050_Material_Shortage_ReadyToStart","********************************************************$NReturn from Subroutine$N********************************************************","RET()","7"
RCOMMENT,"Station_30_RollerFeeding","R050_Material_Shortage_Sequence","Status and Step Description: Used by HMI","COP(Material_Shortage_Sequence.Description[0],Material_Shortage_Sequence.ActiveStepDescription,1)","2"
RCOMMENT,"Station_30_RollerFeeding","R050_Material_Shortage_Sequence","********************************************************$NReturn from Subroutine$N********************************************************","RET()","5"
RCOMMENT,"Station_30_RollerFeeding","R051_StorageConveyor_ReadyToStart","Reay to Start Permissives","NOP()","0"
RCOMMENT,"Station_30_RollerFeeding","R051_StorageConveyor_ReadyToStart","Clear Unused Visibility","OTU(StorageConv_Sequence.ReadyToStart.Visibility.31)","4"
RCOMMENT,"Station_30_RollerFeeding","R051_StorageConveyor_ReadyToStart","Set Unused Ready Bits","OTE(StorageConv_Sequence.ReadyToStart.Ready.31)","5"
RCOMMENT,"Station_30_RollerFeeding","R051_StorageConveyor_ReadyToStart","********************************************************$NReturn from Subroutine$N********************************************************","RET()","7"
RCOMMENT,"Station_30_RollerFeeding","R051_StorageConveyor_Sequence","Status and Step Description: Used by HMI","COP(StorageConv_Sequence.Description[0],StorageConv_Sequence.ActiveStepDescription,1)","2"
RCOMMENT,"Station_30_RollerFeeding","R051_StorageConveyor_Sequence","********************************************************$NReturn from Subroutine$N********************************************************","RET()","5"
RCOMMENT,"Station_30_RollerFeeding","R052_FeedingBelt_ReadyToStart","Reay to Start Permissives","NOP()","0"
RCOMMENT,"Station_30_RollerFeeding","R052_FeedingBelt_ReadyToStart","Clear Unused Visibility","OTU(FeedingBelt_Sequence.ReadyToStart.Visibility.31)","4"
RCOMMENT,"Station_30_RollerFeeding","R052_FeedingBelt_ReadyToStart","Set Unused Ready Bits","OTE(FeedingBelt_Sequence.ReadyToStart.Ready.31)","5"
RCOMMENT,"Station_30_RollerFeeding","R052_FeedingBelt_ReadyToStart","********************************************************$NReturn from Subroutine$N********************************************************","RET()","7"
RCOMMENT,"Station_30_RollerFeeding","R052_FeedingBelt_Sequence","Status and Step Description: Used by HMI","COP(FeedingBelt_Sequence.Description[0],FeedingBelt_Sequence.ActiveStepDescription,1)","6"
RCOMMENT,"Station_30_RollerFeeding","R052_FeedingBelt_Sequence","********************************************************$NReturn from Subroutine$N********************************************************","RET()","9"
RCOMMENT,"Station_30_RollerFeeding","R053_Step_Feeder_ReadyToStart","Reay to Start Permissives","NOP()","0"
RCOMMENT,"Station_30_RollerFeeding","R053_Step_Feeder_ReadyToStart","Clear Unused Visibility","OTU(Step_Feeder_Sequence.ReadyToStart.Visibility.31)","4"
RCOMMENT,"Station_30_RollerFeeding","R053_Step_Feeder_ReadyToStart","Set Unused Ready Bits","OTE(Step_Feeder_Sequence.ReadyToStart.Ready.31)","5"
RCOMMENT,"Station_30_RollerFeeding","R053_Step_Feeder_Sequence","Status and Step Description: Used by HMI","COP(Step_Feeder_Sequence.Description[0],Step_Feeder_Sequence.ActiveStepDescription,1)","3"
RCOMMENT,"Station_30_RollerFeeding","R053_Step_Feeder_Sequence","********************************************************$NReturn from Subroutine$N********************************************************","RET()","6"
RCOMMENT,"Station_30_RollerFeeding","R054_Vibroliner_ReadyToStart","Reay to Start Permissives","NOP()","0"
RCOMMENT,"Station_30_RollerFeeding","R054_Vibroliner_ReadyToStart","Clear Unused Visibility","OTU(Vibroliner_Sequence.ReadyToStart.Visibility.31)","3"
RCOMMENT,"Station_30_RollerFeeding","R054_Vibroliner_ReadyToStart","Set Unused Ready Bits","OTE(Vibroliner_Sequence.ReadyToStart.Ready.31)","4"
RCOMMENT,"Station_30_RollerFeeding","R054_Vibroliner_ReadyToStart","********************************************************$NReturn from Subroutine$N********************************************************","RET()","6"
RCOMMENT,"Station_30_RollerFeeding","R054_Vibroliner_Sequence","Status and Step Description: Used by HMI","COP(Vibroliner_Sequence.Description[0],Vibroliner_Sequence.ActiveStepDescription,1)","5"
RCOMMENT,"Station_30_RollerFeeding","R054_Vibroliner_Sequence","********************************************************$NReturn from Subroutine$N********************************************************","RET()","8"
RCOMMENT,"Station_30_RollerFeeding","R055_ReturnBelt_ReadyToStart","Reay to Start Permissives","NOP()","0"
RCOMMENT,"Station_30_RollerFeeding","R055_ReturnBelt_ReadyToStart","Clear Unused Visibility","OTU(ReturnBelt_Sequence.ReadyToStart.Visibility.31)","3"
RCOMMENT,"Station_30_RollerFeeding","R055_ReturnBelt_ReadyToStart","Set Unused Ready Bits","OTE(ReturnBelt_Sequence.ReadyToStart.Ready.31)","4"
RCOMMENT,"Station_30_RollerFeeding","R055_ReturnBelt_ReadyToStart","********************************************************$NReturn from Subroutine$N********************************************************","RET()","6"
RCOMMENT,"Station_30_RollerFeeding","R055_ReturnBelt_Sequence","Status and Step Description: Used by HMI","COP(ReturnBelt_Sequence.Description[0],ReturnBelt_Sequence.ActiveStepDescription,1)","3"
RCOMMENT,"Station_30_RollerFeeding","R055_ReturnBelt_Sequence","********************************************************$NReturn from Subroutine$N********************************************************","RET()","6"
RCOMMENT,"Station_30_RollerFeeding","R080_Motors","Storage Conveyor Request","OTE(Storage_Conveyor.dcm.Request)","0"
RCOMMENT,"Station_30_RollerFeeding","R080_Motors","Storage Conveyor Relay Control","OTE(O10_420_21[3].Command)","1"
RCOMMENT,"Station_30_RollerFeeding","R080_Motors","Feeding Belt Request","OTE(Feeding_Belt.dcm.Request)","2"
RCOMMENT,"Station_30_RollerFeeding","R080_Motors","Feeding Belt Relay Control","OTE(O10_420_21[4].Command)","3"
RCOMMENT,"Station_30_RollerFeeding","R080_Motors","Step Feeder Request","OTE(Step_Feeder.dcm.Request)","4"
RCOMMENT,"Station_30_RollerFeeding","R080_Motors","Step Feeder Relay Control","OTE(O10_420_21[5].Command)","5"
RCOMMENT,"Station_30_RollerFeeding","R080_Motors","Return Belt Request","OTE(Return_Belt.dcm.Request)","6"
RCOMMENT,"Station_30_RollerFeeding","R080_Motors","Return Belt Relay Control","OTE(O10_420_21[6].Command)","7"
RCOMMENT,"Station_30_RollerFeeding","R080_Motors","********************************************************$NReturn from Subroutine$N********************************************************","RET()","9"
RCOMMENT,"Station_30_RollerFeeding","R081_Vibroliner","FC6228 IFSYS Feeded FC2000 Vibroliner Request (Upper)","OTE(Roller_Vibroliner.dcm.Request)","0"
RCOMMENT,"Station_30_RollerFeeding","R081_Vibroliner","FC6228 IFSYS Feeded FC2000 Vibroliner (Upper)","OTE(O10_420_21[2].Command)","1"
RCOMMENT,"Station_30_RollerFeeding","R081_Vibroliner","********************************************************$NReturn from Subroutine$N********************************************************","RET()","3"
RCOMMENT,"Station_30_RollerFeeding","R090_Outputs","1734-OB8 Pio Module Slot 21 IO Mapping","NOP()","0"
RCOMMENT,"Station_30_RollerFeeding","R090_Outputs","1734-OB8 Pio Module Slot 22 IO Mapping","NOP()","8"
TYPE,SCOPE,ROUTINE,COMMENT,OWNING_ELEMENT,LOCATION
RCOMMENT,"Station_40","R001_Inputs","Robot to PLC","CPS(RBT10_750:I.Data[21],RBT10_750.i.ProgWord[0],2)","0"
RCOMMENT,"Station_40","R001_Inputs","IB10.3","NOP()","2"
RCOMMENT,"Station_40","R001_Inputs","IB10.4","NOP()","11"
RCOMMENT,"Station_40","R001_Inputs","IB10.5","NOP()","20"
RCOMMENT,"Station_40","R004_CAM10_800_3","$NInformation Only$N$N","NOP()","0"
RCOMMENT,"Station_40","R004_CAM10_800_3","Information Only","NOP()","1"
RCOMMENT,"Station_40","R004_CAM10_800_3","Camera Ready","OTE(CAM10_800_3.Ready)","5"
RCOMMENT,"Station_40","R004_CAM10_800_3","Clear InpBuffer","OTU(CAM10_800_3.ClearBufferReq)","6"
RCOMMENT,"Station_40","R004_CAM10_800_3","Send Recipe to Camera$N","MOV(\System.RecipeActive.Mold1.PinType_Int,CC_out.UserData[1])","7"
RCOMMENT,"Station_40","R004_CAM10_800_3","Update Camera Recipe Information","OTU(resend_userdata)","9"
RCOMMENT,"Station_40","R004_CAM10_800_3","Trigger Camera","FLL(0,CAM10_800_3.Result[0],32)","12"
RCOMMENT,"Station_40","R004_CAM10_800_3","Camera Triggered Successfull","OTE(CC_out.Control.InspectionResultsAck1)","13"
RCOMMENT,"Station_40","R004_CAM10_800_3","Trigger Timeout Fault","ADD(CAM10_800_3_Retry_Count,1,CAM10_800_3_Retry_Count)","15"
RCOMMENT,"Station_40","R004_CAM10_800_3_Data","Normal Pin Orientation$N","MOV(17,RBT10_750.o.ProgParam[0])","0"
RCOMMENT,"Station_40","R004_CAM10_800_3_Data","Pin Orientation A Normal, B Backwards","MOV(18,RBT10_750.o.ProgParam[0])","1"
RCOMMENT,"Station_40","R004_CAM10_800_3_Data","Pin Orientation A Backwards, B Normal","MOV(19,RBT10_750.o.ProgParam[0])","2"
RCOMMENT,"Station_40","R004_CAM10_800_3_Data","Pin Orientation Both Backward","MOV(17,RBT10_750.o.ProgParam[0])","3"
RCOMMENT,"Station_40","R004_CAM10_800_3_Data","Pins Orientation Unknown Need Rejected$N","MOV(4,RBT10_750.o.ProgParam[1])","4"
RCOMMENT,"Station_40","R005_Operator","****************************************************************************************************************$NOperator Request Bypass Camera$N****************************************************************************************************************","OTE(CAM10_800_3.Bypass.Interlock)","1"
RCOMMENT,"Station_40","R005_Operator","****************************************************************************************************************$NOperator Request Reject$N****************************************************************************************************************","OTE(RBT10_750.Request[0].Interlock)","6"
RCOMMENT,"Station_40","R005_Operator","****************************************************************************************************************$NOperator Request Robot HOME$N****************************************************************************************************************","OTE(RBT10_750.Request[1].Interlock)","10"
RCOMMENT,"Station_40","R005_Operator","****************************************************************************************************************$NOperator Request Robot Abort$N****************************************************************************************************************","OTE(RBT10_750.Request[2].Interlock)","14"
RCOMMENT,"Station_40","R005_Operator","****************************************************************************************************************$NOperator Request Robot Resume$N****************************************************************************************************************","OTE(RBT10_750.Request[3].Interlock)","20"
RCOMMENT,"Station_40","R005_Operator","****************************************************************************************************************$NOperator Request Robot Pause$N****************************************************************************************************************","OTE(RBT10_750.Request[4].Interlock)","24"
RCOMMENT,"Station_40","R005_Operator","****************************************************************************************************************$NOperator Request MAINT$N****************************************************************************************************************","OTE(RBT10_750.Request[5].Interlock)","28"
RCOMMENT,"Station_40","R005_Operator","****************************************************************************************************************$NOperator Request Purge Feeder$N****************************************************************************************************************","OTE(PurgePin_Feeder.Interlock)","33"
RCOMMENT,"Station_40","R005_Operator","Management of the Press Sequence SFC","NOP()","39"
RCOMMENT,"Station_40","R010_Status","Tooling vs. recipe check","OTE(Pin_Press_Tooling_OK)","7"
RCOMMENT,"Station_40","R010_Status","Pin Escapement Ready to Pick","OTE(Status.ReadyToPick)","17"
RCOMMENT,"Station_40","R010_Status","Pins Ready to Place on Pin Tray","OTE(Status.ReadyToPlace)","18"
RCOMMENT,"Station_40","R010_Status","Sequence Status for Display","MOV(4,PnP_Sequence.Status)","22"
RCOMMENT,"Station_40","R010_Status","Sequence Status for Display","MOV(4,Press_Sequence.Status)","23"
RCOMMENT,"Station_40","R040_iai_PinDepth1_PointTable","********************************************************$NPin Depth Point Table$N*******************************************************","NOP()","0"
RCOMMENT,"Station_40","R040_iai_PinDepth1_PointTable","The CPS copies data from the RCON to the input UDT tag. The length is 1 because the Dest tag is a (single) UDT.$NThe RCON_Status_AOI  moves data from the RCON_Axis_In members to a Status UDT, for use in the program. You can use the RCON_Axis_In members directly if you prefer. The primary purpose of this AOI is to show what input signals and data are available.","STS(DRV10_712.Status_Axis[2],DRV10_712.Status_Axis[2].Actual_Position,DRV10_712.Status_Axis[2].Actual_Speed,DRV10_712.Status_Axis[2].Alarm_Active,DRV10_712.Status_Axis[2].Alarm_Code,DRV10_712.Status_Axis[2].Command_Current,DRV10_712.Status_Axis[2].E_Stop_Active,DRV10_712.Status_Axis[2].Home_Complete,DRV10_712.Status_Axis[2].In_Zone_1,DRV10_712.Status_Axis[2].In_Zone_2,DRV10_712.Status_Axis[2].Movement_Complete,DRV10_712.Status_Axis[2].Moving,DRV10_712.Status_Axis[2].Position_Complete,DRV10_712.Status_Axis[2].Push_Failed,DRV10_712.Status_Axis[2].Ready,DRV10_712.Status_Axis[2].Servo_On,DRV10_712.Axis_In[2])","2"
RCOMMENT,"Station_40","R040_iai_PinDepth1_PointTable","Move to Position Zero$N Home Position/ Load Position A","OTE(PinDepth1_Actuator.Point[0].MoveReq)","9"
RCOMMENT,"Station_40","R040_iai_PinDepth1_PointTable","***********************************$NBegin HMI Edits$N***********************************","NOP()","13"
RCOMMENT,"Station_40","R040_iai_PinDepth1_PointTable","Servo On Command","OTE(DRV10_712.Operations_Axis[2].Servo_On)","14"
RCOMMENT,"Station_40","R040_iai_PinDepth1_PointTable","Servo Home Command","OTE(DRV10_712.Moves_Axis[2].Home)","15"
RCOMMENT,"Station_40","R040_iai_PinDepth1_PointTable","Move Request","OTL(DRV10_712.Moves_Axis[2].Start_Move)","16"
RCOMMENT,"Station_40","R040_iai_PinDepth1_PointTable","Manual Mode Axis Control, Can be used to Jog","OTE(DRV10_712.Operations_Axis[2].Jog_Inch_Reverse)","17"
RCOMMENT,"Station_40","R040_iai_PinDepth1_PointTable","Reset Axis","OTU(PinDepth1_Actuator.MoveInProgress)","18"
RCOMMENT,"Station_40","R040_iai_PinDepth1_PointTable","Define Position Band Based on Point Table Settings$N$N*****************************This has not been checked for accuracy*******************************","MOV(iai_PinDepth1_Actuator.InPosTol,DRV10_712.Moves_Axis[2].Position_Band)","19"
RCOMMENT,"Station_40","R040_iai_PinDepth1_PointTable","Axis Control AOI$'s","OP(DRV10_712.Operations_Axis[2],DRV10_712.Operations_Axis[2].Servo_On,DRV10_712.Operations_Axis[2].Pause,DRV10_712.Operations_Axis[2].Inch_Select,DRV10_712.Operations_Axis[2].Jog_Inch_Forward,DRV10_712.Operations_Axis[2].Jog_Inch_Reverse,DRV10_712.Operations_Axis[2].Reset_Axis,DRV10_712.Operations_Axis[2].Release_Brake,DRV10_712.Axis_Out[2])","24"
RCOMMENT,"Station_40","R040_iai_PinDepth1_PointTable","Axis Control AOI$'s","OTU(DRV10_712.Moves_Axis[2].Start_Move)","25"
RCOMMENT,"Station_40","R041_iai_PinDepth2_PointTable","********************************************************$NPin Depth Point Table$N*******************************************************","NOP()","0"
RCOMMENT,"Station_40","R041_iai_PinDepth2_PointTable","The CPS copies data from the RCON to the input UDT tag. The length is 1 because the Dest tag is a (single) UDT.$NThe RCON_Status_AOI  moves data from the RCON_Axis_In members to a Status UDT, for use in the program. You can use the RCON_Axis_In members directly if you prefer. The primary purpose of this AOI is to show what input signals and data are available.","STS(DRV10_712.Status_Axis[3],DRV10_712.Status_Axis[3].Actual_Position,DRV10_712.Status_Axis[3].Actual_Speed,DRV10_712.Status_Axis[3].Alarm_Active,DRV10_712.Status_Axis[3].Alarm_Code,DRV10_712.Status_Axis[3].Command_Current,DRV10_712.Status_Axis[3].E_Stop_Active,DRV10_712.Status_Axis[3].Home_Complete,DRV10_712.Status_Axis[3].In_Zone_1,DRV10_712.Status_Axis[3].In_Zone_2,DRV10_712.Status_Axis[3].Movement_Complete,DRV10_712.Status_Axis[3].Moving,DRV10_712.Status_Axis[3].Position_Complete,DRV10_712.Status_Axis[3].Push_Failed,DRV10_712.Status_Axis[3].Ready,DRV10_712.Status_Axis[3].Servo_On,DRV10_712.Axis_In[3])","2"
RCOMMENT,"Station_40","R041_iai_PinDepth2_PointTable","Move to Position Zero$N Home Position/ Load Position A","OTE(PinDepth2_Actuator.Point[0].MoveReq)","10"
RCOMMENT,"Station_40","R041_iai_PinDepth2_PointTable","***********************************$NBegin HMI Edits$N***********************************","NOP()","14"
RCOMMENT,"Station_40","R041_iai_PinDepth2_PointTable","Servo On Command","OTE(DRV10_712.Operations_Axis[3].Servo_On)","15"
RCOMMENT,"Station_40","R041_iai_PinDepth2_PointTable","Servo Home Command","OTE(DRV10_712.Moves_Axis[3].Home)","16"
RCOMMENT,"Station_40","R041_iai_PinDepth2_PointTable","Move Request","OTL(DRV10_712.Moves_Axis[3].Start_Move)","17"
RCOMMENT,"Station_40","R041_iai_PinDepth2_PointTable","Manual Mode Axis Control, Can be used to Jog","OTE(DRV10_712.Operations_Axis[3].Jog_Inch_Reverse)","18"
RCOMMENT,"Station_40","R041_iai_PinDepth2_PointTable","Reset Axis","OTU(PinDepth2_Actuator.MoveInProgress)","19"
RCOMMENT,"Station_40","R041_iai_PinDepth2_PointTable","Define Position Band Based on Point Table Settings$N$N*****************************This has not been checked for accuracy*******************************","MOV(iai_PinDepth2_Actuator.InPosTol,DRV10_712.Moves_Axis[3].Position_Band)","20"
RCOMMENT,"Station_40","R041_iai_PinDepth2_PointTable","Axis Control AOI$'s","OP(DRV10_712.Operations_Axis[3],DRV10_712.Operations_Axis[3].Servo_On,DRV10_712.Operations_Axis[3].Pause,DRV10_712.Operations_Axis[3].Inch_Select,DRV10_712.Operations_Axis[3].Jog_Inch_Forward,DRV10_712.Operations_Axis[3].Jog_Inch_Reverse,DRV10_712.Operations_Axis[3].Reset_Axis,DRV10_712.Operations_Axis[3].Release_Brake,DRV10_712.Axis_Out[3])","25"
RCOMMENT,"Station_40","R041_iai_PinDepth2_PointTable","Axis Control AOI$'s","OTU(DRV10_712.Moves_Axis[3].Start_Move)","26"
RCOMMENT,"Station_40","R042_iai_PinDepth3_PointTable","********************************************************$NPin Depth Point Table$N*******************************************************","NOP()","0"
RCOMMENT,"Station_40","R042_iai_PinDepth3_PointTable","The CPS copies data from the RCON to the input UDT tag. The length is 1 because the Dest tag is a (single) UDT.$NThe RCON_Status_AOI  moves data from the RCON_Axis_In members to a Status UDT, for use in the program. You can use the RCON_Axis_In members directly if you prefer. The primary purpose of this AOI is to show what input signals and data are available.","STS(DRV10_712.Status_Axis[4],DRV10_712.Status_Axis[4].Actual_Position,DRV10_712.Status_Axis[4].Actual_Speed,DRV10_712.Status_Axis[4].Alarm_Active,DRV10_712.Status_Axis[4].Alarm_Code,DRV10_712.Status_Axis[4].Command_Current,DRV10_712.Status_Axis[4].E_Stop_Active,DRV10_712.Status_Axis[4].Home_Complete,DRV10_712.Status_Axis[4].In_Zone_1,DRV10_712.Status_Axis[4].In_Zone_2,DRV10_712.Status_Axis[4].Movement_Complete,DRV10_712.Status_Axis[4].Moving,DRV10_712.Status_Axis[4].Position_Complete,DRV10_712.Status_Axis[4].Push_Failed,DRV10_712.Status_Axis[4].Ready,DRV10_712.Status_Axis[4].Servo_On,DRV10_712.Axis_In[4])","2"
RCOMMENT,"Station_40","R042_iai_PinDepth3_PointTable","Move to Position Zero$N Home Position/ Load Position A","OTE(PinDepth3_Actuator.Point[0].MoveReq)","10"
RCOMMENT,"Station_40","R042_iai_PinDepth3_PointTable","***********************************$NBegin HMI Edits$N***********************************","NOP()","14"
RCOMMENT,"Station_40","R042_iai_PinDepth3_PointTable","Servo On Command","OTE(DRV10_712.Operations_Axis[4].Servo_On)","15"
RCOMMENT,"Station_40","R042_iai_PinDepth3_PointTable","Servo Home Command","OTE(DRV10_712.Moves_Axis[4].Home)","16"
RCOMMENT,"Station_40","R042_iai_PinDepth3_PointTable","Move Request","OTL(DRV10_712.Moves_Axis[4].Start_Move)","17"
RCOMMENT,"Station_40","R042_iai_PinDepth3_PointTable","Manual Mode Axis Control, Can be used to Jog","OTE(DRV10_712.Operations_Axis[4].Jog_Inch_Reverse)","18"
RCOMMENT,"Station_40","R042_iai_PinDepth3_PointTable","Reset Axis","OTU(PinDepth3_Actuator.MoveInProgress)","19"
RCOMMENT,"Station_40","R042_iai_PinDepth3_PointTable","Define Position Band Based on Point Table Settings$N$N*****************************This has not been checked for accuracy*******************************","MOV(iai_PinDepth3_Actuator.InPosTol,DRV10_712.Moves_Axis[4].Position_Band)","20"
RCOMMENT,"Station_40","R042_iai_PinDepth3_PointTable","Axis Control AOI$'s","OP(DRV10_712.Operations_Axis[4],DRV10_712.Operations_Axis[4].Servo_On,DRV10_712.Operations_Axis[4].Pause,DRV10_712.Operations_Axis[4].Inch_Select,DRV10_712.Operations_Axis[4].Jog_Inch_Forward,DRV10_712.Operations_Axis[4].Jog_Inch_Reverse,DRV10_712.Operations_Axis[4].Reset_Axis,DRV10_712.Operations_Axis[4].Release_Brake,DRV10_712.Axis_Out[4])","25"
RCOMMENT,"Station_40","R042_iai_PinDepth3_PointTable","Axis Control AOI$'s","OTU(DRV10_712.Moves_Axis[4].Start_Move)","26"
RCOMMENT,"Station_40","R051_PressReadyToStart","Reay to Start Permissives","NOP()","0"
RCOMMENT,"Station_40","R051_PressReadyToStart","Clear Unused Visibility","OTU(Press_Sequence.ReadyToStart.Visibility.31)","9"
RCOMMENT,"Station_40","R051_PressReadyToStart","Set Unused Ready Bits","OTE(Press_Sequence.ReadyToStart.Ready.31)","10"
TEXTBOX,"Station_40","R051_Press_Sequence","Go To Press 2","","940:800"
TEXTBOX,"Station_40","R051_Press_Sequence","Go To Press 3","","1640:760"
TEXTBOX,"Station_40","R051_Press_Sequence","Sequence $R$NComplete","","140:1940"
TEXTBOX,"Station_40","R051_Press_Sequence","Ext (Work) $R$NPress 3","","140:1500"
TEXTBOX,"Station_40","R051_Press_Sequence","Ret (Home) Press $R$NCylinders,$NRet (Home) $R$NBackstop,$NRet (Home) Press $R$NApproach","","120:1720"
TEXTBOX,"Station_40","R051_Press_Sequence","Initialize","","140:120"
TEXTBOX,"Station_40","R051_Press_Sequence","Ext (Work) $R$NPress 1","","140:940"
TEXTBOX,"Station_40","R051_Press_Sequence","Intialize/ $R$NClear $R$NBuffers,$NSet $R$NSlow/Fast $R$NPress Valve","","140:240"
TEXTBOX,"Station_40","R051_Press_Sequence","Ext (Work) $R$NPress 2","","140:1180"
TEXTBOX,"Station_40","R051_Press_Sequence","Ext (Work) Backstop$NExt (Work) Press $R$NApproach$NCheck Depth IAI$'s$NCheck Press Memories","","100:580"
TEXTBOX,"Station_40","R051_Press_Sequence","Go To Press 1","","180:800"
TEXTBOX,"Station_40","R051_Press_Sequence","Check Pallet $R$NLocator $R$NExtended $R$N(Work)","","140:420"
RCOMMENT,"Station_40","R051_Press_Seq_Transitions","Single Step Mode","OTE(Press_Sequence.SingleStep.Mode.Interlock)","0"
RCOMMENT,"Station_40","R051_Press_Seq_Transitions","INITIAL STEP","OTU(Press_Sequence.SingleStep.Pulse)","8"
RCOMMENT,"Station_40","R051_Press_Seq_Transitions","INITILIZE / CLEAR BUFFERS$NSET SLOW/FAST PRESS SETTING","OTU(Press_Sequence.SingleStep.Pulse)","9"
RCOMMENT,"Station_40","R051_Press_Seq_Transitions","CHECK PALLET LOCATOR @ WORK$N","OTU(Press_Sequence.SingleStep.Pulse)","10"
RCOMMENT,"Station_40","R051_Press_Seq_Transitions","Determine when to Start at Press 2","OTE(Start_Press2)","18"
RCOMMENT,"Station_40","R051_Press_Seq_Transitions","EXT (WORK) BACKSTOP$NEXT (WORK) PRESS APPROACH$NCHECK DEPTH IAI$'s$NCHECK PRESS MEMORIES","OTU(Press_Sequence.SingleStep.Pulse)","22"
RCOMMENT,"Station_40","R051_Press_Seq_Transitions","EXT (WORK) PRESS CYLINDER 1","OTU(Press_Sequence.SingleStep.Pulse)","23"
RCOMMENT,"Station_40","R051_Press_Seq_Transitions","EXT (WORK) PRESS CYLINDER 2$N","OTU(Press_Sequence.SingleStep.Pulse)","24"
RCOMMENT,"Station_40","R051_Press_Seq_Transitions","EXT (WORK) PRESS CYLINDER 3$N","OTU(Press_Sequence.SingleStep.Pulse)","25"
RCOMMENT,"Station_40","R051_Press_Seq_Transitions","RET (HOME) PRESS CYLINDERS$NRET (HOME) BACKSTOP$NRET (HOME) PRESS APPROACH$NRET (HOME) LOCATING CYLINDER$N","OTU(Press_Sequence.SingleStep.Pulse)","26"
RCOMMENT,"Station_40","R051_Press_Seq_Transitions","SEQUENCE COMPLETE$N","OTU(Press_Sequence.SingleStep.Pulse)","27"
RCOMMENT,"Station_40","R051_Press_Seq_Transitions","Calculate Sequence Cycle TIme","DIV(Press_Sequence.CycleTimer.ACC,1000,Press_Sequence.CurrentCycleTime_Sec)","28"
RCOMMENT,"Station_40","R051_Press_Seq_Transitions","Sequence Overtime","OTE(Press_Sequence.Overtime)","29"
RCOMMENT,"Station_40","R051_Press_Seq_Transitions","Sequence Busy Status","OTE(Press_Sequence.Busy)","30"
RCOMMENT,"Station_40","R060_Valves","Pin Nest Blowoff","SOLENOID(PinNest_Blowoff,VB20_1_V[1],System.PowerAndAirOn,System.Zone1.Auto.Mode,System.Zone1.Cycle.Mode,System.Zone1.Manual.Mode,System.Reset,1,1,VB20_1_V[1].Home.InPositionTimer.PRE,VB20_1_V[1].Home.FaultTimer.PRE,VB20_1_V[1].Work.InPositionTimer.PRE,VB20_1_V[1].Work.FaultTimer.PRE,Global.SimulationEnabled)","0"
RCOMMENT,"Station_40","R060_Valves","Pin Nest Blowoff","SOLENOID(PinNest_Blowoff2,VB20_1_V[16],System.PowerAndAirOn,System.Zone1.Auto.Mode,System.Zone1.Cycle.Mode,System.Zone1.Manual.Mode,System.Reset,1,1,VB20_1_V[16].Home.InPositionTimer.PRE,VB20_1_V[16].Home.FaultTimer.PRE,VB20_1_V[16].Work.InPositionTimer.PRE,VB20_1_V[16].Work.FaultTimer.PRE,Global.SimulationEnabled)","1"
RCOMMENT,"Station_40","R060_Valves","BackStop","SOLENOID(BackStop,VB20_1_V[6],System.PowerAndAirOn,System.Zone1.Auto.Mode,System.Zone1.Cycle.Mode,System.Zone1.Manual.Mode,System.Reset,IB10_5[1].Input,IB10_5[0].Input,VB20_1_V[6].Home.InPositionTimer.PRE,VB20_1_V[6].Home.FaultTimer.PRE,VB20_1_V[6].Work.InPositionTimer.PRE,VB20_1_V[6].Work.FaultTimer.PRE,Global.SimulationEnabled)","2"
RCOMMENT,"Station_40","R060_Valves","Pin Tray Shift","SOLENOID(TrayShift,VB20_1_V[7],System.PowerAndAirOn,System.Zone1.Auto.Mode,System.Zone1.Cycle.Mode,System.Zone1.Manual.Mode,System.Reset,IB10_5[3].Input,IB10_5[2].Input,VB20_1_V[7].Home.InPositionTimer.PRE,VB20_1_V[7].Home.FaultTimer.PRE,VB20_1_V[7].Work.InPositionTimer.PRE,VB20_1_V[7].Work.FaultTimer.PRE,Global.SimulationEnabled)","3"
RCOMMENT,"Station_40","R060_Valves","Press Approach$N","SOLENOID(PressApproach,VB20_1_V[8],System.PowerAndAirOn,System.Zone1.Auto.Mode,System.Zone1.Cycle.Mode,System.Zone1.Manual.Mode,System.Reset,IB10_5[5].Input,IB10_5[4].Input,VB20_1_V[8].Home.InPositionTimer.PRE,VB20_1_V[8].Home.FaultTimer.PRE,VB20_1_V[8].Work.InPositionTimer.PRE,VB20_1_V[8].Work.FaultTimer.PRE,Global.SimulationEnabled)","4"
RCOMMENT,"Station_40","R060_Valves","Pin Station Pallet Locator","SOLENOID(PalletLocator,VB20_1_V[14],1,System.Zone1.Auto.Mode,System.Zone1.Cycle.Mode,System.Zone1.Manual.Mode,System.Reset,IB10_17[2].Input,IB10_17[3].Input,VB20_1_V[14].Home.InPositionTimer.PRE,VB20_1_V[14].Home.FaultTimer.PRE,VB20_1_V[14].Work.InPositionTimer.PRE,VB20_1_V[14].Work.FaultTimer.PRE,Global.SimulationEnabled)","6"
RCOMMENT,"Station_40","R060_Valves","Press 1/2","SOLENOID(PinPress1_2_Slow,VB20_5_V[1],System.PowerAndAirOn,System.Zone1.Auto.Mode,System.Zone1.Cycle.Mode,System.Zone1.Manual.Mode,System.Reset,IB10_4[3].Input,IB10_4[2].Input,VB20_5_V[1].Home.InPositionTimer.PRE,VB20_5_V[1].Home.FaultTimer.PRE,VB20_5_V[1].Work.InPositionTimer.PRE,VB20_5_V[1].Work.FaultTimer.PRE,Global.SimulationEnabled)","7"
RCOMMENT,"Station_40","R060_Valves","Press 3/4","SOLENOID(PinPress3_4_Slow,VB20_5_V[3],System.PowerAndAirOn,System.Zone1.Auto.Mode,System.Zone1.Cycle.Mode,System.Zone1.Manual.Mode,System.Reset,IB10_4[5].Input,IB10_4[4].Input,VB20_5_V[3].Home.InPositionTimer.PRE,VB20_5_V[3].Home.FaultTimer.PRE,VB20_5_V[3].Work.InPositionTimer.PRE,VB20_5_V[3].Work.FaultTimer.PRE,Global.SimulationEnabled)","8"
RCOMMENT,"Station_40","R060_Valves","Press 5/6","SOLENOID(PinPress5_6_Slow,VB20_5_V[5],System.PowerAndAirOn,System.Zone1.Auto.Mode,System.Zone1.Cycle.Mode,System.Zone1.Manual.Mode,System.Reset,IB10_4[7].Input,IB10_4[6].Input,VB20_5_V[5].Home.InPositionTimer.PRE,VB20_5_V[5].Home.FaultTimer.PRE,VB20_5_V[5].Work.InPositionTimer.PRE,VB20_5_V[5].Work.FaultTimer.PRE,Global.SimulationEnabled)","9"
RCOMMENT,"Station_40","R061_Nest_Blowoff","********** DIAGNOSTIC ONLY **********","NOP()","0"
RCOMMENT,"Station_40","R061_Nest_Blowoff","********** DIAGNOSTIC ONLY **********","CTU(MonitorRejectCounts,?,?)","1"
RCOMMENT,"Station_40","R061_Nest_Blowoff","********** DIAGNOSTIC ONLY **********","RES(MonitorRejectCounts)","2"
RCOMMENT,"Station_40","R061_Nest_Blowoff","********** DIAGNOSTIC ONLY **********","TON(PinRejectCheckTmr,?,?)","5"
RCOMMENT,"Station_40","R061_Nest_Blowoff","********** DIAGNOSTIC ONLY **********","NOP()","6"
RCOMMENT,"Station_40","R070_Staubli_Calls","Pause Cycle$N","OTE(RobotCmd.15)","3"
RCOMMENT,"Station_40","R070_Staubli_Calls","Resume Cycle$N","OTE(RBT10_750.o.CmdCntrl.ResumeCycle)","4"
RCOMMENT,"Station_40","R070_Staubli_Calls","**************************************************$NRobot Commands$N**************************************************","NOP()","5"
RCOMMENT,"Station_40","R070_Staubli_Calls","Call Home","MOV(1,RBT10_750.o.CmdReq)","6"
RCOMMENT,"Station_40","R070_Staubli_Calls","Call Pick$N","MOV(CC_in.Status.AcquisitionID1,Last_ID)","7"
RCOMMENT,"Station_40","R070_Staubli_Calls","Call Place$N","MOV(20,RBT10_750.o.CmdReq)","9"
RCOMMENT,"Station_40","R070_Staubli_Calls","Call Place$N","MOV(21,RBT10_750.o.CmdReq)","10"
RCOMMENT,"Station_40","R070_Staubli_Calls","Call Place$N","MOV(22,RBT10_750.o.CmdReq)","11"
RCOMMENT,"Station_40","R070_Staubli_Calls","Call Reject","MOV(90,RBT10_750.o.CmdReq)","12"
RCOMMENT,"Station_40","R070_Staubli_Calls","Call Maintenance","MOV(100,RBT10_750.o.CmdReq)","13"
RCOMMENT,"Station_40","R070_Staubli_Calls","Send Robot Command","OTE(RBT10_750.o.CmdCntrl.ExecuteReq)","15"
RCOMMENT,"Station_40","R070_Staubli_Handshakes","**************************************************$NOK to Enter Zones$N**************************************************$N","NOP()","0"
RCOMMENT,"Station_40","R070_Staubli_Handshakes","PICK","NOP()","9"
RCOMMENT,"Station_40","R070_Staubli_Handshakes","REJECT","NOP()","11"
RCOMMENT,"Station_40","R070_Staubli_Handshakes","Clear Home Request","OTU(RBT10_750.Request[1].Latch)","14"
RCOMMENT,"Station_40","R070_Staubli_Handshakes","Clear Pick Memory$N","OTU(RBT10_750.Memory[1].0)","15"
RCOMMENT,"Station_40","R070_Staubli_Handshakes","Clear Place Memory$N","OTU(RBT10_750.Memory[1].1)","16"
RCOMMENT,"Station_40","R070_Staubli_Handshakes","Clear Reject Place Memory$N","OTU(RBT10_750.Memory[1].30)","18"
RCOMMENT,"Station_40","R070_Staubli_Place","Pins 1 & 3 Present$N","OTE(Pin_TrayData.Present.3)","0"
RCOMMENT,"Station_40","R070_Staubli_Place","Pins 2 & 4 Present$N","OTE(Pin_TrayData.Present.4)","1"
RCOMMENT,"Station_40","R070_Staubli_Place","Pins 5 & 7 Present$N","OTE(Pin_TrayData.Present.7)","2"
RCOMMENT,"Station_40","R070_Staubli_Place","Pins 6 & 8 Present$N","OTE(Pin_TrayData.Present.8)","3"
RCOMMENT,"Station_40","R070_Staubli_Place","Pins 9 & 11 Present$N","OTE(Pin_TrayData.Present.11)","4"
RCOMMENT,"Station_40","R070_Staubli_Place","Pins 10 & 12 Present$N","OTE(Pin_TrayData.Present.12)","5"
RCOMMENT,"Station_40","R070_Staubli_Place","Pins 1&3 Placed","OTL(RBT10_750.Memory[0].2)","10"
RCOMMENT,"Station_40","R070_Staubli_Place","Robot Placed Pin @ 1 rotated 180","OTL(RBT10_750.Memory[0].3)","11"
RCOMMENT,"Station_40","R070_Staubli_Place","Robot Placed Pin @ 3 rotated 180","OTL(RBT10_750.Memory[0].4)","12"
RCOMMENT,"Station_40","R070_Staubli_Place","Pins 5&7 Placed","OTL(RBT10_750.Memory[0].5)","13"
RCOMMENT,"Station_40","R070_Staubli_Place","Robot Placed Pin @ 5 rotated 180","OTL(RBT10_750.Memory[0].6)","14"
RCOMMENT,"Station_40","R070_Staubli_Place","Robot Placed Pin @ 7 rotated 180","OTL(RBT10_750.Memory[0].7)","15"
RCOMMENT,"Station_40","R070_Staubli_Place","Pins 9&11 Placed","OTL(RBT10_750.Memory[0].8)","16"
RCOMMENT,"Station_40","R070_Staubli_Place","Robot Placed Pin @ 9 rotated 180","OTL(RBT10_750.Memory[0].9)","17"
RCOMMENT,"Station_40","R070_Staubli_Place","Robot Placed Pin @ 11 rotated 180","OTL(RBT10_750.Memory[0].10)","18"
RCOMMENT,"Station_40","R070_Staubli_Place","Clear Placed Memories when pins are pressed or Operator manually clears them from the HMI","OTU(RBT10_750.Memory[0].10)","20"
RCOMMENT,"Station_40","R070_Staubli_Place","Pins 2&4 Placed","OTL(RBT10_750.Memory[0].11)","24"
RCOMMENT,"Station_40","R070_Staubli_Place","Robot Placed Pin @ 2 rotated 180","OTL(RBT10_750.Memory[0].12)","25"
RCOMMENT,"Station_40","R070_Staubli_Place","Robot Placed Pin @ 4 rotated 180","OTL(RBT10_750.Memory[0].13)","26"
RCOMMENT,"Station_40","R070_Staubli_Place","Pins 6&8 Placed","OTL(RBT10_750.Memory[0].14)","27"
RCOMMENT,"Station_40","R070_Staubli_Place","Robot Placed Pin @ 6 rotated 180","OTL(RBT10_750.Memory[0].15)","28"
RCOMMENT,"Station_40","R070_Staubli_Place","Robot Placed Pin @ 4 rotated 180","OTL(RBT10_750.Memory[0].16)","29"
RCOMMENT,"Station_40","R070_Staubli_Place","Pins 10&12 Placed","OTL(RBT10_750.Memory[0].17)","30"
RCOMMENT,"Station_40","R070_Staubli_Place","Robot Placed Pin @ 10 rotated 180","OTL(RBT10_750.Memory[0].18)","31"
RCOMMENT,"Station_40","R070_Staubli_Place","Robot Placed Pin @ 12 rotated 180","OTL(RBT10_750.Memory[0].19)","32"
RCOMMENT,"Station_40","R070_Staubli_Place","Clear Placed Memories when pins are pressed or Operator manually clears them from the HMI","OTU(RBT10_750.Memory[0].19)","34"
RCOMMENT,"Station_40","R070_Staubli_Status","**************************************************$NMisc Commands$N**************************************************","NOP()","11"
RCOMMENT,"Station_40","R070_Staubli_Status","HMI Request","OTE(RBT10_750.o.MiscCmd.1)","13"
RCOMMENT,"Station_40","R070_Staubli_Status","HMI Request","OTE(RBT10_750.o.MiscCmd.2)","14"
RCOMMENT,"Station_40","R070_Staubli_Status","HMI Request","OTE(RBT10_750.o.MiscCmd.3)","15"
RCOMMENT,"Station_40","R070_Staubli_Status","HMI Request","OTE(RBT10_750.o.MiscCmd.4)","16"
RCOMMENT,"Station_40","R070_Staubli_Status","TOOLING COMMANDS$N","NOP()","23"
RCOMMENT,"Station_40","R070_Staubli_Status","Send Robot from Place to Pick","OTE(RBT10_750.o.CmdTooling.0)","25"
RCOMMENT,"Station_40","R070_Staubli_Status","REMOVED TO SPEED UP ROBOT","OTL(Send_Home)","26"
RCOMMENT,"Station_40","R070_Staubli_Status","Last Check for Robot Clear to Place","OTE(RBT10_750.o.CmdTooling.1)","29"
RCOMMENT,"Station_40","R090_Outputs","PLC to Robot","CPS(RBT10_750.o.ProgWord[0],RBT10_750:O.Data[18],4)","0"
RCOMMENT,"Station_40","R090_Outputs","------------------------------------------------------------$NDorner Conveyor Control$N------------------------------------------------------------","NOP()","1"
RCOMMENT,"Station_40","R090_Outputs","Pin Feeder Conveyor Control","OTE(O10_420_14[7].Command)","2"
RCOMMENT,"Station_40","R090_Outputs","------------------------------------------------------------$NFIVE COLOR BANNER LED LIGHTS$N------------------------------------------------------------$NColor 1 = White (Input 1 ON), Color 2 = Green (Input 2 ON), Color 3 = Red (Input 3 ON)$NColor 4 = Yel","MOV(\System.Light_Color,\System.Last_Color[3])","3"
RCOMMENT,"Station_40","R090_Outputs","PIO10.420     1734-OB8 Pio Module Slot 14 IO Mapping","NOP()","4"
RCOMMENT,"Station_40","R090_Outputs","PIO10.420     1734-OB8 Pio Module Slot 15 IO Mapping","NOP()","7"
RCOMMENT,"Station_40","R090_Outputs","PIO10.440     1734-OB8 Pio Module Slot 5 IO Mapping","NOP()","9"
RCOMMENT,"Station_40","R090_Outputs","------------------------------------------------------------$NVB20.1$N------------------------------------------------------------","NOP()","13"
RCOMMENT,"Station_40","R090_Outputs","BLOWOFF","OTE(VB20_1_V[2].Work.Command)","14"
RCOMMENT,"Station_40","R090_Outputs","Pin Air Assist","OTU(VB20_1:O.OutputArea[0].3)","15"
RCOMMENT,"Station_40","R090_Outputs","BackStop","OTU(VB20_1:O.OutputArea[0].11)","16"
RCOMMENT,"Station_40","R090_Outputs","Tray Shift","OTE(VB20_1:O.OutputArea[0].12)","17"
RCOMMENT,"Station_40","R090_Outputs","Press Approach","OTU(VB20_1:O.OutputArea[0].15)","18"
RCOMMENT,"Station_40","R090_Outputs","Pallet Locator","OTE(VB20_1:O.OutputArea[1].10)","19"
RCOMMENT,"Station_40","R090_Outputs","Press 1 & 2$N","OTU(VB20_5:O.OutputArea[0].1)","20"
RCOMMENT,"Station_40","R090_Outputs","Press 3 & 4$N","OTU(VB20_5:O.OutputArea[0].5)","21"
RCOMMENT,"Station_40","R090_Outputs","Press 5 & 6$N","OTU(VB20_5:O.OutputArea[0].9)","22"
RCOMMENT,"Station_40","R100_PalletDataReadyToStart","Reay to Start Permissives","NOP()","0"
RCOMMENT,"Station_40","R100_PalletDataReadyToStart","Clear Unused Visibility","OTU(PalletData_Sequence.ReadyToStart.Visibility.31)","3"
RCOMMENT,"Station_40","R100_PalletDataReadyToStart","Set Unused Ready Bits","OTE(PalletData_Sequence.ReadyToStart.Ready.31)","4"
TEXTBOX,"Station_40","R100_PalletData_Sequence","OK to Work $R$Non Part or $R$NNot OK to $R$NWork on $R$NPart","","200:680"
TEXTBOX,"Station_40","R100_PalletData_Sequence","Wait for $R$NProcess $R$NComplete","","200:880"
TEXTBOX,"Station_40","R100_PalletData_Sequence","Check Station Status (Not $R$NCopied, Copied (Process not $R$NFinished) or Copied and $R$NFinished Process)","","120:280"
TEXTBOX,"Station_40","R100_PalletData_Sequence","Copy Pallet $R$NData to $R$NLocal $R$NStation","","200:480"
TEXTBOX,"Station_40","R100_PalletData_Sequence","Sequence $R$NComplete","","200:1520"
TEXTBOX,"Station_40","R100_PalletData_Sequence","Copy Local $R$NData to $R$NPallet","","200:1140"
TEXTBOX,"Station_40","R100_PalletData_Sequence","Set Station Process Complete $R$N(Triggers MagneMotion Process $R$NComplete)","","100:1340"
TEXTBOX,"Station_40","R100_PalletData_Sequence","Initialize","","200:120"
RCOMMENT,"Station_40","R100_PalletData_Seq_Transitions","Single Step Mode","OTE(PalletData_Sequence.SingleStep.Mode.Interlock)","0"
RCOMMENT,"Station_40","R100_PalletData_Seq_Transitions","INITIAL STEP","OTU(PalletData_Sequence.SingleStep.Pulse)","7"
RCOMMENT,"Station_40","R100_PalletData_Seq_Transitions","INITILIZE / CLEAR BUFFERS$NCHECK STATION STATUS (NOT COPIED, COPIED (PROCESS NOT FINISHED) OR COPIED AND FINISHED PROCESS)$N","OTU(PalletData_Sequence.SingleStep.Pulse)","8"
RCOMMENT,"Station_40","R100_PalletData_Seq_Transitions","COPY PALLET DATA TO LOCAL STATION","OTU(PalletData_Sequence.SingleStep.Pulse)","9"
RCOMMENT,"Station_40","R100_PalletData_Seq_Transitions","OK TO WORK ON PART OR NOT OK TO WORK ON PART","OTU(PalletData_Sequence.SingleStep.Pulse)","10"
RCOMMENT,"Station_40","R100_PalletData_Seq_Transitions","WAIT FOR PROCESS COMPLETE$N","OTU(PalletData_Sequence.SingleStep.Pulse)","11"
RCOMMENT,"Station_40","R100_PalletData_Seq_Transitions","COPY LOCAL DATA TO PALLET$N","OTU(PalletData_Sequence.SingleStep.Pulse)","13"
RCOMMENT,"Station_40","R100_PalletData_Seq_Transitions","SET STATION PROCESS COMPLETE$N(TRIGGERS MAGNEMOTION PROCESS COMPLETE)$N","OTU(PalletData_Sequence.SingleStep.Pulse)","14"
RCOMMENT,"Station_40","R100_PalletData_Seq_Transitions","SEQUENCE COMPLETE$N","OTU(PalletData_Sequence.SingleStep.Pulse)","15"
RCOMMENT,"Station_40","R100_PalletData_Seq_Transitions","Calculate Sequence Cycle TIme","DIV(PalletData_Sequence.CycleTimer.ACC,1000,PalletData_Sequence.CurrentCycleTime_Sec)","16"
RCOMMENT,"Station_40","R100_PalletData_Seq_Transitions","Sequence Overtime","OTE(PalletData_Sequence.Overtime)","17"
RCOMMENT,"Station_40","R100_PalletData_Seq_Transitions","Sequence Busy Status","OTE(PalletData_Sequence.Busy)","18"
TYPE,SCOPE,ROUTINE,COMMENT,OWNING_ELEMENT,LOCATION
RCOMMENT,"Station_40_PinFeeding","R000_Main","********************************************************$NSystem Information$N********************************************************","NOP()","4"
RCOMMENT,"Station_40_PinFeeding","R001_Inputs","********************************************************$NPoint IO Slot 11$N********************************************************","NOP()","0"
RCOMMENT,"Station_40_PinFeeding","R001_Inputs","********************************************************$NPoint IO Slot 12$N********************************************************","NOP()","5"
RCOMMENT,"Station_40_PinFeeding","R001_Inputs","********************************************************$NReturn from Subroutine$N********************************************************","RET()","14"
RCOMMENT,"Station_40_PinFeeding","R010_Status","HMI Part Status Indicator","MOV(3,Pin_Feeding_Status_HMI)","7"
RCOMMENT,"Station_40_PinFeeding","R010_Status","********************************************************$NReturn from Subroutine$N********************************************************","RET()","9"
RCOMMENT,"Station_40_PinFeeding","R050_Material_Shortage_ReadyToStart","Reay to Start Permissives","NOP()","0"
RCOMMENT,"Station_40_PinFeeding","R050_Material_Shortage_ReadyToStart","Clear Unused Visibility","OTU(Material_Shortage_Sequence.ReadyToStart.Visibility.31)","4"
RCOMMENT,"Station_40_PinFeeding","R050_Material_Shortage_ReadyToStart","Set Unused Ready Bits","OTE(Material_Shortage_Sequence.ReadyToStart.Ready.31)","5"
RCOMMENT,"Station_40_PinFeeding","R050_Material_Shortage_ReadyToStart","********************************************************$NReturn from Subroutine$N********************************************************","RET()","7"
RCOMMENT,"Station_40_PinFeeding","R050_Material_Shortage_Sequence","Status and Step Description: Used by HMI","COP(Material_Shortage_Sequence.Description[0],Material_Shortage_Sequence.ActiveStepDescription,1)","2"
RCOMMENT,"Station_40_PinFeeding","R050_Material_Shortage_Sequence","********************************************************$NReturn from Subroutine$N********************************************************","RET()","5"
RCOMMENT,"Station_40_PinFeeding","R051_Step_Feeder_ReadyToStart","Reay to Start Permissives","NOP()","0"
RCOMMENT,"Station_40_PinFeeding","R051_Step_Feeder_ReadyToStart","Clear Unused Visibility","OTU(Step_Feeder_Sequence.ReadyToStart.Visibility.31)","4"
RCOMMENT,"Station_40_PinFeeding","R051_Step_Feeder_ReadyToStart","Set Unused Ready Bits","OTE(Step_Feeder_Sequence.ReadyToStart.Ready.31)","5"
RCOMMENT,"Station_40_PinFeeding","R051_Step_Feeder_Sequence","Status and Step Description: Used by HMI","COP(Step_Feeder_Sequence.Description[0],Step_Feeder_Sequence.ActiveStepDescription,1)","3"
RCOMMENT,"Station_40_PinFeeding","R051_Step_Feeder_Sequence","********************************************************$NReturn from Subroutine$N********************************************************","RET()","6"
RCOMMENT,"Station_40_PinFeeding","R052_Vibroliner_ReadyToStart","Reay to Start Permissives","NOP()","0"
RCOMMENT,"Station_40_PinFeeding","R052_Vibroliner_ReadyToStart","Clear Unused Visibility","OTU(Vibroliner_Sequence.ReadyToStart.Visibility.31)","3"
RCOMMENT,"Station_40_PinFeeding","R052_Vibroliner_ReadyToStart","Set Unused Ready Bits","OTE(Vibroliner_Sequence.ReadyToStart.Ready.31)","4"
RCOMMENT,"Station_40_PinFeeding","R052_Vibroliner_ReadyToStart","********************************************************$NReturn from Subroutine$N********************************************************","RET()","6"
RCOMMENT,"Station_40_PinFeeding","R052_Vibroliner_Sequence","Status and Step Description: Used by HMI","COP(Vibroliner_Sequence.Description[0],Vibroliner_Sequence.ActiveStepDescription,1)","5"
RCOMMENT,"Station_40_PinFeeding","R052_Vibroliner_Sequence","********************************************************$NReturn from Subroutine$N********************************************************","RET()","8"
RCOMMENT,"Station_40_PinFeeding","R053_ReturnBelt_ReadyToStart","Reay to Start Permissives","NOP()","0"
RCOMMENT,"Station_40_PinFeeding","R053_ReturnBelt_ReadyToStart","Clear Unused Visibility","OTU(ReturnBelt_Sequence.ReadyToStart.Visibility.31)","3"
RCOMMENT,"Station_40_PinFeeding","R053_ReturnBelt_ReadyToStart","Set Unused Ready Bits","OTE(ReturnBelt_Sequence.ReadyToStart.Ready.31)","4"
RCOMMENT,"Station_40_PinFeeding","R053_ReturnBelt_ReadyToStart","********************************************************$NReturn from Subroutine$N********************************************************","RET()","6"
RCOMMENT,"Station_40_PinFeeding","R053_ReturnBelt_Sequence","Status and Step Description: Used by HMI","COP(ReturnBelt_Sequence.Description[0],ReturnBelt_Sequence.ActiveStepDescription,1)","2"
RCOMMENT,"Station_40_PinFeeding","R053_ReturnBelt_Sequence","********************************************************$NReturn from Subroutine$N********************************************************","RET()","5"
RCOMMENT,"Station_40_PinFeeding","R080_Motors","Return Belt Request","OTE(Return_Belt.dcm.Request)","0"
RCOMMENT,"Station_40_PinFeeding","R080_Motors","Return Belt Relay Control","OTE(O10_420_22[5].Command)","1"
RCOMMENT,"Station_40_PinFeeding","R080_Motors","Step Feeder Request","OTE(Step_Feeder.dcm.Request)","3"
RCOMMENT,"Station_40_PinFeeding","R080_Motors","Step Feeder Relay Control","OTE(O10_420_22[3].Command)","4"
RCOMMENT,"Station_40_PinFeeding","R080_Motors","********************************************************$NReturn from Subroutine$N********************************************************","RET()","5"
RCOMMENT,"Station_40_PinFeeding","R081_Vibroliner","FC6228 IFSYS Feeded FC2000 Vibroliner Request (Upper)","OTE(Pin_Vibroliner.dcm.Request)","0"
RCOMMENT,"Station_40_PinFeeding","R081_Vibroliner","FC6228 IFSYS Feeded FC2000 Vibroliner (Upper)","OTE(O10_420_22[2].Command)","1"
RCOMMENT,"Station_40_PinFeeding","R081_Vibroliner","********************************************************$NReturn from Subroutine$N********************************************************","RET()","3"
RCOMMENT,"Station_40_PinFeeding","R090_Outputs","1734-OB8 Pio Module Slot 22 IO Mapping","NOP()","0"
TYPE,SCOPE,ROUTINE,COMMENT,OWNING_ELEMENT,LOCATION
RCOMMENT,"Station_50","R004_CAM10_800_5","$NInformation Only$N$N","NOP()","0"
RCOMMENT,"Station_50","R004_CAM10_800_5","Information Only","NOP()","1"
RCOMMENT,"Station_50","R004_CAM10_800_5","Camera Ready","OTE(CAM10_800_5.Ready)","2"
RCOMMENT,"Station_50","R004_CAM10_800_5","Clear InpBuffer","OTU(CAM10_800_5.ClearBufferReq)","3"
RCOMMENT,"Station_50","R004_CAM10_800_5","Trigger Camera","FLL(0,CAM10_800_5.Result[0],32)","9"
RCOMMENT,"Station_50","R004_CAM10_800_5","Camera Triggered Successfull","OTE(CC_out.Control.InspectionResultsAck2)","10"
RCOMMENT,"Station_50","R004_CAM10_800_5","Trigger Timeout Fault","OTL(CAM10_800_5.TriggerFault)","13"
RCOMMENT,"Station_50","R005_Operator","****************************************************************************************************************$NOperator Request Bypass Camera$N****************************************************************************************************************","OTE(CAM10_800_5.Bypass.Interlock)","1"
RCOMMENT,"Station_50","R005_Operator","Management of the Pin Inspect SFC","NOP()","6"
RCOMMENT,"Station_50","R005_Operator","****************************************************************************************************************$NOperator Request QC Reverse Pin Check$N****************************************************************************************************************","OTE(QC_ReversePinCheck.Interlock)","13"
RCOMMENT,"Station_50","r006_IV_CAM10_801_16","********************************************$NCamera Logic$N*******************************************$N","NOP()","0"
RCOMMENT,"Station_50","r006_IV_CAM10_801_16","Info Only$N*********************","NOP()","1"
RCOMMENT,"Station_50","r006_IV_CAM10_801_16","Camera Ready$N","OTE(CAM10_801_16.Ready)","4"
RCOMMENT,"Station_50","r006_IV_CAM10_801_16","Send Program to Camera","OTL(Camera_SetJob_16)","5"
RCOMMENT,"Station_50","r006_IV_CAM10_801_16","Trigger Camera","OTU(CAM10_801_16.TriggerPB)","12"
RCOMMENT,"Station_50","r006_IV_CAM10_801_16","Camera Triggered Successfull","OTL(PinFail_16)","14"
RCOMMENT,"Station_50","r006_IV_CAM10_801_16","Trigger Timeout Fault","OTL(CAM10_801_16.TriggerFault)","16"
RCOMMENT,"Station_50","r007_IV_CAM10_801_41","********************************************$NCamera Logic$N*******************************************$N","NOP()","0"
RCOMMENT,"Station_50","r007_IV_CAM10_801_41","Info Only$N*********************","NOP()","1"
RCOMMENT,"Station_50","r007_IV_CAM10_801_41","Camera Ready$N","OTE(CAM10_801_41.Ready)","4"
RCOMMENT,"Station_50","r007_IV_CAM10_801_41","Send Program to Camera","OTL(Camera_SetJob_41)","5"
RCOMMENT,"Station_50","r007_IV_CAM10_801_41","Trigger Camera","OTU(CAM10_801_41.TriggerPB)","12"
RCOMMENT,"Station_50","r007_IV_CAM10_801_41","Camera Triggered Successfull","OTL(PinFail_41)","14"
RCOMMENT,"Station_50","r007_IV_CAM10_801_41","Trigger Timeout Fault","OTL(CAM10_801_41.TriggerFault)","16"
RCOMMENT,"Station_50","R010_Status","51 = Pin Inspect 1$N52 = Pin Inspect 2$N53 = Pin Inspect 3","OTE(Status.InKnownPosition)","2"
RCOMMENT,"Station_50","R010_Status","Sequence Status for Display","MOV(4,PinInspect_Sequence.Status)","13"
RCOMMENT,"Station_50","R010_Status","New IV Cameras for backwards pin inspection - tp","NOP()","14"
RCOMMENT,"Station_50","R050_PinInspectReadyToStart","Reay to Start Permissives","NOP()","0"
RCOMMENT,"Station_50","R050_PinInspectReadyToStart","Clear Unused Visibility","OTU(PinInspect_Sequence.ReadyToStart.Visibility.31)","4"
RCOMMENT,"Station_50","R050_PinInspectReadyToStart","Set Unused Ready Bits","OTE(PinInspect_Sequence.ReadyToStart.Ready.31)","5"
TEXTBOX,"Station_50","R050_PinInspect_Sequence","Intialize/ $R$NClear $R$NBuffers","","180:220"
TEXTBOX,"Station_50","R050_PinInspect_Sequence","Trigger $R$NCamera, $R$NWait for $R$NResults","","180:920"
TEXTBOX,"Station_50","R050_PinInspect_Sequence","Initialize","","180:80"
TEXTBOX,"Station_50","R050_PinInspect_Sequence","Move to $R$NCamera $R$NPosition 2","","180:740"
TEXTBOX,"Station_50","R050_PinInspect_Sequence","Move Pallet $R$Nto Camera $R$NPosition 1","","180:400"
TEXTBOX,"Station_50","R050_PinInspect_Sequence","Sequence $R$NComplete","","180:1680"
TEXTBOX,"Station_50","R050_PinInspect_Sequence","Trigger $R$NCamera, $R$NWait for $R$NResults","","180:1240"
TEXTBOX,"Station_50","R050_PinInspect_Sequence","Move to $R$NCamera $R$NPosition 3","","180:1100"
TEXTBOX,"Station_50","R050_PinInspect_Sequence","Check $R$NPass/Fail","","180:1440"
TEXTBOX,"Station_50","R050_PinInspect_Sequence","Trigger $R$NCamera, $R$NWait for $R$NResults","","180:560"
RCOMMENT,"Station_50","R050_PinInspect_Seq_Transitions","Single Step Mode","OTE(PinInspect_Sequence.SingleStep.Mode.Interlock)","0"
RCOMMENT,"Station_50","R050_PinInspect_Seq_Transitions","INITIAL STEP","OTU(PinInspect_Sequence.SingleStep.Pulse)","7"
RCOMMENT,"Station_50","R050_PinInspect_Seq_Transitions","INITILIZE / CLEAR BUFFERS","OTU(PinInspect_Sequence.SingleStep.Pulse)","8"
RCOMMENT,"Station_50","R050_PinInspect_Seq_Transitions","MOVE PALLET IN CAMERA POSITION 1","OTU(PinInspect_Sequence.SingleStep.Pulse)","9"
RCOMMENT,"Station_50","R050_PinInspect_Seq_Transitions","TRIGGER CAMERA, WAIT FOR RESULTS","OTU(PinInspect_Sequence.SingleStep.Pulse)","10"
RCOMMENT,"Station_50","R050_PinInspect_Seq_Transitions","MOVE TO CAMERA POSITION 2$N","OTU(PinInspect_Sequence.SingleStep.Pulse)","11"
RCOMMENT,"Station_50","R050_PinInspect_Seq_Transitions","TRIGGER CAMERA, WAIT FOR RESULTS","OTU(PinInspect_Sequence.SingleStep.Pulse)","12"
RCOMMENT,"Station_50","R050_PinInspect_Seq_Transitions","MOVE TO CAMERA POSITION 3","OTU(PinInspect_Sequence.SingleStep.Pulse)","13"
RCOMMENT,"Station_50","R050_PinInspect_Seq_Transitions","TRIGGER CAMERA, WAIT FOR RESULTS","OTU(PinInspect_Sequence.SingleStep.Pulse)","14"
RCOMMENT,"Station_50","R050_PinInspect_Seq_Transitions","CHECK PASS/FAIL","OTU(PinInspect_Sequence.SingleStep.Pulse)","15"
RCOMMENT,"Station_50","R050_PinInspect_Seq_Transitions","SEQUENCE COMPLETE$N","OTU(PinInspect_Sequence.SingleStep.Pulse)","16"
RCOMMENT,"Station_50","R050_PinInspect_Seq_Transitions","Calculate Sequence Cycle TIme","DIV(PinInspect_Sequence.CycleTimer.ACC,1000,PinInspect_Sequence.CurrentCycleTime_Sec)","17"
RCOMMENT,"Station_50","R050_PinInspect_Seq_Transitions","Sequence Overtime","OTE(PinInspect_Sequence.Overtime)","18"
RCOMMENT,"Station_50","R050_PinInspect_Seq_Transitions","Sequence Busy Status","OTE(PinInspect_Sequence.Busy)","19"
RCOMMENT,"Station_50","R090_Outputs","------------------------------------------------------------$NFIVE COLOR BANNER LED LIGHTS$N------------------------------------------------------------$NColor 1 = White (Input 1 ON), Color 2 = Green (Input 2 ON), Color 3 = Red (Input 3 ON)$NColor 4 = Yel","MOV(\System.Light_Color,\System.Last_Color[4])","0"
RCOMMENT,"Station_50","R090_Outputs","1734-OB8 Pio Module Slot 4 IO Mapping","NOP()","2"
RCOMMENT,"Station_50","R090_Outputs","PIO10.440     1734-OB8 Pio Module Slot 5 IO Mapping","NOP()","4"
RCOMMENT,"Station_50","R100_PalletDataReadyToStart","Reay to Start Permissives","NOP()","0"
RCOMMENT,"Station_50","R100_PalletDataReadyToStart","Clear Unused Visibility","OTU(PalletData_Sequence.ReadyToStart.Visibility.31)","3"
RCOMMENT,"Station_50","R100_PalletDataReadyToStart","Set Unused Ready Bits","OTE(PalletData_Sequence.ReadyToStart.Ready.31)","4"
TEXTBOX,"Station_50","R100_PalletData_Sequence","Initialize","","200:120"
TEXTBOX,"Station_50","R100_PalletData_Sequence","Wait for $R$NProcess $R$NComplete","","200:880"
TEXTBOX,"Station_50","R100_PalletData_Sequence","Copy Local $R$NData to $R$NPallet","","200:1140"
TEXTBOX,"Station_50","R100_PalletData_Sequence","OK to Work $R$Non Part or $R$NNot OK to $R$NWork on $R$NPart","","200:680"
TEXTBOX,"Station_50","R100_PalletData_Sequence","Copy Pallet $R$NData to $R$NLocal $R$NStation","","200:480"
TEXTBOX,"Station_50","R100_PalletData_Sequence","Set Station Process Complete $R$N(Triggers MagneMotion Process $R$NComplete)","","100:1340"
TEXTBOX,"Station_50","R100_PalletData_Sequence","Sequence $R$NComplete","","200:1520"
TEXTBOX,"Station_50","R100_PalletData_Sequence","Check Station Status (Not $R$NCopied, Copied (Process not $R$NFinished) or Copied and $R$NFinished Process)","","120:280"
RCOMMENT,"Station_50","R100_PalletData_Seq_Transitions","Single Step Mode","OTE(PalletData_Sequence.SingleStep.Mode.Interlock)","0"
RCOMMENT,"Station_50","R100_PalletData_Seq_Transitions","INITIAL STEP","OTU(PalletData_Sequence.SingleStep.Pulse)","7"
RCOMMENT,"Station_50","R100_PalletData_Seq_Transitions","INITILIZE / CLEAR BUFFERS$NCHECK STATION STATUS (NOT COPIED, COPIED (PROCESS NOT FINISHED) OR COPIED AND FINISHED PROCESS)$N","OTU(PalletData_Sequence.SingleStep.Pulse)","8"
RCOMMENT,"Station_50","R100_PalletData_Seq_Transitions","COPY PALLET DATA TO LOCAL STATION","OTU(PalletData_Sequence.SingleStep.Pulse)","9"
RCOMMENT,"Station_50","R100_PalletData_Seq_Transitions","OK TO WORK ON PART OR NOT OK TO WORK ON PART","OTU(PalletData_Sequence.SingleStep.Pulse)","10"
RCOMMENT,"Station_50","R100_PalletData_Seq_Transitions","WAIT FOR PROCESS COMPLETE$N","OTU(PalletData_Sequence.SingleStep.Pulse)","11"
RCOMMENT,"Station_50","R100_PalletData_Seq_Transitions","COPY LOCAL DATA TO PALLET$N","OTU(PalletData_Sequence.SingleStep.Pulse)","13"
RCOMMENT,"Station_50","R100_PalletData_Seq_Transitions","SET STATION PROCESS COMPLETE$N(TRIGGERS MAGNEMOTION PROCESS COMPLETE)$N","OTU(PalletData_Sequence.SingleStep.Pulse)","14"
RCOMMENT,"Station_50","R100_PalletData_Seq_Transitions","SEQUENCE COMPLETE$N","OTU(PalletData_Sequence.SingleStep.Pulse)","15"
RCOMMENT,"Station_50","R100_PalletData_Seq_Transitions","Calculate Sequence Cycle TIme","DIV(PalletData_Sequence.CycleTimer.ACC,1000,PalletData_Sequence.CurrentCycleTime_Sec)","16"
RCOMMENT,"Station_50","R100_PalletData_Seq_Transitions","Sequence Overtime","OTE(PalletData_Sequence.Overtime)","17"
RCOMMENT,"Station_50","R100_PalletData_Seq_Transitions","Sequence Busy Status","OTE(PalletData_Sequence.Busy)","18"
TYPE,SCOPE,ROUTINE,COMMENT,OWNING_ELEMENT,LOCATION
RCOMMENT,"Station_65_1","R001_Inputs","IB10.18","NOP()","3"
RCOMMENT,"Station_65_1","R005_Operator","Management of the Roller Test SFC","NOP()","0"
RCOMMENT,"Station_65_1","R010_Status","Sequence Status for Display","MOV(4,RollerTest_Sequence.Status)","18"
RCOMMENT,"Station_65_1","R050_RollerTestReadyToStart","Reay to Start Permissives","NOP()","0"
RCOMMENT,"Station_65_1","R050_RollerTestReadyToStart","Clear Unused Visibility","OTU(RollerTest_Sequence.ReadyToStart.Visibility.31)","3"
RCOMMENT,"Station_65_1","R050_RollerTestReadyToStart","Set Unused Ready Bits","OTE(RollerTest_Sequence.ReadyToStart.Ready.31)","4"
TEXTBOX,"Station_65_1","R050_RollerTest_Sequence","Initialize/ $R$NClear $R$NBuffers","","100:260"
TEXTBOX,"Station_65_1","R050_RollerTest_Sequence","Sequence $R$NComplete","","100:2220"
RCOMMENT,"Station_65_1","R050_RollerTest_Seq_Transitions","Single Step Mode","OTE(RollerTest_Sequence.SingleStep.Mode.Interlock)","0"
RCOMMENT,"Station_65_1","R050_RollerTest_Seq_Transitions","INITIAL STEP","OTU(RollerTest_Sequence.Complete)","8"
RCOMMENT,"Station_65_1","R050_RollerTest_Seq_Transitions","INITILIZE / CLEAR BUFFERS","OTU(RollerTest_Sequence.SingleStep.Pulse)","9"
RCOMMENT,"Station_65_1","R050_RollerTest_Seq_Transitions","CLOSE (WORK) GRIPPER","OTU(RollerTest_Sequence.SingleStep.Pulse)","10"
RCOMMENT,"Station_65_1","R050_RollerTest_Seq_Transitions","GRIPPER Z-AXIS WORK","OTU(RollerTest_Sequence.SingleStep.Pulse)","11"
RCOMMENT,"Station_65_1","R050_RollerTest_Seq_Transitions","WORK MOTOR CYL$NTURN MOTOR ON FOR VELOCITY CHECK$NWAIT FOR MOTOR TO REACH FULL SPEED (Testing Shows ~200MS, 500 for constant check)$NCLEAR COUNTS","OTU(RollerTest_Sequence.SingleStep.Pulse)","12"
RCOMMENT,"Station_65_1","R050_RollerTest_Seq_Transitions","HOME MOTOR CYL$NEVALUATE VELOCITY CHECK","OTU(RollerTest_Sequence.SingleStep.Pulse)","13"
RCOMMENT,"Station_65_1","R050_RollerTest_Seq_Transitions","GRAB C1 STARTING COUNT AFTER ELAPSED TIME$NTURN OFF MOTOR$N","OTU(RollerTest_Sequence.SingleStep.Pulse)","14"
RCOMMENT,"Station_65_1","R050_RollerTest_Seq_Transitions","GRAB C2 ENDING COUNT AFTER ELAPSED TIME$N","OTU(RollerTest_Sequence.SingleStep.Pulse)","15"
RCOMMENT,"Station_65_1","R050_RollerTest_Seq_Transitions","EVALUATE RESULTS$N","OTU(RollerTest_Sequence.SingleStep.Pulse)","17"
RCOMMENT,"Station_65_1","R050_RollerTest_Seq_Transitions","RET (HOME) GRIPPER Z-AXIS","OTU(RollerTest_Sequence.SingleStep.Pulse)","19"
RCOMMENT,"Station_65_1","R050_RollerTest_Seq_Transitions","OPEN (HOME) GANTRY GRIPPER","OTU(RollerTest_Sequence.SingleStep.Pulse)","20"
RCOMMENT,"Station_65_1","R050_RollerTest_Seq_Transitions","SEQUENCE COMPLETE$N","OTU(RollerTest_Sequence.SingleStep.Pulse)","21"
RCOMMENT,"Station_65_1","R050_RollerTest_Seq_Transitions","Calculate Sequence Cycle TIme","DIV(RollerTest_Sequence.CycleTimer.ACC,1000,RollerTest_Sequence.CurrentCycleTime_Sec)","22"
RCOMMENT,"Station_65_1","R050_RollerTest_Seq_Transitions","Sequence Overtime","OTE(RollerTest_Sequence.Overtime)","23"
RCOMMENT,"Station_65_1","R050_RollerTest_Seq_Transitions","Sequence Busy Status","OTE(RollerTest_Sequence.Busy)","24"
RCOMMENT,"Station_65_1","R060_Valves","Gripper Z-Axis","SOLENOID(GripperZAxis,VB20_6_V[1],System.PowerAndAirOn,GripperZAxis.AutoMode,GripperZAxis.CycleMode,System.Zone1.Manual.Mode,System.Reset,IB10_18[1].Input,IB10_18[0].Input,VB20_6_V[1].Home.InPositionTimer.PRE,VB20_6_V[1].Home.FaultTimer.PRE,VB20_6_V[1].Work.InPositionTimer.PRE,VB20_6_V[1].Work.FaultTimer.PRE,Global.SimulationEnabled)","0"
RCOMMENT,"Station_65_1","R060_Valves","Module Gripper","SOLENOID(Gripper,VB20_6_V[2],System.PowerAndAirOn,Gripper.AutoMode,Gripper.CycleMode,System.Zone1.Manual.Mode,System.Reset,Gripper.HomeFbk,Gripper.WorkFbk,VB20_6_V[2].Home.InPositionTimer.PRE,VB20_6_V[2].Home.FaultTimer.PRE,VB20_6_V[2].Work.InPositionTimer.PRE,VB20_6_V[2].Work.FaultTimer.PRE,Global.SimulationEnabled)","1"
RCOMMENT,"Station_65_1","R060_Valves","Motor Cyl","SOLENOID(MotorCyl,VB20_6_V[3],System.PowerAndAirOn,MotorCyl.AutoMode,MotorCyl.CycleMode,System.Zone1.Manual.Mode,System.Reset,IB10_18[5].Input,IB10_18[4].Input,VB20_6_V[3].Home.InPositionTimer.PRE,VB20_6_V[3].Home.FaultTimer.PRE,VB20_6_V[3].Work.InPositionTimer.PRE,VB20_6_V[3].Work.FaultTimer.PRE,Global.SimulationEnabled)","2"
RCOMMENT,"Station_65_1","R080_Motors","ROLLER TEST MOTORS$N","NOP()","0"
RCOMMENT,"Station_65_1","R080_Motors","Roller Test Motor 1 Control","OTE(O10_440_4[2].Command)","1"
RCOMMENT,"Station_65_1","R090_Outputs","PIO10.440     1734-OB8 Pio Module Slot 4 IO Mapping","NOP()","1"
RCOMMENT,"Station_65_1","R090_Outputs","------------------------------------------------------------$NVB20.1$N------------------------------------------------------------","NOP()","3"
RCOMMENT,"Station_65_1","R090_Outputs"," Z-Axis","OTE(VB20_6:O.OutputArea[0].0)","4"
RCOMMENT,"Station_65_1","R090_Outputs","Gripper","OTE(VB20_6:O.OutputArea[0].2)","5"
RCOMMENT,"Station_65_1","R090_Outputs","Motor Cyl","OTE(VB20_6:O.OutputArea[0].4)","6"
RCOMMENT,"Station_65_1","R100_PalletDataReadyToStart","Reay to Start Permissives","NOP()","0"
RCOMMENT,"Station_65_1","R100_PalletDataReadyToStart","Clear Unused Visibility","OTU(PalletData_Sequence.ReadyToStart.Visibility.31)","3"
RCOMMENT,"Station_65_1","R100_PalletDataReadyToStart","Set Unused Ready Bits","OTE(PalletData_Sequence.ReadyToStart.Ready.31)","4"
TEXTBOX,"Station_65_1","R100_PalletData_Sequence","Wait for $R$NProcess $R$NComplete","","200:880"
TEXTBOX,"Station_65_1","R100_PalletData_Sequence","Copy Local $R$NData to $R$NPallet","","200:1140"
TEXTBOX,"Station_65_1","R100_PalletData_Sequence","Initialize","","200:120"
TEXTBOX,"Station_65_1","R100_PalletData_Sequence","OK to Work $R$Non Part or $R$NNot OK to $R$NWork on $R$NPart","","200:680"
TEXTBOX,"Station_65_1","R100_PalletData_Sequence","Sequence $R$NComplete","","200:1400"
TEXTBOX,"Station_65_1","R100_PalletData_Sequence","Check Station Status (Not $R$NCopied, Copied (Process not $R$NFinished) or Copied and $R$NFinished Process)","","120:280"
TEXTBOX,"Station_65_1","R100_PalletData_Sequence","Copy Pallet $R$NData to $R$NLocal $R$NStation","","200:480"
RCOMMENT,"Station_65_1","R100_PalletData_Seq_Transitions","Single Step Mode","OTE(PalletData_Sequence.SingleStep.Mode.Interlock)","0"
RCOMMENT,"Station_65_1","R100_PalletData_Seq_Transitions","INITIAL STEP","OTU(PalletData_Sequence.SingleStep.Pulse)","7"
RCOMMENT,"Station_65_1","R100_PalletData_Seq_Transitions","INITILIZE / CLEAR BUFFERS$NCHECK STATION STATUS (NOT COPIED, COPIED (PROCESS NOT FINISHED) OR COPIED AND FINISHED PROCESS)$N","OTU(PalletData_Sequence.SingleStep.Pulse)","8"
RCOMMENT,"Station_65_1","R100_PalletData_Seq_Transitions","COPY PALLET DATA TO LOCAL STATION","OTU(PalletData_Sequence.SingleStep.Pulse)","9"
RCOMMENT,"Station_65_1","R100_PalletData_Seq_Transitions","OK TO WORK ON PART OR NOT OK TO WORK ON PART","OTU(PalletData_Sequence.SingleStep.Pulse)","10"
RCOMMENT,"Station_65_1","R100_PalletData_Seq_Transitions","WAIT FOR PROCESS COMPLETE$N","OTU(PalletData_Sequence.SingleStep.Pulse)","11"
RCOMMENT,"Station_65_1","R100_PalletData_Seq_Transitions","WAIT FOR PALLET TO LEAVE STATION","OTU(PalletData_Sequence.SingleStep.Pulse)","13"
RCOMMENT,"Station_65_1","R100_PalletData_Seq_Transitions","SEQUENCE COMPLETE$N","OTU(PalletData_Sequence.SingleStep.Pulse)","14"
RCOMMENT,"Station_65_1","R100_PalletData_Seq_Transitions","Calculate Sequence Cycle TIme","DIV(PalletData_Sequence.CycleTimer.ACC,1000,PalletData_Sequence.CurrentCycleTime_Sec)","15"
RCOMMENT,"Station_65_1","R100_PalletData_Seq_Transitions","Sequence Overtime","OTE(PalletData_Sequence.Overtime)","16"
RCOMMENT,"Station_65_1","R100_PalletData_Seq_Transitions","Sequence Busy Status","OTE(PalletData_Sequence.Busy)","17"
TYPE,SCOPE,ROUTINE,COMMENT,OWNING_ELEMENT,LOCATION
RCOMMENT,"Station_65_2","R001_Inputs","IB10.19","NOP()","3"
RCOMMENT,"Station_65_2","R005_Operator","Management of the Roller Test SFC","NOP()","0"
RCOMMENT,"Station_65_2","R010_Status","Sequence Status for Display","MOV(4,RollerTest_Sequence.Status)","18"
RCOMMENT,"Station_65_2","R050_RollerTestReadyToStart","Reay to Start Permissives","NOP()","0"
RCOMMENT,"Station_65_2","R050_RollerTestReadyToStart","Clear Unused Visibility","OTU(RollerTest_Sequence.ReadyToStart.Visibility.31)","3"
RCOMMENT,"Station_65_2","R050_RollerTestReadyToStart","Set Unused Ready Bits","OTE(RollerTest_Sequence.ReadyToStart.Ready.31)","4"
TEXTBOX,"Station_65_2","R050_RollerTest_Sequence","Initialize/ $R$NClear $R$NBuffers","","100:260"
TEXTBOX,"Station_65_2","R050_RollerTest_Sequence","Sequence $R$NComplete","","100:2200"
RCOMMENT,"Station_65_2","R050_RollerTest_Seq_Transitions","Single Step Mode","OTE(RollerTest_Sequence.SingleStep.Mode.Interlock)","0"
RCOMMENT,"Station_65_2","R050_RollerTest_Seq_Transitions","INITIAL STEP","OTU(RollerTest_Sequence.Complete)","8"
RCOMMENT,"Station_65_2","R050_RollerTest_Seq_Transitions","INITILIZE / CLEAR BUFFERS","OTU(RollerTest_Sequence.SingleStep.Pulse)","9"
RCOMMENT,"Station_65_2","R050_RollerTest_Seq_Transitions","CLOSE (WORK) GRIPPER","OTU(RollerTest_Sequence.SingleStep.Pulse)","10"
RCOMMENT,"Station_65_2","R050_RollerTest_Seq_Transitions","GRIPPER Z-AXIS WORK","OTU(RollerTest_Sequence.SingleStep.Pulse)","11"
RCOMMENT,"Station_65_2","R050_RollerTest_Seq_Transitions","WORK MOTOR CYL$NTURN MOTOR ON FOR VELOCITY CHECK$NWAIT FOR MOTOR TO REACH FULL SPEED (Testing Shows ~200MS, 500 for constant check)$NCLEAR COUNTS","OTU(RollerTest_Sequence.SingleStep.Pulse)","12"
RCOMMENT,"Station_65_2","R050_RollerTest_Seq_Transitions","HOME MOTOR CYL$NEVALUATE VELOCITY CHECK","OTU(RollerTest_Sequence.SingleStep.Pulse)","13"
RCOMMENT,"Station_65_2","R050_RollerTest_Seq_Transitions","GRAB C1 STARTING COUNT AFTER ELAPSED TIME$NTURN OFF MOTOR$N","OTU(RollerTest_Sequence.SingleStep.Pulse)","14"
RCOMMENT,"Station_65_2","R050_RollerTest_Seq_Transitions","GRAB C2 ENDING COUNT AFTER ELAPSED TIME$N","OTU(RollerTest_Sequence.SingleStep.Pulse)","15"
RCOMMENT,"Station_65_2","R050_RollerTest_Seq_Transitions","EVALUATE RESULTS$N","OTU(RollerTest_Sequence.SingleStep.Pulse)","17"
RCOMMENT,"Station_65_2","R050_RollerTest_Seq_Transitions","RET (HOME) GRIPPER Z-AXIS","OTU(RollerTest_Sequence.SingleStep.Pulse)","19"
RCOMMENT,"Station_65_2","R050_RollerTest_Seq_Transitions","OPEN (HOME) GANTRY GRIPPER","OTU(RollerTest_Sequence.SingleStep.Pulse)","20"
RCOMMENT,"Station_65_2","R050_RollerTest_Seq_Transitions","SEQUENCE COMPLETE$N","OTU(RollerTest_Sequence.SingleStep.Pulse)","21"
RCOMMENT,"Station_65_2","R050_RollerTest_Seq_Transitions","Calculate Sequence Cycle TIme","DIV(RollerTest_Sequence.CycleTimer.ACC,1000,RollerTest_Sequence.CurrentCycleTime_Sec)","22"
RCOMMENT,"Station_65_2","R050_RollerTest_Seq_Transitions","Sequence Overtime","OTE(RollerTest_Sequence.Overtime)","23"
RCOMMENT,"Station_65_2","R050_RollerTest_Seq_Transitions","Sequence Busy Status","OTE(RollerTest_Sequence.Busy)","24"
RCOMMENT,"Station_65_2","R060_Valves","Gripper Z-Axis","SOLENOID(GripperZAxis,VB20_6_V[4],System.PowerAndAirOn,GripperZAxis.AutoMode,GripperZAxis.CycleMode,System.Zone1.Manual.Mode,System.Reset,IB10_19[1].Input,IB10_19[0].Input,VB20_6_V[4].Home.InPositionTimer.PRE,VB20_6_V[4].Home.FaultTimer.PRE,VB20_6_V[4].Work.InPositionTimer.PRE,VB20_6_V[4].Work.FaultTimer.PRE,Global.SimulationEnabled)","0"
RCOMMENT,"Station_65_2","R060_Valves","Module Gripper","SOLENOID(Gripper,VB20_6_V[5],System.PowerAndAirOn,Gripper.AutoMode,Gripper.CycleMode,System.Zone1.Manual.Mode,System.Reset,Gripper.HomeFbk,Gripper.WorkFbk,VB20_6_V[5].Home.InPositionTimer.PRE,VB20_6_V[5].Home.FaultTimer.PRE,VB20_6_V[5].Work.InPositionTimer.PRE,VB20_6_V[5].Work.FaultTimer.PRE,Global.SimulationEnabled)","1"
RCOMMENT,"Station_65_2","R060_Valves","Motor Cyl","SOLENOID(MotorCyl,VB20_6_V[6],System.PowerAndAirOn,MotorCyl.AutoMode,MotorCyl.CycleMode,System.Zone1.Manual.Mode,System.Reset,IB10_19[5].Input,IB10_19[4].Input,VB20_6_V[6].Home.InPositionTimer.PRE,VB20_6_V[6].Home.FaultTimer.PRE,VB20_6_V[6].Work.InPositionTimer.PRE,VB20_6_V[6].Work.FaultTimer.PRE,Global.SimulationEnabled)","2"
RCOMMENT,"Station_65_2","R080_Motors","ROLLER TEST MOTORS$N","NOP()","0"
RCOMMENT,"Station_65_2","R080_Motors","Roller Test Motor 2 Control","OTE(O10_440_4[3].Command)","1"
RCOMMENT,"Station_65_2","R090_Outputs","PIO10.440     1734-OB8 Pio Module Slot 4 IO Mapping","NOP()","1"
RCOMMENT,"Station_65_2","R090_Outputs","------------------------------------------------------------$NVB20.1$N------------------------------------------------------------","NOP()","3"
RCOMMENT,"Station_65_2","R090_Outputs"," Z-Axis","OTE(VB20_6:O.OutputArea[0].6)","4"
RCOMMENT,"Station_65_2","R090_Outputs","Gripper","OTE(VB20_6:O.OutputArea[0].8)","5"
RCOMMENT,"Station_65_2","R090_Outputs","Motor Cyl","OTE(VB20_6:O.OutputArea[0].10)","6"
RCOMMENT,"Station_65_2","R100_PalletDataReadyToStart","Reay to Start Permissives","NOP()","0"
RCOMMENT,"Station_65_2","R100_PalletDataReadyToStart","Clear Unused Visibility","OTU(PalletData_Sequence.ReadyToStart.Visibility.31)","3"
RCOMMENT,"Station_65_2","R100_PalletDataReadyToStart","Set Unused Ready Bits","OTE(PalletData_Sequence.ReadyToStart.Ready.31)","4"
TEXTBOX,"Station_65_2","R100_PalletData_Sequence","Wait for $R$NProcess $R$NComplete","","200:880"
TEXTBOX,"Station_65_2","R100_PalletData_Sequence","Copy Pallet $R$NData to $R$NLocal $R$NStation","","200:480"
TEXTBOX,"Station_65_2","R100_PalletData_Sequence","Sequence $R$NComplete","","200:1400"
TEXTBOX,"Station_65_2","R100_PalletData_Sequence","Initialize","","200:120"
TEXTBOX,"Station_65_2","R100_PalletData_Sequence","Copy Local $R$NData to $R$NPallet","","200:1140"
TEXTBOX,"Station_65_2","R100_PalletData_Sequence","Check Station Status (Not $R$NCopied, Copied (Process not $R$NFinished) or Copied and $R$NFinished Process)","","120:280"
TEXTBOX,"Station_65_2","R100_PalletData_Sequence","OK to Work $R$Non Part or $R$NNot OK to $R$NWork on $R$NPart","","200:680"
RCOMMENT,"Station_65_2","R100_PalletData_Seq_Transitions","Single Step Mode","OTE(PalletData_Sequence.SingleStep.Mode.Interlock)","0"
RCOMMENT,"Station_65_2","R100_PalletData_Seq_Transitions","INITIAL STEP","OTU(PalletData_Sequence.SingleStep.Pulse)","7"
RCOMMENT,"Station_65_2","R100_PalletData_Seq_Transitions","INITILIZE / CLEAR BUFFERS$NCHECK STATION STATUS (NOT COPIED, COPIED (PROCESS NOT FINISHED) OR COPIED AND FINISHED PROCESS)$N","OTU(PalletData_Sequence.SingleStep.Pulse)","8"
RCOMMENT,"Station_65_2","R100_PalletData_Seq_Transitions","COPY PALLET DATA TO LOCAL STATION","OTU(PalletData_Sequence.SingleStep.Pulse)","9"
RCOMMENT,"Station_65_2","R100_PalletData_Seq_Transitions","OK TO WORK ON PART OR NOT OK TO WORK ON PART","OTU(PalletData_Sequence.SingleStep.Pulse)","10"
RCOMMENT,"Station_65_2","R100_PalletData_Seq_Transitions","WAIT FOR PROCESS COMPLETE$N","OTU(PalletData_Sequence.SingleStep.Pulse)","11"
RCOMMENT,"Station_65_2","R100_PalletData_Seq_Transitions","WAIT FOR PALLET TO LEAVE STATION","OTU(PalletData_Sequence.SingleStep.Pulse)","13"
RCOMMENT,"Station_65_2","R100_PalletData_Seq_Transitions","SEQUENCE COMPLETE$N","OTU(PalletData_Sequence.SingleStep.Pulse)","14"
RCOMMENT,"Station_65_2","R100_PalletData_Seq_Transitions","Calculate Sequence Cycle TIme","DIV(PalletData_Sequence.CycleTimer.ACC,1000,PalletData_Sequence.CurrentCycleTime_Sec)","15"
RCOMMENT,"Station_65_2","R100_PalletData_Seq_Transitions","Sequence Overtime","OTE(PalletData_Sequence.Overtime)","16"
RCOMMENT,"Station_65_2","R100_PalletData_Seq_Transitions","Sequence Busy Status","OTE(PalletData_Sequence.Busy)","17"
TYPE,SCOPE,ROUTINE,COMMENT,OWNING_ELEMENT,LOCATION
RCOMMENT,"Station_65_3","R001_Inputs","IB10.20","NOP()","3"
RCOMMENT,"Station_65_3","R005_Operator","Management of the Roller Test SFC","NOP()","0"
RCOMMENT,"Station_65_3","R010_Status","Sequence Status for Display","MOV(4,RollerTest_Sequence.Status)","18"
RCOMMENT,"Station_65_3","R050_RollerTestReadyToStart","Reay to Start Permissives","NOP()","0"
RCOMMENT,"Station_65_3","R050_RollerTestReadyToStart","Clear Unused Visibility","OTU(RollerTest_Sequence.ReadyToStart.Visibility.31)","3"
RCOMMENT,"Station_65_3","R050_RollerTestReadyToStart","Set Unused Ready Bits","OTE(RollerTest_Sequence.ReadyToStart.Ready.31)","4"
TEXTBOX,"Station_65_3","R050_RollerTest_Sequence","Sequence $R$NComplete","","100:2200"
TEXTBOX,"Station_65_3","R050_RollerTest_Sequence","Initialize/ $R$NClear $R$NBuffers","","100:260"
RCOMMENT,"Station_65_3","R050_RollerTest_Seq_Transitions","Single Step Mode","OTE(RollerTest_Sequence.SingleStep.Mode.Interlock)","0"
RCOMMENT,"Station_65_3","R050_RollerTest_Seq_Transitions","INITIAL STEP","OTU(RollerTest_Sequence.Complete)","8"
RCOMMENT,"Station_65_3","R050_RollerTest_Seq_Transitions","INITILIZE / CLEAR BUFFERS","OTU(RollerTest_Sequence.SingleStep.Pulse)","9"
RCOMMENT,"Station_65_3","R050_RollerTest_Seq_Transitions","CLOSE (WORK) GRIPPER","OTU(RollerTest_Sequence.SingleStep.Pulse)","10"
RCOMMENT,"Station_65_3","R050_RollerTest_Seq_Transitions","GRIPPER Z-AXIS WORK","OTU(RollerTest_Sequence.SingleStep.Pulse)","11"
RCOMMENT,"Station_65_3","R050_RollerTest_Seq_Transitions","WORK MOTOR CYL$NTURN MOTOR ON FOR VELOCITY CHECK$NWAIT FOR MOTOR TO REACH FULL SPEED (Testing Shows ~200MS, 500 for constant check)$NCLEAR COUNTS","OTU(RollerTest_Sequence.SingleStep.Pulse)","12"
RCOMMENT,"Station_65_3","R050_RollerTest_Seq_Transitions","HOME MOTOR CYL$NEVALUATE VELOCITY CHECK","OTU(RollerTest_Sequence.SingleStep.Pulse)","13"
RCOMMENT,"Station_65_3","R050_RollerTest_Seq_Transitions","GRAB C1 STARTING COUNT AFTER ELAPSED TIME$NTURN OFF MOTOR$N","OTU(RollerTest_Sequence.SingleStep.Pulse)","14"
RCOMMENT,"Station_65_3","R050_RollerTest_Seq_Transitions","GRAB C2 ENDING COUNT AFTER ELAPSED TIME$N","OTU(RollerTest_Sequence.SingleStep.Pulse)","15"
RCOMMENT,"Station_65_3","R050_RollerTest_Seq_Transitions","EVALUATE RESULTS$N","OTU(RollerTest_Sequence.SingleStep.Pulse)","17"
RCOMMENT,"Station_65_3","R050_RollerTest_Seq_Transitions","RET (HOME) GRIPPER Z-AXIS","OTU(RollerTest_Sequence.SingleStep.Pulse)","19"
RCOMMENT,"Station_65_3","R050_RollerTest_Seq_Transitions","OPEN (HOME) GANTRY GRIPPER","OTU(RollerTest_Sequence.SingleStep.Pulse)","20"
RCOMMENT,"Station_65_3","R050_RollerTest_Seq_Transitions","SEQUENCE COMPLETE$N","OTU(RollerTest_Sequence.SingleStep.Pulse)","21"
RCOMMENT,"Station_65_3","R050_RollerTest_Seq_Transitions","Calculate Sequence Cycle TIme","DIV(RollerTest_Sequence.CycleTimer.ACC,1000,RollerTest_Sequence.CurrentCycleTime_Sec)","22"
RCOMMENT,"Station_65_3","R050_RollerTest_Seq_Transitions","Sequence Overtime","OTE(RollerTest_Sequence.Overtime)","23"
RCOMMENT,"Station_65_3","R050_RollerTest_Seq_Transitions","Sequence Busy Status","OTE(RollerTest_Sequence.Busy)","24"
RCOMMENT,"Station_65_3","R060_Valves","Gripper Z-Axis","SOLENOID(GripperZAxis,VB20_6_V[7],System.PowerAndAirOn,GripperZAxis.AutoMode,GripperZAxis.CycleMode,System.Zone1.Manual.Mode,System.Reset,IB10_20[1].Input,IB10_20[0].Input,VB20_6_V[7].Home.InPositionTimer.PRE,VB20_6_V[7].Home.FaultTimer.PRE,VB20_6_V[7].Work.InPositionTimer.PRE,VB20_6_V[7].Work.FaultTimer.PRE,Global.SimulationEnabled)","0"
RCOMMENT,"Station_65_3","R060_Valves","Module Gripper","SOLENOID(Gripper,VB20_6_V[8],System.PowerAndAirOn,Gripper.AutoMode,Gripper.CycleMode,System.Zone1.Manual.Mode,System.Reset,Gripper.HomeFbk,Gripper.WorkFbk,VB20_6_V[8].Home.InPositionTimer.PRE,VB20_6_V[8].Home.FaultTimer.PRE,VB20_6_V[8].Work.InPositionTimer.PRE,VB20_6_V[8].Work.FaultTimer.PRE,Global.SimulationEnabled)","1"
RCOMMENT,"Station_65_3","R060_Valves","Motor Cyl","SOLENOID(MotorCyl,VB20_6_V[9],System.PowerAndAirOn,MotorCyl.AutoMode,MotorCyl.CycleMode,System.Zone1.Manual.Mode,System.Reset,IB10_20[5].Input,IB10_20[4].Input,VB20_6_V[9].Home.InPositionTimer.PRE,VB20_6_V[9].Home.FaultTimer.PRE,VB20_6_V[9].Work.InPositionTimer.PRE,VB20_6_V[9].Work.FaultTimer.PRE,Global.SimulationEnabled)","2"
RCOMMENT,"Station_65_3","R080_Motors","ROLLER TEST MOTORS$N","NOP()","0"
RCOMMENT,"Station_65_3","R080_Motors","Roller Test Motor 3 Control","OTE(O10_440_4[4].Command)","1"
RCOMMENT,"Station_65_3","R090_Outputs","PIO10.440     1734-OB8 Pio Module Slot 4 IO Mapping","NOP()","1"
RCOMMENT,"Station_65_3","R090_Outputs","------------------------------------------------------------$NVB20.1$N------------------------------------------------------------","NOP()","3"
RCOMMENT,"Station_65_3","R090_Outputs"," Z-Axis","OTE(VB20_6:O.OutputArea[0].12)","4"
RCOMMENT,"Station_65_3","R090_Outputs","Gripper","OTE(VB20_6:O.OutputArea[0].14)","5"
RCOMMENT,"Station_65_3","R090_Outputs","Motor Cyl","OTE(VB20_6:O.OutputArea[1].0)","6"
RCOMMENT,"Station_65_3","R100_PalletDataReadyToStart","Reay to Start Permissives","NOP()","0"
RCOMMENT,"Station_65_3","R100_PalletDataReadyToStart","Clear Unused Visibility","OTU(PalletData_Sequence.ReadyToStart.Visibility.31)","3"
RCOMMENT,"Station_65_3","R100_PalletDataReadyToStart","Set Unused Ready Bits","OTE(PalletData_Sequence.ReadyToStart.Ready.31)","4"
TEXTBOX,"Station_65_3","R100_PalletData_Sequence","Check Station Status (Not $R$NCopied, Copied (Process not $R$NFinished) or Copied and $R$NFinished Process)","","120:280"
TEXTBOX,"Station_65_3","R100_PalletData_Sequence","Initialize","","200:120"
TEXTBOX,"Station_65_3","R100_PalletData_Sequence","OK to Work $R$Non Part or $R$NNot OK to $R$NWork on $R$NPart","","200:680"
TEXTBOX,"Station_65_3","R100_PalletData_Sequence","Copy Pallet $R$NData to $R$NLocal $R$NStation","","200:480"
TEXTBOX,"Station_65_3","R100_PalletData_Sequence","Copy Local $R$NData to $R$NPallet","","200:1140"
TEXTBOX,"Station_65_3","R100_PalletData_Sequence","Sequence $R$NComplete","","200:1400"
TEXTBOX,"Station_65_3","R100_PalletData_Sequence","Wait for $R$NProcess $R$NComplete","","200:880"
RCOMMENT,"Station_65_3","R100_PalletData_Seq_Transitions","Single Step Mode","OTE(PalletData_Sequence.SingleStep.Mode.Interlock)","0"
RCOMMENT,"Station_65_3","R100_PalletData_Seq_Transitions","INITIAL STEP","OTU(PalletData_Sequence.SingleStep.Pulse)","7"
RCOMMENT,"Station_65_3","R100_PalletData_Seq_Transitions","INITILIZE / CLEAR BUFFERS$NCHECK STATION STATUS (NOT COPIED, COPIED (PROCESS NOT FINISHED) OR COPIED AND FINISHED PROCESS)$N","OTU(PalletData_Sequence.SingleStep.Pulse)","8"
RCOMMENT,"Station_65_3","R100_PalletData_Seq_Transitions","COPY PALLET DATA TO LOCAL STATION","OTU(PalletData_Sequence.SingleStep.Pulse)","9"
RCOMMENT,"Station_65_3","R100_PalletData_Seq_Transitions","OK TO WORK ON PART OR NOT OK TO WORK ON PART","OTU(PalletData_Sequence.SingleStep.Pulse)","10"
RCOMMENT,"Station_65_3","R100_PalletData_Seq_Transitions","WAIT FOR PROCESS COMPLETE$N","OTU(PalletData_Sequence.SingleStep.Pulse)","11"
RCOMMENT,"Station_65_3","R100_PalletData_Seq_Transitions","WAIT FOR PALLET TO LEAVE STATION","OTU(PalletData_Sequence.SingleStep.Pulse)","13"
RCOMMENT,"Station_65_3","R100_PalletData_Seq_Transitions","SEQUENCE COMPLETE$N","OTU(PalletData_Sequence.SingleStep.Pulse)","14"
RCOMMENT,"Station_65_3","R100_PalletData_Seq_Transitions","Calculate Sequence Cycle TIme","DIV(PalletData_Sequence.CycleTimer.ACC,1000,PalletData_Sequence.CurrentCycleTime_Sec)","15"
RCOMMENT,"Station_65_3","R100_PalletData_Seq_Transitions","Sequence Overtime","OTE(PalletData_Sequence.Overtime)","16"
RCOMMENT,"Station_65_3","R100_PalletData_Seq_Transitions","Sequence Busy Status","OTE(PalletData_Sequence.Busy)","17"
TYPE,SCOPE,ROUTINE,COMMENT,OWNING_ELEMENT,LOCATION
RCOMMENT,"Station_65_4","R001_Inputs","IB10.18","NOP()","3"
RCOMMENT,"Station_65_4","R005_Operator","Management of the Roller Test SFC","NOP()","0"
RCOMMENT,"Station_65_4","R010_Status","Sequence Status for Display","MOV(4,RollerTest_Sequence.Status)","18"
RCOMMENT,"Station_65_4","R050_RollerTestReadyToStart","Reay to Start Permissives","NOP()","0"
RCOMMENT,"Station_65_4","R050_RollerTestReadyToStart","Clear Unused Visibility","OTU(RollerTest_Sequence.ReadyToStart.Visibility.31)","3"
RCOMMENT,"Station_65_4","R050_RollerTestReadyToStart","Set Unused Ready Bits","OTE(RollerTest_Sequence.ReadyToStart.Ready.31)","4"
TEXTBOX,"Station_65_4","R050_RollerTest_Sequence","Sequence $R$NComplete","","100:2200"
TEXTBOX,"Station_65_4","R050_RollerTest_Sequence","Initialize/ $R$NClear $R$NBuffers","","100:260"
RCOMMENT,"Station_65_4","R050_RollerTest_Seq_Transitions","Single Step Mode","OTE(RollerTest_Sequence.SingleStep.Mode.Interlock)","0"
RCOMMENT,"Station_65_4","R050_RollerTest_Seq_Transitions","INITIAL STEP","OTU(RollerTest_Sequence.Complete)","8"
RCOMMENT,"Station_65_4","R050_RollerTest_Seq_Transitions","INITILIZE / CLEAR BUFFERS","OTU(RollerTest_Sequence.SingleStep.Pulse)","9"
RCOMMENT,"Station_65_4","R050_RollerTest_Seq_Transitions","CLOSE (WORK) GRIPPER","OTU(RollerTest_Sequence.SingleStep.Pulse)","10"
RCOMMENT,"Station_65_4","R050_RollerTest_Seq_Transitions","GRIPPER Z-AXIS WORK","OTU(RollerTest_Sequence.SingleStep.Pulse)","11"
RCOMMENT,"Station_65_4","R050_RollerTest_Seq_Transitions","WORK MOTOR CYL$NTURN MOTOR ON FOR VELOCITY CHECK$NWAIT FOR MOTOR TO REACH FULL SPEED (Testing Shows ~200MS, 500 for constant check)$NCLEAR COUNTS","OTU(RollerTest_Sequence.SingleStep.Pulse)","13"
RCOMMENT,"Station_65_4","R050_RollerTest_Seq_Transitions","HOME MOTOR CYL$NEVALUATE VELOCITY CHECK","OTU(RollerTest_Sequence.SingleStep.Pulse)","14"
RCOMMENT,"Station_65_4","R050_RollerTest_Seq_Transitions","GRAB C1 STARTING COUNT AFTER ELAPSED TIME$NTURN OFF MOTOR$N","OTU(RollerTest_Sequence.SingleStep.Pulse)","15"
RCOMMENT,"Station_65_4","R050_RollerTest_Seq_Transitions","GRAB C2 ENDING COUNT AFTER ELAPSED TIME$N","OTU(RollerTest_Sequence.SingleStep.Pulse)","16"
RCOMMENT,"Station_65_4","R050_RollerTest_Seq_Transitions","EVALUATE RESULTS$N","OTU(RollerTest_Sequence.SingleStep.Pulse)","18"
RCOMMENT,"Station_65_4","R050_RollerTest_Seq_Transitions","RET (HOME) GRIPPER Z-AXIS","OTU(RollerTest_Sequence.SingleStep.Pulse)","20"
RCOMMENT,"Station_65_4","R050_RollerTest_Seq_Transitions","OPEN (HOME) GANTRY GRIPPER","OTU(RollerTest_Sequence.SingleStep.Pulse)","21"
RCOMMENT,"Station_65_4","R050_RollerTest_Seq_Transitions","SEQUENCE COMPLETE$N","OTU(RollerTest_Sequence.SingleStep.Pulse)","22"
RCOMMENT,"Station_65_4","R050_RollerTest_Seq_Transitions","Calculate Sequence Cycle TIme","DIV(RollerTest_Sequence.CycleTimer.ACC,1000,RollerTest_Sequence.CurrentCycleTime_Sec)","23"
RCOMMENT,"Station_65_4","R050_RollerTest_Seq_Transitions","Sequence Overtime","OTE(RollerTest_Sequence.Overtime)","24"
RCOMMENT,"Station_65_4","R050_RollerTest_Seq_Transitions","Sequence Busy Status","OTE(RollerTest_Sequence.Busy)","25"
RCOMMENT,"Station_65_4","R060_Valves","Gripper Z-Axis","SOLENOID(GripperZAxis,VB20_7_V[1],System.PowerAndAirOn,GripperZAxis.AutoMode,GripperZAxis.CycleMode,System.Zone1.Manual.Mode,System.Reset,IB10_21[1].Input,IB10_21[0].Input,VB20_7_V[1].Home.InPositionTimer.PRE,VB20_7_V[1].Home.FaultTimer.PRE,VB20_7_V[1].Work.InPositionTimer.PRE,VB20_7_V[1].Work.FaultTimer.PRE,Global.SimulationEnabled)","0"
RCOMMENT,"Station_65_4","R060_Valves","Module Gripper","SOLENOID(Gripper,VB20_7_V[2],System.PowerAndAirOn,Gripper.AutoMode,Gripper.CycleMode,System.Zone1.Manual.Mode,System.Reset,Gripper.HomeFbk,Gripper.WorkFbk,VB20_7_V[2].Home.InPositionTimer.PRE,VB20_7_V[2].Home.FaultTimer.PRE,VB20_7_V[2].Work.InPositionTimer.PRE,VB20_7_V[2].Work.FaultTimer.PRE,Global.SimulationEnabled)","1"
RCOMMENT,"Station_65_4","R060_Valves","Motor Cyl","SOLENOID(MotorCyl,VB20_7_V[3],System.PowerAndAirOn,MotorCyl.AutoMode,MotorCyl.CycleMode,System.Zone1.Manual.Mode,System.Reset,IB10_21[5].Input,IB10_21[4].Input,VB20_7_V[3].Home.InPositionTimer.PRE,VB20_7_V[3].Home.FaultTimer.PRE,VB20_7_V[3].Work.InPositionTimer.PRE,VB20_7_V[3].Work.FaultTimer.PRE,Global.SimulationEnabled)","2"
RCOMMENT,"Station_65_4","R080_Motors","ROLLER TEST MOTORS$N","NOP()","0"
RCOMMENT,"Station_65_4","R080_Motors","Roller Test Motor 4 Control","OTE(O10_440_4[5].Command)","1"
RCOMMENT,"Station_65_4","R090_Outputs","PIO10.440     1734-OB8 Pio Module Slot 4 IO Mapping","NOP()","1"
RCOMMENT,"Station_65_4","R090_Outputs","------------------------------------------------------------$NVB20.1$N------------------------------------------------------------","NOP()","3"
RCOMMENT,"Station_65_4","R090_Outputs","Gantry Gripper","OTE(VB20_7:O.OutputArea[0].0)","4"
RCOMMENT,"Station_65_4","R090_Outputs","Gantry Z-Axis","OTE(VB20_7:O.OutputArea[0].2)","5"
RCOMMENT,"Station_65_4","R090_Outputs","motor cylinder","OTE(VB20_7:O.OutputArea[0].4)","6"
RCOMMENT,"Station_65_4","R100_PalletDataReadyToStart","Reay to Start Permissives","NOP()","0"
RCOMMENT,"Station_65_4","R100_PalletDataReadyToStart","Clear Unused Visibility","OTU(PalletData_Sequence.ReadyToStart.Visibility.31)","3"
RCOMMENT,"Station_65_4","R100_PalletDataReadyToStart","Set Unused Ready Bits","OTE(PalletData_Sequence.ReadyToStart.Ready.31)","4"
TEXTBOX,"Station_65_4","R100_PalletData_Sequence","Sequence $R$NComplete","","200:1400"
TEXTBOX,"Station_65_4","R100_PalletData_Sequence","Initialize","","200:120"
TEXTBOX,"Station_65_4","R100_PalletData_Sequence","OK to Work $R$Non Part or $R$NNot OK to $R$NWork on $R$NPart","","200:680"
TEXTBOX,"Station_65_4","R100_PalletData_Sequence","Copy Pallet $R$NData to $R$NLocal $R$NStation","","200:480"
TEXTBOX,"Station_65_4","R100_PalletData_Sequence","Check Station Status (Not $R$NCopied, Copied (Process not $R$NFinished) or Copied and $R$NFinished Process)","","120:280"
TEXTBOX,"Station_65_4","R100_PalletData_Sequence","Copy Local $R$NData to $R$NPallet","","200:1140"
TEXTBOX,"Station_65_4","R100_PalletData_Sequence","Wait for $R$NProcess $R$NComplete","","200:880"
RCOMMENT,"Station_65_4","R100_PalletData_Seq_Transitions","Single Step Mode","OTE(PalletData_Sequence.SingleStep.Mode.Interlock)","0"
RCOMMENT,"Station_65_4","R100_PalletData_Seq_Transitions","INITIAL STEP","OTU(PalletData_Sequence.SingleStep.Pulse)","7"
RCOMMENT,"Station_65_4","R100_PalletData_Seq_Transitions","INITILIZE / CLEAR BUFFERS$NCHECK STATION STATUS (NOT COPIED, COPIED (PROCESS NOT FINISHED) OR COPIED AND FINISHED PROCESS)$N","OTU(PalletData_Sequence.SingleStep.Pulse)","8"
RCOMMENT,"Station_65_4","R100_PalletData_Seq_Transitions","COPY PALLET DATA TO LOCAL STATION","OTU(PalletData_Sequence.SingleStep.Pulse)","9"
RCOMMENT,"Station_65_4","R100_PalletData_Seq_Transitions","OK TO WORK ON PART OR NOT OK TO WORK ON PART","OTU(PalletData_Sequence.SingleStep.Pulse)","10"
RCOMMENT,"Station_65_4","R100_PalletData_Seq_Transitions","WAIT FOR PROCESS COMPLETE$N","OTU(PalletData_Sequence.SingleStep.Pulse)","11"
RCOMMENT,"Station_65_4","R100_PalletData_Seq_Transitions","WAIT FOR PALLET TO LEAVE STATION","OTU(PalletData_Sequence.SingleStep.Pulse)","13"
RCOMMENT,"Station_65_4","R100_PalletData_Seq_Transitions","SEQUENCE COMPLETE$N","OTU(PalletData_Sequence.SingleStep.Pulse)","14"
RCOMMENT,"Station_65_4","R100_PalletData_Seq_Transitions","Calculate Sequence Cycle TIme","DIV(PalletData_Sequence.CycleTimer.ACC,1000,PalletData_Sequence.CurrentCycleTime_Sec)","15"
RCOMMENT,"Station_65_4","R100_PalletData_Seq_Transitions","Sequence Overtime","OTE(PalletData_Sequence.Overtime)","16"
RCOMMENT,"Station_65_4","R100_PalletData_Seq_Transitions","Sequence Busy Status","OTE(PalletData_Sequence.Busy)","17"
TYPE,SCOPE,ROUTINE,COMMENT,OWNING_ELEMENT,LOCATION
RCOMMENT,"Station_65_5","R001_Inputs","IB10.18","NOP()","3"
RCOMMENT,"Station_65_5","R005_Operator","Management of the Roller Test SFC","NOP()","0"
RCOMMENT,"Station_65_5","R010_Status","Sequence Status for Display","MOV(4,RollerTest_Sequence.Status)","18"
RCOMMENT,"Station_65_5","R050_RollerTestReadyToStart","Reay to Start Permissives","NOP()","0"
RCOMMENT,"Station_65_5","R050_RollerTestReadyToStart","Clear Unused Visibility","OTU(RollerTest_Sequence.ReadyToStart.Visibility.31)","3"
RCOMMENT,"Station_65_5","R050_RollerTestReadyToStart","Set Unused Ready Bits","OTE(RollerTest_Sequence.ReadyToStart.Ready.31)","4"
TEXTBOX,"Station_65_5","R050_RollerTest_Sequence","Sequence $R$NComplete","","100:2200"
TEXTBOX,"Station_65_5","R050_RollerTest_Sequence","Initialize/ $R$NClear $R$NBuffers","","100:260"
RCOMMENT,"Station_65_5","R050_RollerTest_Seq_Transitions","Single Step Mode","OTE(RollerTest_Sequence.SingleStep.Mode.Interlock)","0"
RCOMMENT,"Station_65_5","R050_RollerTest_Seq_Transitions","INITIAL STEP","OTU(RollerTest_Sequence.Complete)","8"
RCOMMENT,"Station_65_5","R050_RollerTest_Seq_Transitions","INITILIZE / CLEAR BUFFERS","OTU(RollerTest_Sequence.SingleStep.Pulse)","9"
RCOMMENT,"Station_65_5","R050_RollerTest_Seq_Transitions","CLOSE (WORK) GRIPPER","OTU(RollerTest_Sequence.SingleStep.Pulse)","10"
RCOMMENT,"Station_65_5","R050_RollerTest_Seq_Transitions","GRIPPER Z-AXIS WORK","OTU(RollerTest_Sequence.SingleStep.Pulse)","11"
RCOMMENT,"Station_65_5","R050_RollerTest_Seq_Transitions","WORK MOTOR CYL$NTURN MOTOR ON FOR VELOCITY CHECK$NWAIT FOR MOTOR TO REACH FULL SPEED (Testing Shows ~200MS, 500 for constant check)$NCLEAR COUNTS","OTU(RollerTest_Sequence.SingleStep.Pulse)","12"
RCOMMENT,"Station_65_5","R050_RollerTest_Seq_Transitions","HOME MOTOR CYL$NEVALUATE VELOCITY CHECK","OTU(RollerTest_Sequence.SingleStep.Pulse)","13"
RCOMMENT,"Station_65_5","R050_RollerTest_Seq_Transitions","GRAB C1 STARTING COUNT AFTER ELAPSED TIME$NTURN OFF MOTOR$N","OTU(RollerTest_Sequence.SingleStep.Pulse)","14"
RCOMMENT,"Station_65_5","R050_RollerTest_Seq_Transitions","GRAB C2 ENDING COUNT AFTER ELAPSED TIME$N","OTU(RollerTest_Sequence.SingleStep.Pulse)","15"
RCOMMENT,"Station_65_5","R050_RollerTest_Seq_Transitions","EVALUATE RESULTS$N","OTU(RollerTest_Sequence.SingleStep.Pulse)","17"
RCOMMENT,"Station_65_5","R050_RollerTest_Seq_Transitions","RET (HOME) GRIPPER Z-AXIS","OTU(RollerTest_Sequence.SingleStep.Pulse)","19"
RCOMMENT,"Station_65_5","R050_RollerTest_Seq_Transitions","OPEN (HOME) GANTRY GRIPPER","OTU(RollerTest_Sequence.SingleStep.Pulse)","20"
RCOMMENT,"Station_65_5","R050_RollerTest_Seq_Transitions","SEQUENCE COMPLETE$N","OTU(RollerTest_Sequence.SingleStep.Pulse)","21"
RCOMMENT,"Station_65_5","R050_RollerTest_Seq_Transitions","Calculate Sequence Cycle TIme","DIV(RollerTest_Sequence.CycleTimer.ACC,1000,RollerTest_Sequence.CurrentCycleTime_Sec)","22"
RCOMMENT,"Station_65_5","R050_RollerTest_Seq_Transitions","Sequence Overtime","OTE(RollerTest_Sequence.Overtime)","23"
RCOMMENT,"Station_65_5","R050_RollerTest_Seq_Transitions","Sequence Busy Status","OTE(RollerTest_Sequence.Busy)","24"
RCOMMENT,"Station_65_5","R060_Valves","Gripper Z-Axis","SOLENOID(GripperZAxis,VB20_7_V[4],System.PowerAndAirOn,GripperZAxis.AutoMode,GripperZAxis.CycleMode,System.Zone1.Manual.Mode,System.Reset,IB10_22[1].Input,IB10_22[0].Input,VB20_7_V[4].Home.InPositionTimer.PRE,VB20_7_V[4].Home.FaultTimer.PRE,VB20_7_V[4].Work.InPositionTimer.PRE,VB20_7_V[4].Work.FaultTimer.PRE,Global.SimulationEnabled)","0"
RCOMMENT,"Station_65_5","R060_Valves","Module Gripper","SOLENOID(Gripper,VB20_7_V[5],System.PowerAndAirOn,Gripper.AutoMode,Gripper.CycleMode,System.Zone1.Manual.Mode,System.Reset,Gripper.HomeFbk,Gripper.WorkFbk,VB20_7_V[5].Home.InPositionTimer.PRE,VB20_7_V[5].Home.FaultTimer.PRE,VB20_7_V[5].Work.InPositionTimer.PRE,VB20_7_V[5].Work.FaultTimer.PRE,Global.SimulationEnabled)","1"
RCOMMENT,"Station_65_5","R060_Valves","Motor Cyl","SOLENOID(MotorCyl,VB20_7_V[6],System.PowerAndAirOn,MotorCyl.AutoMode,MotorCyl.CycleMode,System.Zone1.Manual.Mode,System.Reset,IB10_22[5].Input,IB10_22[4].Input,VB20_7_V[6].Home.InPositionTimer.PRE,VB20_7_V[6].Home.FaultTimer.PRE,VB20_7_V[6].Work.InPositionTimer.PRE,VB20_7_V[6].Work.FaultTimer.PRE,Global.SimulationEnabled)","2"
RCOMMENT,"Station_65_5","R080_Motors","ROLLER TEST MOTORS$N","NOP()","0"
RCOMMENT,"Station_65_5","R080_Motors","Roller Test Motor 5 Control","OTE(O10_440_4[6].Command)","1"
RCOMMENT,"Station_65_5","R090_Outputs","PIO10.440     1734-OB8 Pio Module Slot 4 IO Mapping","NOP()","1"
RCOMMENT,"Station_65_5","R090_Outputs","------------------------------------------------------------$NVB20.1$N------------------------------------------------------------","NOP()","3"
RCOMMENT,"Station_65_5","R090_Outputs","Gantry Gripper","OTE(VB20_7:O.OutputArea[0].6)","4"
RCOMMENT,"Station_65_5","R090_Outputs","Gantry Z-Axis","OTE(VB20_7:O.OutputArea[0].8)","5"
RCOMMENT,"Station_65_5","R090_Outputs","Motor Cylinder","OTE(VB20_7:O.OutputArea[0].10)","6"
RCOMMENT,"Station_65_5","R100_PalletDataReadyToStart","Reay to Start Permissives","NOP()","0"
RCOMMENT,"Station_65_5","R100_PalletDataReadyToStart","Clear Unused Visibility","OTU(PalletData_Sequence.ReadyToStart.Visibility.31)","3"
RCOMMENT,"Station_65_5","R100_PalletDataReadyToStart","Set Unused Ready Bits","OTE(PalletData_Sequence.ReadyToStart.Ready.31)","4"
TEXTBOX,"Station_65_5","R100_PalletData_Sequence","Check Station Status (Not $R$NCopied, Copied (Process not $R$NFinished) or Copied and $R$NFinished Process)","","120:280"
TEXTBOX,"Station_65_5","R100_PalletData_Sequence","Wait for $R$NProcess $R$NComplete","","200:880"
TEXTBOX,"Station_65_5","R100_PalletData_Sequence","OK to Work $R$Non Part or $R$NNot OK to $R$NWork on $R$NPart","","200:680"
TEXTBOX,"Station_65_5","R100_PalletData_Sequence","Initialize","","200:120"
TEXTBOX,"Station_65_5","R100_PalletData_Sequence","Copy Pallet $R$NData to $R$NLocal $R$NStation","","200:480"
TEXTBOX,"Station_65_5","R100_PalletData_Sequence","Copy Local $R$NData to $R$NPallet","","200:1140"
TEXTBOX,"Station_65_5","R100_PalletData_Sequence","Sequence $R$NComplete","","200:1400"
RCOMMENT,"Station_65_5","R100_PalletData_Seq_Transitions","Single Step Mode","OTE(PalletData_Sequence.SingleStep.Mode.Interlock)","0"
RCOMMENT,"Station_65_5","R100_PalletData_Seq_Transitions","INITIAL STEP","OTU(PalletData_Sequence.SingleStep.Pulse)","7"
RCOMMENT,"Station_65_5","R100_PalletData_Seq_Transitions","INITILIZE / CLEAR BUFFERS$NCHECK STATION STATUS (NOT COPIED, COPIED (PROCESS NOT FINISHED) OR COPIED AND FINISHED PROCESS)$N","OTU(PalletData_Sequence.SingleStep.Pulse)","8"
RCOMMENT,"Station_65_5","R100_PalletData_Seq_Transitions","COPY PALLET DATA TO LOCAL STATION","OTU(PalletData_Sequence.SingleStep.Pulse)","9"
RCOMMENT,"Station_65_5","R100_PalletData_Seq_Transitions","OK TO WORK ON PART OR NOT OK TO WORK ON PART","OTU(PalletData_Sequence.SingleStep.Pulse)","10"
RCOMMENT,"Station_65_5","R100_PalletData_Seq_Transitions","WAIT FOR PROCESS COMPLETE$N","OTU(PalletData_Sequence.SingleStep.Pulse)","11"
RCOMMENT,"Station_65_5","R100_PalletData_Seq_Transitions","WAIT FOR PALLET TO LEAVE STATION","OTU(PalletData_Sequence.SingleStep.Pulse)","13"
RCOMMENT,"Station_65_5","R100_PalletData_Seq_Transitions","SEQUENCE COMPLETE$N","OTU(PalletData_Sequence.SingleStep.Pulse)","14"
RCOMMENT,"Station_65_5","R100_PalletData_Seq_Transitions","Calculate Sequence Cycle TIme","DIV(PalletData_Sequence.CycleTimer.ACC,1000,PalletData_Sequence.CurrentCycleTime_Sec)","15"
RCOMMENT,"Station_65_5","R100_PalletData_Seq_Transitions","Sequence Overtime","OTE(PalletData_Sequence.Overtime)","16"
RCOMMENT,"Station_65_5","R100_PalletData_Seq_Transitions","Sequence Busy Status","OTE(PalletData_Sequence.Busy)","17"
TYPE,SCOPE,ROUTINE,COMMENT,OWNING_ELEMENT,LOCATION
RCOMMENT,"Station_65_6","R001_Inputs","IB10.18","NOP()","3"
RCOMMENT,"Station_65_6","R005_Operator","Management of the Roller Test SFC","NOP()","0"
RCOMMENT,"Station_65_6","R010_Status","Sequence Status for Display","MOV(4,RollerTest_Sequence.Status)","18"
RCOMMENT,"Station_65_6","R050_RollerTestReadyToStart","Reay to Start Permissives","NOP()","0"
RCOMMENT,"Station_65_6","R050_RollerTestReadyToStart","Clear Unused Visibility","OTU(RollerTest_Sequence.ReadyToStart.Visibility.31)","3"
RCOMMENT,"Station_65_6","R050_RollerTestReadyToStart","Set Unused Ready Bits","OTE(RollerTest_Sequence.ReadyToStart.Ready.31)","4"
TEXTBOX,"Station_65_6","R050_RollerTest_Sequence","Sequence $R$NComplete","","100:2180"
TEXTBOX,"Station_65_6","R050_RollerTest_Sequence","Initialize/ $R$NClear $R$NBuffers","","100:260"
RCOMMENT,"Station_65_6","R050_RollerTest_Seq_Transitions","Single Step Mode","OTE(RollerTest_Sequence.SingleStep.Mode.Interlock)","0"
RCOMMENT,"Station_65_6","R050_RollerTest_Seq_Transitions","INITIAL STEP","OTU(RollerTest_Sequence.Complete)","8"
RCOMMENT,"Station_65_6","R050_RollerTest_Seq_Transitions","INITILIZE / CLEAR BUFFERS","OTU(RollerTest_Sequence.SingleStep.Pulse)","9"
RCOMMENT,"Station_65_6","R050_RollerTest_Seq_Transitions","CLOSE (WORK) GRIPPER","OTU(RollerTest_Sequence.SingleStep.Pulse)","10"
RCOMMENT,"Station_65_6","R050_RollerTest_Seq_Transitions","GRIPPER Z-AXIS WORK","OTU(RollerTest_Sequence.SingleStep.Pulse)","11"
RCOMMENT,"Station_65_6","R050_RollerTest_Seq_Transitions","WORK MOTOR CYL$NTURN MOTOR ON FOR VELOCITY CHECK$NWAIT FOR MOTOR TO REACH FULL SPEED (Testing Shows ~200MS, 500 for constant check)$NCLEAR COUNTS","OTU(RollerTest_Sequence.SingleStep.Pulse)","12"
RCOMMENT,"Station_65_6","R050_RollerTest_Seq_Transitions","HOME MOTOR CYL$NEVALUATE VELOCITY CHECK","OTU(RollerTest_Sequence.SingleStep.Pulse)","13"
RCOMMENT,"Station_65_6","R050_RollerTest_Seq_Transitions","GRAB C1 STARTING COUNT AFTER ELAPSED TIME$NTURN OFF MOTOR$N","OTU(RollerTest_Sequence.SingleStep.Pulse)","14"
RCOMMENT,"Station_65_6","R050_RollerTest_Seq_Transitions","GRAB C2 ENDING COUNT AFTER ELAPSED TIME$N","OTU(RollerTest_Sequence.SingleStep.Pulse)","15"
RCOMMENT,"Station_65_6","R050_RollerTest_Seq_Transitions","EVALUATE RESULTS$N","OTU(RollerTest_Sequence.SingleStep.Pulse)","17"
RCOMMENT,"Station_65_6","R050_RollerTest_Seq_Transitions","RET (HOME) GRIPPER Z-AXIS","OTU(RollerTest_Sequence.SingleStep.Pulse)","19"
RCOMMENT,"Station_65_6","R050_RollerTest_Seq_Transitions","OPEN (HOME) GANTRY GRIPPER","OTU(RollerTest_Sequence.SingleStep.Pulse)","20"
RCOMMENT,"Station_65_6","R050_RollerTest_Seq_Transitions","SEQUENCE COMPLETE$N","OTU(RollerTest_Sequence.SingleStep.Pulse)","21"
RCOMMENT,"Station_65_6","R050_RollerTest_Seq_Transitions","Calculate Sequence Cycle TIme","DIV(RollerTest_Sequence.CycleTimer.ACC,1000,RollerTest_Sequence.CurrentCycleTime_Sec)","22"
RCOMMENT,"Station_65_6","R050_RollerTest_Seq_Transitions","Sequence Overtime","OTE(RollerTest_Sequence.Overtime)","23"
RCOMMENT,"Station_65_6","R050_RollerTest_Seq_Transitions","Sequence Busy Status","OTE(RollerTest_Sequence.Busy)","24"
RCOMMENT,"Station_65_6","R060_Valves","Gripper Z-Axis","SOLENOID(GripperZAxis,VB20_7_V[7],System.PowerAndAirOn,GripperZAxis.AutoMode,GripperZAxis.CycleMode,System.Zone1.Manual.Mode,System.Reset,IB10_23[1].Input,IB10_23[0].Input,VB20_7_V[7].Home.InPositionTimer.PRE,VB20_7_V[7].Home.FaultTimer.PRE,VB20_7_V[7].Work.InPositionTimer.PRE,VB20_7_V[7].Work.FaultTimer.PRE,Global.SimulationEnabled)","0"
RCOMMENT,"Station_65_6","R060_Valves","Module Gripper","SOLENOID(Gripper,VB20_7_V[8],System.PowerAndAirOn,Gripper.AutoMode,Gripper.CycleMode,System.Zone1.Manual.Mode,System.Reset,Gripper.HomeFbk,Gripper.WorkFbk,VB20_7_V[8].Home.InPositionTimer.PRE,VB20_7_V[8].Home.FaultTimer.PRE,VB20_7_V[8].Work.InPositionTimer.PRE,VB20_7_V[8].Work.FaultTimer.PRE,Global.SimulationEnabled)","1"
RCOMMENT,"Station_65_6","R060_Valves","Motor Cyl","SOLENOID(MotorCyl,VB20_7_V[9],System.PowerAndAirOn,MotorCyl.AutoMode,MotorCyl.CycleMode,System.Zone1.Manual.Mode,System.Reset,IB10_23[5].Input,IB10_23[4].Input,VB20_7_V[9].Home.InPositionTimer.PRE,VB20_7_V[9].Home.FaultTimer.PRE,VB20_7_V[9].Work.InPositionTimer.PRE,VB20_7_V[9].Work.FaultTimer.PRE,Global.SimulationEnabled)","2"
RCOMMENT,"Station_65_6","R080_Motors","ROLLER TEST MOTORS$N","NOP()","0"
RCOMMENT,"Station_65_6","R080_Motors","Roller Test Motor 6 Control","OTE(O10_440_4[7].Command)","1"
RCOMMENT,"Station_65_6","R090_Outputs","PIO10.440     1734-OB8 Pio Module Slot 4 IO Mapping","NOP()","1"
RCOMMENT,"Station_65_6","R090_Outputs","------------------------------------------------------------$NVB20.1$N------------------------------------------------------------","NOP()","3"
RCOMMENT,"Station_65_6","R090_Outputs","Gantry Gripper","OTE(VB20_7:O.OutputArea[0].12)","4"
RCOMMENT,"Station_65_6","R090_Outputs","Gantry Z-Axis","OTE(VB20_7:O.OutputArea[0].14)","5"
RCOMMENT,"Station_65_6","R090_Outputs","motor cylinder","OTE(VB20_7:O.OutputArea[1].0)","6"
RCOMMENT,"Station_65_6","R100_PalletDataReadyToStart","Reay to Start Permissives","NOP()","0"
RCOMMENT,"Station_65_6","R100_PalletDataReadyToStart","Clear Unused Visibility","OTU(PalletData_Sequence.ReadyToStart.Visibility.31)","3"
RCOMMENT,"Station_65_6","R100_PalletDataReadyToStart","Set Unused Ready Bits","OTE(PalletData_Sequence.ReadyToStart.Ready.31)","4"
TEXTBOX,"Station_65_6","R100_PalletData_Sequence","Initialize","","200:120"
TEXTBOX,"Station_65_6","R100_PalletData_Sequence","Sequence $R$NComplete","","200:1400"
TEXTBOX,"Station_65_6","R100_PalletData_Sequence","OK to Work $R$Non Part or $R$NNot OK to $R$NWork on $R$NPart","","200:680"
TEXTBOX,"Station_65_6","R100_PalletData_Sequence","Copy Pallet $R$NData to $R$NLocal $R$NStation","","200:480"
TEXTBOX,"Station_65_6","R100_PalletData_Sequence","Wait for $R$NProcess $R$NComplete","","200:880"
TEXTBOX,"Station_65_6","R100_PalletData_Sequence","Copy Local $R$NData to $R$NPallet","","200:1140"
TEXTBOX,"Station_65_6","R100_PalletData_Sequence","Check Station Status (Not $R$NCopied, Copied (Process not $R$NFinished) or Copied and $R$NFinished Process)","","120:280"
RCOMMENT,"Station_65_6","R100_PalletData_Seq_Transitions","Single Step Mode","OTE(PalletData_Sequence.SingleStep.Mode.Interlock)","0"
RCOMMENT,"Station_65_6","R100_PalletData_Seq_Transitions","INITIAL STEP","OTU(PalletData_Sequence.SingleStep.Pulse)","7"
RCOMMENT,"Station_65_6","R100_PalletData_Seq_Transitions","INITILIZE / CLEAR BUFFERS$NCHECK STATION STATUS (NOT COPIED, COPIED (PROCESS NOT FINISHED) OR COPIED AND FINISHED PROCESS)$N","OTU(PalletData_Sequence.SingleStep.Pulse)","8"
RCOMMENT,"Station_65_6","R100_PalletData_Seq_Transitions","COPY PALLET DATA TO LOCAL STATION","OTU(PalletData_Sequence.SingleStep.Pulse)","9"
RCOMMENT,"Station_65_6","R100_PalletData_Seq_Transitions","OK TO WORK ON PART OR NOT OK TO WORK ON PART","OTU(PalletData_Sequence.SingleStep.Pulse)","10"
RCOMMENT,"Station_65_6","R100_PalletData_Seq_Transitions","WAIT FOR PROCESS COMPLETE$N","OTU(PalletData_Sequence.SingleStep.Pulse)","11"
RCOMMENT,"Station_65_6","R100_PalletData_Seq_Transitions","WAIT FOR PALLET TO LEAVE STATION","OTU(PalletData_Sequence.SingleStep.Pulse)","13"
RCOMMENT,"Station_65_6","R100_PalletData_Seq_Transitions","SEQUENCE COMPLETE$N","OTU(PalletData_Sequence.SingleStep.Pulse)","14"
RCOMMENT,"Station_65_6","R100_PalletData_Seq_Transitions","Calculate Sequence Cycle TIme","DIV(PalletData_Sequence.CycleTimer.ACC,1000,PalletData_Sequence.CurrentCycleTime_Sec)","15"
RCOMMENT,"Station_65_6","R100_PalletData_Seq_Transitions","Sequence Overtime","OTE(PalletData_Sequence.Overtime)","16"
RCOMMENT,"Station_65_6","R100_PalletData_Seq_Transitions","Sequence Busy Status","OTE(PalletData_Sequence.Busy)","17"
TYPE,SCOPE,ROUTINE,COMMENT,OWNING_ELEMENT,LOCATION
RCOMMENT,"Station_70","R001_Inputs","Robot to PLC","CPS(RBT10_755:I.Data[16],RBT10_755.i.ProgParam[0],17)","0"
RCOMMENT,"Station_70","R001_Inputs","********************************************************$NPoint IO Slot 5$N********************************************************","NOP()","1"
RCOMMENT,"Station_70","R001_Inputs","IB10.7","NOP()","3"
RCOMMENT,"Station_70","R001_Inputs","IB10.8","NOP()","11"
RCOMMENT,"Station_70","R001_Inputs","IB10.9","NOP()","19"
RCOMMENT,"Station_70","R001_Inputs","IB10.10","NOP()","26"
RCOMMENT,"Station_70","R001_Inputs","IB10.11","NOP()","34"
RCOMMENT,"Station_70","R001_Inputs","IB10.12","NOP()","42"
RCOMMENT,"Station_70","R001_Inputs","IB10.13","NOP()","49"
RCOMMENT,"Station_70","R001_Inputs","IB10.14","NOP()","58"
RCOMMENT,"Station_70","R001_Inputs","IB10.15","NOP()","67"
RCOMMENT,"Station_70","R001_Inputs","IB10.16","NOP()","76"
RCOMMENT,"Station_70","R001_Inputs","IB10.17","NOP()","85"
RCOMMENT,"Station_70","R005_Operator","****************************************************************************************************************$NOperator Request Robot HOME$N****************************************************************************************************************","OTE(RBT10_755.Request[0].Interlock)","0"
RCOMMENT,"Station_70","R005_Operator","****************************************************************************************************************$NOperator Request Robot Abort$N****************************************************************************************************************","OTE(RBT10_755.Request[1].Interlock)","4"
RCOMMENT,"Station_70","R005_Operator","****************************************************************************************************************$NOperator Request Robot Resume$N****************************************************************************************************************","OTE(RBT10_755.Request[2].Interlock)","8"
RCOMMENT,"Station_70","R005_Operator","****************************************************************************************************************$NOperator Request Robot Pause$N****************************************************************************************************************","OTE(RBT10_755.Request[3].Interlock)","12"
RCOMMENT,"Station_70","R005_Operator","****************************************************************************************************************$NOperator Box 1 Purge Request$N****************************************************************************************************************","OTE(RBT10_755.Request[4].Interlock)","16"
RCOMMENT,"Station_70","R005_Operator","****************************************************************************************************************$NOperator Box 2 Purge Request$N****************************************************************************************************************","OTE(RBT10_755.Request[5].Interlock)","22"
RCOMMENT,"Station_70","R005_Operator","****************************************************************************************************************$NOperator Box 3 Purge Request$N****************************************************************************************************************","OTE(RBT10_755.Request[6].Interlock)","28"
RCOMMENT,"Station_70","R005_Operator","****************************************************************************************************************$NOperator Box 4 Purge Request$N****************************************************************************************************************","OTE(RBT10_755.Request[7].Interlock)","34"
RCOMMENT,"Station_70","R010_Status","Conveyor 1 At Home","OTE(Conveyor1_AtHomePos)","1"
RCOMMENT,"Station_70","R010_Status","Conveyor 1 In Known Position$N","OTE(Conveyor1_InKnownPos)","2"
RCOMMENT,"Station_70","R010_Status","Conveyor 2 At Home","OTE(Conveyor2_AtHomePos)","3"
RCOMMENT,"Station_70","R010_Status","Conveyor 2 In Known Position$N","OTE(Conveyor2_InKnownPos)","4"
RCOMMENT,"Station_70","R010_Status","Conveyor 3 At Home","OTE(Conveyor3_AtHomePos)","5"
RCOMMENT,"Station_70","R010_Status","Conveyor 3 In Known Position$N","OTE(Conveyor3_InKnownPos)","6"
RCOMMENT,"Station_70","R010_Status","Conveyor 4 At Home","OTE(Conveyor4_AtHomePos)","7"
RCOMMENT,"Station_70","R010_Status","Conveyor 4 In Known Position$N","OTE(Conveyor4_InKnownPos)","8"
RCOMMENT,"Station_70","R010_Status","Get Remaining Box Count","CPT(Box4_Remaining,(24- Box4_Place_Counter)*3)","33"
RCOMMENT,"Station_70","R010_Status","Get Automation Remaining Shots needed for full box","NOP()","34"
RCOMMENT,"Station_70","R010_Status","Check for Parts in Nest with Recipe Change","OTL(Nest4_Needs_Cleared2)","38"
RCOMMENT,"Station_70","R010_Status","Clear Nest Clear Alarm ","OTU(Nest4_Needs_Cleared2)","39"
RCOMMENT,"Station_70","R050_BoxConveyors","********************************************************$NBOX CONVEYOR 1$N********************************************************","NOP()","0"
RCOMMENT,"Station_70","R050_BoxConveyors","Box Stop Control$N","OTE(Home_BoxStop.4)","1"
RCOMMENT,"Station_70","R050_BoxConveyors","Box Holdback Control$N","OTE(Home_BoxHoldback.4)","3"
RCOMMENT,"Station_70","R050_BoxConveyors","Side Crowd Control$N","OTE(Home_SideCrowd.4)","4"
RCOMMENT,"Station_70","R050_BoxConveyors","End Crowd Control$N","OTU(Box4_Outgoing)","5"
RCOMMENT,"Station_70","R050_BoxConveyors","Elevator Control","OTE(Work_Elevator.4)","6"
RCOMMENT,"Station_70","R060_Valves","Offload Empty Conveyor 1 Stop","SOLENOID(EmptyStop1,VB20_2_V[1],System.PowerAndAirOn,System.Zone1.Auto.Mode,System.Zone1.Cycle.Mode,System.Zone1.Manual.Mode,System.Reset,IB10_7[0].Input,IB10_7[1].Input,VB20_2_V[1].Home.InPositionTimer.PRE,VB20_2_V[1].Home.FaultTimer.PRE,VB20_2_V[1].Work.InPositionTimer.PRE,VB20_2_V[1].Work.FaultTimer.PRE,Global.SimulationEnabled)","0"
RCOMMENT,"Station_70","R060_Valves","Offload Empty Conveyor 1 Holdback","SOLENOID(EmptyHoldback1,VB20_2_V[2],System.PowerAndAirOn,System.Zone1.Auto.Mode,System.Zone1.Cycle.Mode,System.Zone1.Manual.Mode,System.Reset,IB10_7[4].Input,IB10_7[3].Input,VB20_2_V[2].Home.InPositionTimer.PRE,VB20_2_V[2].Home.FaultTimer.PRE,VB20_2_V[2].Work.InPositionTimer.PRE,VB20_2_V[2].Work.FaultTimer.PRE,Global.SimulationEnabled)","1"
RCOMMENT,"Station_70","R060_Valves","Offload Empty Conveyor 2 Stop","SOLENOID(EmptyStop2,VB20_2_V[3],System.PowerAndAirOn,System.Zone1.Auto.Mode,System.Zone1.Cycle.Mode,System.Zone1.Manual.Mode,System.Reset,IB10_8[0].Input,IB10_8[1].Input,VB20_2_V[3].Home.InPositionTimer.PRE,VB20_2_V[3].Home.FaultTimer.PRE,VB20_2_V[3].Work.InPositionTimer.PRE,VB20_2_V[3].Work.FaultTimer.PRE,Global.SimulationEnabled)","2"
RCOMMENT,"Station_70","R060_Valves","Offload Empty Conveyor 2 Holdback","SOLENOID(EmptyHoldback2,VB20_2_V[4],System.PowerAndAirOn,System.Zone1.Auto.Mode,System.Zone1.Cycle.Mode,System.Zone1.Manual.Mode,System.Reset,IB10_8[4].Input,IB10_8[3].Input,VB20_2_V[4].Home.InPositionTimer.PRE,VB20_2_V[4].Home.FaultTimer.PRE,VB20_2_V[4].Work.InPositionTimer.PRE,VB20_2_V[4].Work.FaultTimer.PRE,Global.SimulationEnabled)","3"
RCOMMENT,"Station_70","R060_Valves","Offload Empty Conveyor 3 Stop","SOLENOID(EmptyStop3,VB20_2_V[5],System.PowerAndAirOn,System.Zone1.Auto.Mode,System.Zone1.Cycle.Mode,System.Zone1.Manual.Mode,System.Reset,IB10_10[0].Input,IB10_10[1].Input,VB20_2_V[5].Home.InPositionTimer.PRE,VB20_2_V[5].Home.FaultTimer.PRE,VB20_2_V[5].Work.InPositionTimer.PRE,VB20_2_V[5].Work.FaultTimer.PRE,Global.SimulationEnabled)","4"
RCOMMENT,"Station_70","R060_Valves","Offload Empty Conveyor 3 Holdback","SOLENOID(EmptyHoldback3,VB20_2_V[6],System.PowerAndAirOn,System.Zone1.Auto.Mode,System.Zone1.Cycle.Mode,System.Zone1.Manual.Mode,System.Reset,IB10_10[4].Input,IB10_10[3].Input,VB20_2_V[6].Home.InPositionTimer.PRE,VB20_2_V[6].Home.FaultTimer.PRE,VB20_2_V[6].Work.InPositionTimer.PRE,VB20_2_V[6].Work.FaultTimer.PRE,Global.SimulationEnabled)","5"
RCOMMENT,"Station_70","R060_Valves","Offload Empty Conveyor 4 Stop","SOLENOID(EmptyStop4,VB20_2_V[7],System.PowerAndAirOn,System.Zone1.Auto.Mode,System.Zone1.Cycle.Mode,System.Zone1.Manual.Mode,System.Reset,IB10_11[0].Input,IB10_11[1].Input,VB20_2_V[7].Home.InPositionTimer.PRE,VB20_2_V[7].Home.FaultTimer.PRE,VB20_2_V[7].Work.InPositionTimer.PRE,VB20_2_V[7].Work.FaultTimer.PRE,Global.SimulationEnabled)","6"
RCOMMENT,"Station_70","R060_Valves","Offload Empty Conveyor 4 Holdback","SOLENOID(EmptyHoldback4,VB20_2_V[8],System.PowerAndAirOn,System.Zone1.Auto.Mode,System.Zone1.Cycle.Mode,System.Zone1.Manual.Mode,System.Reset,IB10_11[4].Input,IB10_11[3].Input,VB20_2_V[8].Home.InPositionTimer.PRE,VB20_2_V[8].Home.FaultTimer.PRE,VB20_2_V[8].Work.InPositionTimer.PRE,VB20_2_V[8].Work.FaultTimer.PRE,Global.SimulationEnabled)","7"
RCOMMENT,"Station_70","R060_Valves","Offload Conveyor 1 Elevator","SOLENOID(Elevator1,VB20_3_V[1],System.PowerAndAirOn,System.Zone1.Auto.Mode,System.Zone1.Cycle.Mode,System.Zone1.Manual.Mode,System.Reset,IB10_9[3].Input,IB10_9[2].Input,VB20_3_V[1].Home.InPositionTimer.PRE,VB20_3_V[1].Home.FaultTimer.PRE,VB20_3_V[1].Work.InPositionTimer.PRE,VB20_3_V[1].Work.FaultTimer.PRE,Global.SimulationEnabled)","8"
RCOMMENT,"Station_70","R060_Valves","Offload Conveyor 1 Brake$N","OTU(Elevator1Brake.Faulted)","9"
RCOMMENT,"Station_70","R060_Valves","Offload Conveyor 1 Side Crowd A & B","SOLENOID(SideCrowd1,VB20_3_V[3],System.PowerAndAirOn,System.Zone1.Auto.Mode,System.Zone1.Cycle.Mode,System.Zone1.Manual.Mode,System.Reset,VB20_3_V[3].Home.Fbk,VB20_3_V[3].Work.Fbk,VB20_3_V[3].Home.InPositionTimer.PRE,VB20_3_V[3].Home.FaultTimer.PRE,VB20_3_V[3].Work.InPositionTimer.PRE,VB20_3_V[3].Work.FaultTimer.PRE,Global.SimulationEnabled)","10"
RCOMMENT,"Station_70","R060_Valves","Offload Conveyor 1 End Crowd A & B","SOLENOID(EndCrowd1,VB20_3_V[4],System.PowerAndAirOn,System.Zone1.Auto.Mode,System.Zone1.Cycle.Mode,System.Zone1.Manual.Mode,System.Reset,VB20_3_V[4].Home.Fbk,VB20_3_V[4].Work.Fbk,VB20_3_V[4].Home.InPositionTimer.PRE,VB20_3_V[4].Home.FaultTimer.PRE,VB20_3_V[4].Work.InPositionTimer.PRE,VB20_3_V[4].Work.FaultTimer.PRE,Global.SimulationEnabled)","11"
RCOMMENT,"Station_70","R060_Valves","Offload Conveyor 2 Elevator","SOLENOID(Elevator2,VB20_3_V[5],System.PowerAndAirOn,System.Zone1.Auto.Mode,System.Zone1.Cycle.Mode,System.Zone1.Manual.Mode,System.Reset,IB10_9[5].Input,IB10_9[4].Input,VB20_3_V[5].Home.InPositionTimer.PRE,VB20_3_V[5].Home.FaultTimer.PRE,VB20_3_V[5].Work.InPositionTimer.PRE,VB20_3_V[5].Work.FaultTimer.PRE,Global.SimulationEnabled)","12"
RCOMMENT,"Station_70","R060_Valves","Offload Conveyor 2 Brake$N","OTU(Elevator2Brake.Faulted)","13"
RCOMMENT,"Station_70","R060_Valves","Offload Conveyor 2 Side Crowd A & B","SOLENOID(SideCrowd2,VB20_3_V[7],System.PowerAndAirOn,System.Zone1.Auto.Mode,System.Zone1.Cycle.Mode,System.Zone1.Manual.Mode,System.Reset,VB20_3_V[7].Home.Fbk,VB20_3_V[7].Work.Fbk,VB20_3_V[7].Home.InPositionTimer.PRE,VB20_3_V[7].Home.FaultTimer.PRE,VB20_3_V[7].Work.InPositionTimer.PRE,VB20_3_V[7].Work.FaultTimer.PRE,Global.SimulationEnabled)","14"
RCOMMENT,"Station_70","R060_Valves","Offload Conveyor 2 End Crowd A & B","SOLENOID(EndCrowd2,VB20_3_V[8],System.PowerAndAirOn,System.Zone1.Auto.Mode,System.Zone1.Cycle.Mode,System.Zone1.Manual.Mode,System.Reset,VB20_3_V[8].Home.Fbk,VB20_3_V[8].Work.Fbk,VB20_3_V[8].Home.InPositionTimer.PRE,VB20_3_V[8].Home.FaultTimer.PRE,VB20_3_V[8].Work.InPositionTimer.PRE,VB20_3_V[8].Work.FaultTimer.PRE,Global.SimulationEnabled)","15"
RCOMMENT,"Station_70","R060_Valves","Offload Conveyor 3 Elevator","SOLENOID(Elevator3,VB20_4_V[1],System.PowerAndAirOn,System.Zone1.Auto.Mode,System.Zone1.Cycle.Mode,System.Zone1.Manual.Mode,System.Reset,IB10_12[3].Input,IB10_12[2].Input,VB20_4_V[1].Home.InPositionTimer.PRE,VB20_4_V[1].Home.FaultTimer.PRE,VB20_4_V[1].Work.InPositionTimer.PRE,VB20_4_V[1].Work.FaultTimer.PRE,Global.SimulationEnabled)","16"
RCOMMENT,"Station_70","R060_Valves","Offload Conveyor 3 Brake$N","OTU(Elevator3Brake.Faulted)","17"
RCOMMENT,"Station_70","R060_Valves","Offload Conveyor 3 Side Crowd A & B","SOLENOID(SideCrowd3,VB20_4_V[3],System.PowerAndAirOn,System.Zone1.Auto.Mode,System.Zone1.Cycle.Mode,System.Zone1.Manual.Mode,System.Reset,VB20_4_V[3].Home.Fbk,VB20_4_V[3].Work.Fbk,VB20_4_V[3].Home.InPositionTimer.PRE,VB20_4_V[3].Home.FaultTimer.PRE,VB20_4_V[3].Work.InPositionTimer.PRE,VB20_4_V[3].Work.FaultTimer.PRE,Global.SimulationEnabled)","18"
RCOMMENT,"Station_70","R060_Valves","Offload Conveyor 3 End Crowd A & B","SOLENOID(EndCrowd3,VB20_4_V[4],System.PowerAndAirOn,System.Zone1.Auto.Mode,System.Zone1.Cycle.Mode,System.Zone1.Manual.Mode,System.Reset,VB20_4_V[4].Home.Fbk,VB20_4_V[4].Work.Fbk,VB20_4_V[4].Home.InPositionTimer.PRE,VB20_4_V[4].Home.FaultTimer.PRE,VB20_4_V[4].Work.InPositionTimer.PRE,VB20_4_V[4].Work.FaultTimer.PRE,Global.SimulationEnabled)","19"
RCOMMENT,"Station_70","R060_Valves","Offload Conveyor 4 Elevator","SOLENOID(Elevator4,VB20_4_V[5],System.PowerAndAirOn,System.Zone1.Auto.Mode,System.Zone1.Cycle.Mode,System.Zone1.Manual.Mode,System.Reset,IB10_12[5].Input,IB10_12[4].Input,VB20_4_V[5].Home.InPositionTimer.PRE,VB20_4_V[5].Home.FaultTimer.PRE,VB20_4_V[5].Work.InPositionTimer.PRE,VB20_4_V[5].Work.FaultTimer.PRE,Global.SimulationEnabled)","20"
RCOMMENT,"Station_70","R060_Valves","Offload Conveyor 4 Brake$N","OTU(Elevator4Brake.Faulted)","21"
RCOMMENT,"Station_70","R060_Valves","Offload Conveyor 4 Side Crowd A & B","SOLENOID(SideCrowd4,VB20_4_V[7],System.PowerAndAirOn,System.Zone1.Auto.Mode,System.Zone1.Cycle.Mode,System.Zone1.Manual.Mode,System.Reset,VB20_4_V[7].Home.Fbk,VB20_4_V[7].Work.Fbk,VB20_4_V[7].Home.InPositionTimer.PRE,VB20_4_V[7].Home.FaultTimer.PRE,VB20_4_V[7].Work.InPositionTimer.PRE,VB20_4_V[7].Work.FaultTimer.PRE,Global.SimulationEnabled)","22"
RCOMMENT,"Station_70","R060_Valves","Offload Conveyor 4 End Crowd A & B","SOLENOID(EndCrowd4,VB20_4_V[8],System.PowerAndAirOn,System.Zone1.Auto.Mode,System.Zone1.Cycle.Mode,System.Zone1.Manual.Mode,System.Reset,VB20_4_V[8].Home.Fbk,VB20_4_V[8].Work.Fbk,VB20_4_V[8].Home.InPositionTimer.PRE,VB20_4_V[8].Home.FaultTimer.PRE,VB20_4_V[8].Work.InPositionTimer.PRE,VB20_4_V[8].Work.FaultTimer.PRE,Global.SimulationEnabled)","23"
RCOMMENT,"Station_70","R061_Vacuum","Vacuum Pick Row 1","OTE(VAC10_865.dcm[0].Request)","6"
RCOMMENT,"Station_70","R061_Vacuum","Vacuum Pick Row 1","OTE(VacuumLevelOk.0)","7"
RCOMMENT,"Station_70","R061_Vacuum","Vacuum Pick Row 2","OTE(VAC10_865.dcm[1].Request)","8"
RCOMMENT,"Station_70","R061_Vacuum","Vacuum Pick Row 2","OTE(VacuumLevelOk.1)","9"
RCOMMENT,"Station_70","R061_Vacuum","Vacuum Pick Row 3","OTE(VAC10_865.dcm[2].Request)","10"
RCOMMENT,"Station_70","R061_Vacuum","Vacuum Pick Row 3","OTE(VacuumLevelOk.2)","11"
RCOMMENT,"Station_70","R061_Vacuum","********************************************************$NReturn from Subroutine$N********************************************************","RET()","12"
RCOMMENT,"Station_70","R070_Staubli_Commands","**************************************************$NMisc Commands$N**************************************************","NOP()","0"
RCOMMENT,"Station_70","R070_Staubli_Commands","TOOLING COMMANDS$N","NOP()","8"
RCOMMENT,"Station_70","R070_Staubli_Handshakes","**************************************************$NOK to Enter Zones$N**************************************************$N","NOP()","0"
RCOMMENT,"Station_70","R070_Staubli_Handshakes","Clear Home Request","OTU(Hmi_Robot_Home_Request.Latch)","13"
RCOMMENT,"Station_70","R070_Staubli_Handshakes","PICK CONVEYOR$N $N","NOP()","14"
RCOMMENT,"Station_70","R070_Staubli_Handshakes","PLACE NEST 1$N $N","NOP()","19"
RCOMMENT,"Station_70","R070_Staubli_Handshakes","PLACE NEST 2$N $N","NOP()","22"
RCOMMENT,"Station_70","R070_Staubli_Handshakes","PLACE NEST 3$N $N","NOP()","25"
RCOMMENT,"Station_70","R070_Staubli_Handshakes","PLACE NEST 4$N $N","NOP()","28"
RCOMMENT,"Station_70","R070_Staubli_Handshakes","PICK NEST 1$N $N","NOP()","31"
RCOMMENT,"Station_70","R070_Staubli_Handshakes","PICK NEST 2$N $N","NOP()","34"
RCOMMENT,"Station_70","R070_Staubli_Handshakes","PICK NEST 3$N $N","NOP()","37"
RCOMMENT,"Station_70","R070_Staubli_Handshakes","PICK NEST 4$N $N","NOP()","40"
RCOMMENT,"Station_70","R070_Staubli_Handshakes","PLACE BOX 1$N $N","NOP()","43"
RCOMMENT,"Station_70","R070_Staubli_Handshakes","Assumption Rung$N","OTU(RBT10_755.Memory[0].24)","47"
RCOMMENT,"Station_70","R070_Staubli_Handshakes","PLACE BOX 2$N $N","NOP()","48"
RCOMMENT,"Station_70","R070_Staubli_Handshakes","Assumption Rung$N","OTU(RBT10_755.Memory[0].25)","52"
RCOMMENT,"Station_70","R070_Staubli_Handshakes","PLACE BOX 3$N $N","NOP()","53"
RCOMMENT,"Station_70","R070_Staubli_Handshakes","Assumption Rung$N","OTU(RBT10_755.Memory[0].26)","57"
RCOMMENT,"Station_70","R070_Staubli_Handshakes","PLACE BOX 4$N $N","NOP()","58"
RCOMMENT,"Station_70","R070_Staubli_Handshakes","Assumption Rung$N","OTU(RBT10_755.Memory[0].27)","62"
RCOMMENT,"Station_70","R070_Staubli_Handshakes","REJECT$N $N","NOP()","63"
RCOMMENT,"Station_70","R070_Staubli_Handshakes","REJECT BOX$N $N","NOP()","66"
RCOMMENT,"Station_70","R070_Staubli_PrgCalls","Abort Cycle$N","OTE(RBT10_755.o.CmdCntrl.AbortCycle)","0"
RCOMMENT,"Station_70","R070_Staubli_PrgCalls","Pause Cycle$N","OTE(RobotCmd.28)","2"
RCOMMENT,"Station_70","R070_Staubli_PrgCalls","Resume Cycle$N","OTE(RobotCmd.29)","3"
RCOMMENT,"Station_70","R070_Staubli_PrgCalls","**************************************************$NRobot Commands$N**************************************************","NOP()","4"
RCOMMENT,"Station_70","R070_Staubli_PrgCalls","Call Home","MOV(1,RBT10_755.o.CmdReq)","5"
RCOMMENT,"Station_70","R070_Staubli_PrgCalls","Call Pick Conveyor$N","MOV(10,RBT10_755.o.CmdReq)","6"
RCOMMENT,"Station_70","R070_Staubli_PrgCalls","Call Place Nest 1$N","MOV(20,RBT10_755.o.CmdReq)","10"
RCOMMENT,"Station_70","R070_Staubli_PrgCalls","Call Place Nest 2$N","MOV(21,RBT10_755.o.CmdReq)","11"
RCOMMENT,"Station_70","R070_Staubli_PrgCalls","For INT Modules from Mold 2 Only","OTE(PlaceNest4)","12"
RCOMMENT,"Station_70","R070_Staubli_PrgCalls","Call Place Nest 3$N","MOV(22,RBT10_755.o.CmdReq)","13"
RCOMMENT,"Station_70","R070_Staubli_PrgCalls","Call Place Nest 4$N","MOV(23,RBT10_755.o.CmdReq)","14"
RCOMMENT,"Station_70","R070_Staubli_PrgCalls","Call Pick Nest 1$N","MOV(30,RBT10_755.o.CmdReq)","15"
RCOMMENT,"Station_70","R070_Staubli_PrgCalls","Call Pick Nest 2$N","MOV(31,RBT10_755.o.CmdReq)","16"
RCOMMENT,"Station_70","R070_Staubli_PrgCalls","Call Pick Nest 3$N","MOV(32,RBT10_755.o.CmdReq)","17"
RCOMMENT,"Station_70","R070_Staubli_PrgCalls","Call Pick Nest 4$N","MOV(33,RBT10_755.o.CmdReq)","18"
RCOMMENT,"Station_70","R070_Staubli_PrgCalls","Call Place Box 1$N","MOV(40,RBT10_755.o.CmdReq)","19"
RCOMMENT,"Station_70","R070_Staubli_PrgCalls","Call Place Box 2$N","MOV(50,RBT10_755.o.CmdReq)","20"
RCOMMENT,"Station_70","R070_Staubli_PrgCalls","Call Place Box 3$N","MOV(60,RBT10_755.o.CmdReq)","21"
RCOMMENT,"Station_70","R070_Staubli_PrgCalls","Call Place Box 4$N","MOV(70,RBT10_755.o.CmdReq)","22"
RCOMMENT,"Station_70","R070_Staubli_PrgCalls","Call Reject","MOV(90,RBT10_755.o.CmdReq)","23"
RCOMMENT,"Station_70","R070_Staubli_PrgCalls","Call Reject Box$N(In between conveyors)","MOV(91,RBT10_755.o.CmdReq)","24"
RCOMMENT,"Station_70","R070_Staubli_PrgCalls","Call Maintenance","MOV(100,RBT10_755.o.CmdReq)","25"
RCOMMENT,"Station_70","R070_Staubli_PrgCalls","Mold 1 Type to Robot$Nfor Box 1 & 2 Programs","MOV(4,Mold1Type)","27"
RCOMMENT,"Station_70","R070_Staubli_PrgCalls","Mold 1 Type to Robot$Nfor Box 1 & 2 Programs","MOV(4,Mold2Type)","28"
RCOMMENT,"Station_70","R070_Staubli_PrgCalls","Send Robot Command","OTE(RBT10_755.o.CmdCntrl.ExecuteReq)","30"
RCOMMENT,"Station_70","R070_Staubli_Status","Box 1 Full$N","OTE(RBT10_755.Memory[0].15)","22"
RCOMMENT,"Station_70","R070_Staubli_Status","Box 2 Full$N","OTE(RBT10_755.Memory[0].16)","23"
RCOMMENT,"Station_70","R070_Staubli_Status","Box 3 Full$N","OTE(RBT10_755.Memory[0].17)","24"
RCOMMENT,"Station_70","R070_Staubli_Status","Box 4 Full$N","OTE(RBT10_755.Memory[0].18)","25"
RCOMMENT,"Station_70","R070_Staubli_Status","Monitor Nest while not in cycle. If parts are on nest too long, clear nest with Robot.","OTL(Nest1_Needs_Cleared)","34"
RCOMMENT,"Station_70","R070_Staubli_Status","Monitor Nest while not in cycle. If parts are on nest too long, clear nest with Robot.","OTL(Nest2_Needs_Cleared)","36"
RCOMMENT,"Station_70","R070_Staubli_Status","Monitor Nest while not in cycle. If parts are on nest too long, clear nest with Robot.","OTL(Nest3_Needs_Cleared)","38"
RCOMMENT,"Station_70","R070_Staubli_Status","Monitor Nest while not in cycle. If parts are on nest too long, clear nest with Robot.","OTL(Nest4_Needs_Cleared)","40"
RCOMMENT,"Station_70","R080_Motors","OFFLOAD CONVEYOR MOTOR CONTROL$N","NOP()","0"
RCOMMENT,"Station_70","R080_Motors","Conveyor Infeed (Empty Box) 1 Motor Control","OTE(O10_420_16[5].Command)","1"
RCOMMENT,"Station_70","R080_Motors","Conveyor Elevator 1 Motor Control","OTE(O10_420_19[6].Command)","2"
RCOMMENT,"Station_70","R080_Motors","Conveyor Outfeed (Full Box) 1 Motor Control","OTE(O10_420_18[1].Command)","3"
RCOMMENT,"Station_70","R080_Motors","Conveyor Infeed (Empty Box) 2 Motor Control","OTE(O10_420_17[0].Command)","5"
RCOMMENT,"Station_70","R080_Motors","Conveyor Elevator 2 Motor Control","OTE(O10_420_20[0].Command)","6"
RCOMMENT,"Station_70","R080_Motors","Conveyor Outfeed (Full Box) 2 Motor Control","OTE(O10_420_18[4].Command)","10"
RCOMMENT,"Station_70","R080_Motors","Conveyor Infeed (Empty Box) 3 Motor Control","OTE(O10_420_17[3].Command)","12"
RCOMMENT,"Station_70","R080_Motors","Conveyor Elevator 3 Motor Control","OTE(O10_420_20[4].Command)","13"
RCOMMENT,"Station_70","R080_Motors","Conveyor Outfeed (Full Box) 3 Motor Control","OTE(O10_420_18[7].Command)","14"
RCOMMENT,"Station_70","R080_Motors","Conveyor Infeed (Empty Box) 4 Motor Control","OTE(O10_420_17[6].Command)","16"
RCOMMENT,"Station_70","R080_Motors","Conveyor Elevator 4 Motor Control","OTE(O10_420_20[6].Command)","17"
RCOMMENT,"Station_70","R080_Motors","Conveyor Outfeed (Full Box) 4 Motor Control","OTE(O10_420_19[2].Command)","18"
RCOMMENT,"Station_70","R090_Outputs","PLC to Robot","CPS(RBT10_755.o.ProgParam[0],RBT10_755:O.Data[13],17)","0"
RCOMMENT,"Station_70","R090_Outputs","PIO10.420/480     1734-OB8 Pio Module Slot 16 IO Mapping","NOP()","1"
RCOMMENT,"Station_70","R090_Outputs","PIO10.420 / 480      1734-OB8 Pio Module  Mapping","NOP()","6"
RCOMMENT,"Station_70","R090_Outputs","PIO10.420  / 480     1734-OB8 Pio Module Slot  IO Mapping","NOP()","17"
RCOMMENT,"Station_70","R090_Outputs","PIO10.420   / 480    1734-OB8 Pio Module Slot  IO Mapping","NOP()","29"
RCOMMENT,"Station_70","R090_Outputs","PIO10.420   / 480   1734-OB8 Pio Module Slot  IO Mapping","NOP()","41"
RCOMMENT,"Station_70","R090_Outputs","PIO10.420   / 480   1734-OB8 Pio Module Slot  IO Mapping","NOP()","52"
RCOMMENT,"Station_70","R090_Outputs","PIO10.460     1734-OB8 Pio Module Slot 4 IO Mapping","NOP()","55"
RCOMMENT,"Station_70","R090_Outputs","------------------------------------------------------------$NFIVE COLOR BANNER LED LIGHTS$N------------------------------------------------------------$NColor 1 = White (Input 1 ON), Color 2 = Green (Input 2 ON), Color 3 = Red (Input 3 ON)$NColor 4 = Yel","MOV(\System.Light_Color,\System.Last_Color[5])","62"
RCOMMENT,"Station_70","R090_Outputs","------------------------------------------------------------$NVB20.2$N------------------------------------------------------------","NOP()","63"
RCOMMENT,"Station_70","R090_Outputs","Empty Stop 1$N","OTU(VB20_2:O.OutputArea[0].1)","64"
RCOMMENT,"Station_70","R090_Outputs","Empty Holdback 1$N","OTU(VB20_2:O.OutputArea[0].2)","65"
RCOMMENT,"Station_70","R090_Outputs","Empty Stop 2$N","OTU(VB20_2:O.OutputArea[0].5)","66"
RCOMMENT,"Station_70","R090_Outputs","Empty Holdback 2$N","OTU(VB20_2:O.OutputArea[0].6)","67"
RCOMMENT,"Station_70","R090_Outputs","Empty Stop 3$N","OTU(VB20_2:O.OutputArea[0].9)","68"
RCOMMENT,"Station_70","R090_Outputs","Empty Holdback 3$N","OTU(VB20_2:O.OutputArea[0].10)","69"
RCOMMENT,"Station_70","R090_Outputs","Empty Stop 4$N","OTU(VB20_2:O.OutputArea[0].13)","70"
RCOMMENT,"Station_70","R090_Outputs","Empty Holdback 4$N","OTU(VB20_2:O.OutputArea[0].14)","71"
RCOMMENT,"Station_70","R090_Outputs","------------------------------------------------------------$NVB20.3$N------------------------------------------------------------","NOP()","72"
RCOMMENT,"Station_70","R090_Outputs","Elevator Lift 1","OTU(VB20_3:O.OutputArea[0].1)","73"
RCOMMENT,"Station_70","R090_Outputs","Elevator 1 Brake","OTU(VB20_3:O.OutputArea[0].3)","74"
RCOMMENT,"Station_70","R090_Outputs","Side Crowd 1A & 1B","OTU(VB20_3:O.OutputArea[0].5)","75"
RCOMMENT,"Station_70","R090_Outputs","End Crowd 1A & 1B","OTU(VB20_3:O.OutputArea[0].7)","76"
RCOMMENT,"Station_70","R090_Outputs","Elevator Lift 2","OTU(VB20_3:O.OutputArea[0].9)","77"
RCOMMENT,"Station_70","R090_Outputs","Elevator 2 Brake","OTU(VB20_3:O.OutputArea[0].11)","78"
RCOMMENT,"Station_70","R090_Outputs","Side Crowd 2A & 2B","OTU(VB20_3:O.OutputArea[0].13)","79"
RCOMMENT,"Station_70","R090_Outputs","END Crowd 2A & 2B","OTU(VB20_3:O.OutputArea[0].15)","80"
RCOMMENT,"Station_70","R090_Outputs","------------------------------------------------------------$NVB20.4$N------------------------------------------------------------","NOP()","81"
RCOMMENT,"Station_70","R090_Outputs","Elevator Lift 3","OTU(VB20_4:O.OutputArea[0].1)","82"
RCOMMENT,"Station_70","R090_Outputs","Elevator 3 Brake","OTU(VB20_4:O.OutputArea[0].3)","83"
RCOMMENT,"Station_70","R090_Outputs","Side Crowd 3A & 3B","OTU(VB20_4:O.OutputArea[0].5)","84"
RCOMMENT,"Station_70","R090_Outputs","End Crowd 3A & 3B","OTU(VB20_4:O.OutputArea[0].7)","85"
RCOMMENT,"Station_70","R090_Outputs","Elevator Lift 4","OTU(VB20_4:O.OutputArea[0].9)","86"
RCOMMENT,"Station_70","R090_Outputs","Elevator 4 Brake","OTU(VB20_4:O.OutputArea[0].11)","87"
RCOMMENT,"Station_70","R090_Outputs","Side Crowd 4A & 4B","OTU(VB20_4:O.OutputArea[0].13)","88"
RCOMMENT,"Station_70","R090_Outputs","END Crowd 4A & 4B","OTU(VB20_4:O.OutputArea[0].15)","89"
RCOMMENT,"Station_70","R100_Data","Info Only$N","NOP()","0"
RCOMMENT,"Station_70","R100_PalletDataReadyToStart","Reay to Start Permissives","NOP()","0"
RCOMMENT,"Station_70","R100_PalletDataReadyToStart","Clear Unused Visibility","OTU(PalletData_Sequence.ReadyToStart.Visibility.31)","3"
RCOMMENT,"Station_70","R100_PalletDataReadyToStart","Set Unused Ready Bits","OTE(PalletData_Sequence.ReadyToStart.Ready.31)","4"
TEXTBOX,"Station_70","R100_PalletData_Sequence","Set Station Process Complete $R$N(Triggers MagneMotion Process $R$NComplete)","","100:1340"
TEXTBOX,"Station_70","R100_PalletData_Sequence","Check Station Status (Not $R$NCopied, Copied (Process not $R$NFinished) or Copied and $R$NFinished Process)","","120:280"
TEXTBOX,"Station_70","R100_PalletData_Sequence","OK to Work $R$Non Part or $R$NNot OK to $R$NWork on $R$NPart","","200:680"
TEXTBOX,"Station_70","R100_PalletData_Sequence","Wait for $R$NProcess $R$NComplete","","200:880"
TEXTBOX,"Station_70","R100_PalletData_Sequence","Copy Pallet $R$NData to $R$NLocal $R$NStation","","200:480"
TEXTBOX,"Station_70","R100_PalletData_Sequence","Initialize","","200:120"
TEXTBOX,"Station_70","R100_PalletData_Sequence","Sequence $R$NComplete","","200:1520"
TEXTBOX,"Station_70","R100_PalletData_Sequence","Copy Local $R$NData to $R$NPallet","","200:1140"
RCOMMENT,"Station_70","R100_PalletData_Seq_Transitions","Single Step Mode","OTE(PalletData_Sequence.SingleStep.Mode.Interlock)","0"
RCOMMENT,"Station_70","R100_PalletData_Seq_Transitions","INITIAL STEP","OTU(PalletData_Sequence.SingleStep.Pulse)","7"
RCOMMENT,"Station_70","R100_PalletData_Seq_Transitions","INITILIZE / CLEAR BUFFERS$NCHECK STATION STATUS (NOT COPIED, COPIED (PROCESS NOT FINISHED) OR COPIED AND FINISHED PROCESS)$N","OTU(PalletData_Sequence.SingleStep.Pulse)","8"
RCOMMENT,"Station_70","R100_PalletData_Seq_Transitions","COPY PALLET DATA TO LOCAL STATION","OTU(PalletData_Sequence.SingleStep.Pulse)","9"
RCOMMENT,"Station_70","R100_PalletData_Seq_Transitions","OK TO WORK ON PART OR NOT OK TO WORK ON PART","OTU(PalletData_Sequence.SingleStep.Pulse)","10"
RCOMMENT,"Station_70","R100_PalletData_Seq_Transitions","WAIT FOR PROCESS COMPLETE$N","OTU(PalletData_Sequence.SingleStep.Pulse)","11"
RCOMMENT,"Station_70","R100_PalletData_Seq_Transitions","COPY LOCAL DATA TO PALLET$N","OTU(PalletData_Sequence.SingleStep.Pulse)","13"
RCOMMENT,"Station_70","R100_PalletData_Seq_Transitions","SET STATION PROCESS COMPLETE$N(TRIGGERS MAGNEMOTION PROCESS COMPLETE)$N","OTU(PalletData_Sequence.SingleStep.Pulse)","14"
RCOMMENT,"Station_70","R100_PalletData_Seq_Transitions","SEQUENCE COMPLETE$N","OTU(PalletData_Sequence.SingleStep.Pulse)","15"
RCOMMENT,"Station_70","R100_PalletData_Seq_Transitions","Calculate Sequence Cycle TIme","DIV(PalletData_Sequence.CycleTimer.ACC,1000,PalletData_Sequence.CurrentCycleTime_Sec)","16"
RCOMMENT,"Station_70","R100_PalletData_Seq_Transitions","Sequence Overtime","OTE(PalletData_Sequence.Overtime)","17"
RCOMMENT,"Station_70","R100_PalletData_Seq_Transitions","Sequence Busy Status","OTE(PalletData_Sequence.Busy)","18"
TYPE,SCOPE,ROUTINE,COMMENT,OWNING_ELEMENT,LOCATION
RCOMMENT,"System","R001_EnetStatus","LVE-1 PIO Entry Status","OTE(Module.PIO10_420.Running)","0"
RCOMMENT,"System","R001_EnetStatus","LVE-2 PIO Entry Status","OTE(Module.PIO10_440.Running)","2"
RCOMMENT,"System","R001_EnetStatus","LVE-3 PIO Entry Status","OTE(Module.PIO10_460.Running)","3"
RCOMMENT,"System","R001_EnetStatus","LVE-3 PIO Entry Status","OTE(Module.ENET10_490.Running)","4"
RCOMMENT,"System","R001_EnetStatus","Mold 1 Enclosure PIO Entry Status","OTE(Module.PIO11_420.Running)","5"
RCOMMENT,"System","R001_EnetStatus","Mold 2 Enclosure PIO Entry Status","OTE(Module.PIO12_420.Running)","6"
RCOMMENT,"System","R001_EnetStatus","IB10.1 Entry Status$N","OTE(Module.IB10_1.Running)","7"
RCOMMENT,"System","R001_EnetStatus","IB10.2 Entry Status","OTE(Module.IB10_2.Running)","8"
RCOMMENT,"System","R001_EnetStatus","IB10.3 Entry Status","OTE(Module.IB10_3.Running)","9"
RCOMMENT,"System","R001_EnetStatus","IB10.4 Entry Status","OTE(Module.IB10_4.Running)","10"
RCOMMENT,"System","R001_EnetStatus","IB10.5 Entry Status$N","OTE(Module.IB10_5.Running)","11"
RCOMMENT,"System","R001_EnetStatus","IB10.7 Entry Status","OTE(Module.IB10_7.Running)","12"
RCOMMENT,"System","R001_EnetStatus","IB10.8 Entry Status","OTE(Module.IB10_8.Running)","13"
RCOMMENT,"System","R001_EnetStatus","IB10.9 Entry Status","OTE(Module.IB10_9.Running)","14"
RCOMMENT,"System","R001_EnetStatus","IB10.10 Entry Status","OTE(Module.IB10_10.Running)","15"
RCOMMENT,"System","R001_EnetStatus","IB10.11 Entry Status","OTE(Module.IB10_11.Running)","16"
RCOMMENT,"System","R001_EnetStatus","IB10.12 Entry Status","OTE(Module.IB10_12.Running)","17"
RCOMMENT,"System","R001_EnetStatus","IB10.13 Entry Status","OTE(Module.IB10_13.Running)","18"
RCOMMENT,"System","R001_EnetStatus","IB10.14 Entry Status","OTE(Module.IB10_14.Running)","19"
RCOMMENT,"System","R001_EnetStatus","IB10.15 Entry Status","OTE(Module.IB10_15.Running)","20"
RCOMMENT,"System","R001_EnetStatus","IB10.16 Entry Status","OTE(Module.IB10_16.Running)","21"
RCOMMENT,"System","R001_EnetStatus","IB10.17 Entry Status","OTE(Module.IB10_17.Running)","22"
RCOMMENT,"System","R001_EnetStatus","IB10.17 Entry Status","OTE(Module.IB10_18.Running)","23"
RCOMMENT,"System","R001_EnetStatus","IB10.17 Entry Status","OTE(Module.IB10_19.Running)","24"
RCOMMENT,"System","R001_EnetStatus","IB10.17 Entry Status","OTE(Module.IB10_20.Running)","25"
RCOMMENT,"System","R001_EnetStatus","IB10.17 Entry Status","OTE(Module.IB10_21.Running)","26"
RCOMMENT,"System","R001_EnetStatus","IB10.17 Entry Status","OTE(Module.IB10_22.Running)","27"
RCOMMENT,"System","R001_EnetStatus","IB10.17 Entry Status","OTE(Module.IB10_23.Running)","28"
RCOMMENT,"System","R001_EnetStatus","VB20.1 Entry Status","OTE(Module.VB20_1.Running)","29"
RCOMMENT,"System","R001_EnetStatus","VB20.2 Entry Status","OTE(Module.VB20_2.Running)","30"
RCOMMENT,"System","R001_EnetStatus","VB20.3 Entry Status","OTE(Module.VB20_3.Running)","31"
RCOMMENT,"System","R001_EnetStatus","VB20.4 Entry Status","OTE(Module.VB20_4.Running)","32"
RCOMMENT,"System","R001_EnetStatus","VB20.5 Entry Status","OTE(Module.VB20_5.Running)","33"
RCOMMENT,"System","R001_EnetStatus","VB20.5 Entry Status","OTE(Module.VB20_6.Running)","34"
RCOMMENT,"System","R001_EnetStatus","VB20.5 Entry Status","OTE(Module.VB20_7.Running)","35"
RCOMMENT,"System","R001_EnetStatus","VB21.1 Entry Status","OTE(Module.VB21_1.Running)","36"
RCOMMENT,"System","R001_EnetStatus","VB21.1 Entry Status","OTE(Module.VB21_2.Running)","37"
RCOMMENT,"System","R001_EnetStatus","VB22.1 Entry Status","OTE(Module.VB22_1.Running)","38"
RCOMMENT,"System","R001_EnetStatus","VB22.1 Entry Status","OTE(Module.VB22_2.Running)","39"
RCOMMENT,"System","R001_EnetStatus","DRV10_712 Status","OTE(Module.DRV10_712.Running)","40"
RCOMMENT,"System","R001_EnetStatus","DRV11_700 Status","OTE(Module.DRV11_700.Running)","41"
RCOMMENT,"System","R001_EnetStatus","DRV11_701 Status","OTE(Module.DRV11_701.Running)","42"
RCOMMENT,"System","R001_EnetStatus","DRV12_700 Status","OTE(Module.DRV12_700.Running)","43"
RCOMMENT,"System","R001_EnetStatus","DRV12_701 Status","OTE(Module.DRV12_701.Running)","44"
RCOMMENT,"System","R001_EnetStatus","Pin Load Robot Status","OTE(RBT10_750.CommsOk)","45"
RCOMMENT,"System","R001_EnetStatus","OffLoad Robot Status","OTE(RBT10_755.CommsOk)","46"
RCOMMENT,"System","R001_EnetStatus","Mold Tend 1 Robot Status","OTE(RBT10_760.CommsOk)","47"
RCOMMENT,"System","R001_EnetStatus","Mold Tend 2 Robot Status","OTE(RBT10_765.CommsOk)","48"
RCOMMENT,"System","R001_EnetStatus","Camera System","OTE(Module.CameraSystem.Running)","49"
RCOMMENT,"System","R001_EnetStatus","Roller Vacuum","OTE(Module.VAC10_860.Running)","50"
RCOMMENT,"System","R001_EnetStatus","Offload Vacuum","OTE(Module.VAC10_865.Running)","51"
RCOMMENT,"System","R001_EnetStatus","********************************************************$NReturn from Subroutine$N********************************************************","RET()","52"
RCOMMENT,"System","R002_ModuleStatus","****************************************************************************$NLow Voltage Enclosure 1 Point I/O Card Health Monitoring$N****************************************************************************","NOP()","0"
RCOMMENT,"System","R002_ModuleStatus","****************************************************************************$NLow Voltage Enclosure 2 Point I/O Card Health Monitoring$N****************************************************************************","NOP()","35"
RCOMMENT,"System","R002_ModuleStatus","****************************************************************************$NLow Voltage Enclosure 3 Point I/O Card Health Monitoring$N****************************************************************************","NOP()","43"
RCOMMENT,"System","R002_ModuleStatus","****************************************************************************$NMold 1 Enclosure Point I/O Card Health Monitoring$N****************************************************************************","NOP()","54"
RCOMMENT,"System","R002_ModuleStatus","****************************************************************************$NMold 2 Enclosure Point I/O Card Health Monitoring$N****************************************************************************","NOP()","66"
RCOMMENT,"System","R003_Generality","**********************************************************************$NSetup First Scan$NBit for Global Use$N**********************************************************************","OTE(Global.FirstScan)","2"
RCOMMENT,"System","R003_Generality","**********************************************************************$NSetup Always On$NBit for Global Use$N**********************************************************************","OTL(Global.AlwaysOn)","3"
RCOMMENT,"System","R003_Generality","**********************************************************************$NSetup Always Off$NBit for Global Use$N**********************************************************************","OTU(Global.AlwaysOff)","4"
RCOMMENT,"System","R003_Generality","**********************************************************************$NSetup Always Zero$NDINT for Global Use$N**********************************************************************","MOV(0,Global.AlwaysZero)","5"
RCOMMENT,"System","R003_Generality","**********************************************************************$NRetrive Date and Time$Nfor Global Use$N**********************************************************************","MOV(Global.DATETIME[6],PLC.DateTime.Microsecond)","6"
RCOMMENT,"System","R003_Generality","**********************************************************************$NLamp Flash$N for Global Use$N**********************************************************************","OTE(System.FlasherBit)","10"
RCOMMENT,"System","R003_Generality","**********************************************************************$NHeartbeat Signal$Nfor Ignition$N**********************************************************************","OTU(Ignition.Local.Heartbeat)","11"
RCOMMENT,"System","R003_Generality","********************************************************$NReturn from Subroutine$N********************************************************","RET()","12"
RCOMMENT,"System","R003_Zone1_GuardDoors","**********************************************************************************************************************************************$NZone 1 Guard Doors$N**********************************************************************************************************************************************","NOP()","1"
RCOMMENT,"System","R003_Zone1_GuardDoors","**********************************************************************************************************************************************$NGuard Doors Lock All Request$N(Manual Mode Only)$N**********************************************************************************************************************************************","TON(Guards.Zone1.tmrLockReq,?,?)","9"
RCOMMENT,"System","R003_Zone1_GuardDoors","**********************************************************************************************************************************************$NGuard Doors UnLock Request$N(Not In Cycle)$N**********************************************************************************************************************************************","TON(Guards.Zone1.RequestEntry_Timer,?,?)","10"
RCOMMENT,"System","R003_Zone1_GuardDoors","**********************************************************************************************************************************************$NGuard Doors Entry Request$N(In Cycle)$N**********************************************************************************************************************************************","OTL(Door_UnLock_Req_Lt[3])","11"
RCOMMENT,"System","R003_Zone1_GuardDoors","**********************************************************************************************************************************************$NDoor Lock/Unlock Control$N**********************************************************************************************************************************************","NOP()","13"
RCOMMENT,"System","R003_Zone1_GuardDoors","**********************************************************************************************************************************************$NGuard Door #1$NDS10.300.1 Fortress Door Lock$N**********************************************************************************************************************************************","NOP()","14"
RCOMMENT,"System","R003_Zone1_GuardDoors","Unlock Request","OTE(Guards.Zone1.Door[1].UnlockReq)","15"
RCOMMENT,"System","R003_Zone1_GuardDoors","Lock Request","OTE(Guards.Zone1.Door[1].LockReq)","16"
RCOMMENT,"System","R003_Zone1_GuardDoors","Lock Solenoid$N","OTE(Guards.Zone1.Door[1].ClosedLocked)","17"
RCOMMENT,"System","R003_Zone1_GuardDoors","Status","MOV(2,Guards.Zone1.Door[1].Status)","18"
RCOMMENT,"System","R003_Zone1_GuardDoors","Ready to Unlock","OTE(Guards.Zone1.Door[1].ReadyToUnlock)","19"
RCOMMENT,"System","R003_Zone1_GuardDoors","**********************************************************************************************************************************************$NGuard Door #2$NDS10.300.26 Fortress Door Lock$N**********************************************************************************************************************************************","NOP()","21"
RCOMMENT,"System","R003_Zone1_GuardDoors","Unlock Request","OTE(Guards.Zone1.Door[2].UnlockReq)","22"
RCOMMENT,"System","R003_Zone1_GuardDoors","Lock Request","OTE(Guards.Zone1.Door[2].LockReq)","23"
RCOMMENT,"System","R003_Zone1_GuardDoors","Lock Solenoid$N","OTE(Guards.Zone1.Door[2].ClosedLocked)","24"
RCOMMENT,"System","R003_Zone1_GuardDoors","Status","MOV(2,Guards.Zone1.Door[2].Status)","25"
RCOMMENT,"System","R003_Zone1_GuardDoors","Ready to Unlock","OTE(Guards.Zone1.Door[2].ReadyToUnlock)","26"
RCOMMENT,"System","R003_Zone1_GuardDoors","**********************************************************************************************************************************************$NGuard Door #3$NDS10.301.1 Fortress Door Lock$N**********************************************************************************************************************************************","NOP()","28"
RCOMMENT,"System","R003_Zone1_GuardDoors","Unlock Request","OTE(Guards.Zone1.Door[3].UnlockReq)","29"
RCOMMENT,"System","R003_Zone1_GuardDoors","Lock Request","OTE(Guards.Zone1.Door[3].LockReq)","30"
RCOMMENT,"System","R003_Zone1_GuardDoors","Lock Solenoid$N","OTE(Guards.Zone1.Door[3].ClosedLocked)","31"
RCOMMENT,"System","R003_Zone1_GuardDoors","Status","MOV(2,Guards.Zone1.Door[3].Status)","32"
RCOMMENT,"System","R003_Zone1_GuardDoors","Ready to Unlock","OTE(Guards.Zone1.Door[3].ReadyToUnlock)","33"
RCOMMENT,"System","R003_Zone1_GuardDoors","********************************************************$NReturn from Subroutine$N********************************************************","RET()","35"
RCOMMENT,"System","R003_Zone2_GuardDoors","**********************************************************************************************************************************************$NZone 2 Guard Doors$N**********************************************************************************************************************************************","NOP()","1"
RCOMMENT,"System","R003_Zone2_GuardDoors","**********************************************************************************************************************************************$NGuard Doors Lock All Request$N(Manual Mode Only)$N**********************************************************************************************************************************************","TON(Guards.Zone2.tmrLockReq,?,?)","7"
RCOMMENT,"System","R003_Zone2_GuardDoors","**********************************************************************************************************************************************$NGuard Doors UnLock Request$N(Not In Cycle)$N**********************************************************************************************************************************************","TON(Guards.Zone2.RequestEntry_Timer,?,?)","8"
RCOMMENT,"System","R003_Zone2_GuardDoors","**********************************************************************************************************************************************$NGuard Doors Entry Request$N(In Cycle)$N**********************************************************************************************************************************************","OTE(Guards.Zone2.RequestEntry.Enabled)","9"
RCOMMENT,"System","R003_Zone2_GuardDoors","**********************************************************************************************************************************************$NDoor Lock/Unlock Control$N**********************************************************************************************************************************************","NOP()","10"
RCOMMENT,"System","R003_Zone2_GuardDoors","**********************************************************************************************************************************************$NGuard Door #1$NDS10.300.1 Fortress Door Lock$N**********************************************************************************************************************************************","NOP()","11"
RCOMMENT,"System","R003_Zone2_GuardDoors","Unlock Request","OTE(Guards.Zone2.Door[1].UnlockReq)","12"
RCOMMENT,"System","R003_Zone2_GuardDoors","Lock Request","OTE(Guards.Zone2.Door[1].LockReq)","13"
RCOMMENT,"System","R003_Zone2_GuardDoors","Lock Solenoid$N","OTE(Guards.Zone2.Door[1].ClosedLocked)","14"
RCOMMENT,"System","R003_Zone2_GuardDoors","Status","MOV(2,Guards.Zone2.Door[1].Status)","15"
RCOMMENT,"System","R003_Zone2_GuardDoors","Ready to Unlock","OTE(Guards.Zone2.Door[1].ReadyToUnlock)","16"
RCOMMENT,"System","R003_Zone2_GuardDoors","********************************************************$NReturn from Subroutine$N********************************************************","RET()","18"
RCOMMENT,"System","R003_Zone3_GuardDoors","**********************************************************************************************************************************************$NZone 3 Guard Doors$N**********************************************************************************************************************************************","NOP()","1"
RCOMMENT,"System","R003_Zone3_GuardDoors","**********************************************************************************************************************************************$NGuard Doors Lock All Request$N(Manual Mode Only)$N**********************************************************************************************************************************************","TON(Guards.Zone3.tmrLockReq,?,?)","7"
RCOMMENT,"System","R003_Zone3_GuardDoors","**********************************************************************************************************************************************$NGuard Doors UnLock Request$N(Not In Cycle)$N**********************************************************************************************************************************************","TON(Guards.Zone3.RequestEntry_Timer,?,?)","8"
RCOMMENT,"System","R003_Zone3_GuardDoors","**********************************************************************************************************************************************$NGuard Doors Entry Request$N(In Cycle)$N**********************************************************************************************************************************************","OTE(Guards.Zone3.RequestEntry.Enabled)","9"
RCOMMENT,"System","R003_Zone3_GuardDoors","**********************************************************************************************************************************************$NDoor Lock/Unlock Control$N**********************************************************************************************************************************************","NOP()","10"
RCOMMENT,"System","R003_Zone3_GuardDoors","**********************************************************************************************************************************************$NGuard Door #1$NDS10.300.1 Fortress Door Lock$N**********************************************************************************************************************************************","NOP()","11"
RCOMMENT,"System","R003_Zone3_GuardDoors","Unlock Request","OTE(Guards.Zone3.Door[1].UnlockReq)","12"
RCOMMENT,"System","R003_Zone3_GuardDoors","Lock Request","OTE(Guards.Zone3.Door[1].LockReq)","13"
RCOMMENT,"System","R003_Zone3_GuardDoors","Lock Solenoid$N","OTE(Guards.Zone3.Door[1].ClosedLocked)","14"
RCOMMENT,"System","R003_Zone3_GuardDoors","Status","MOV(2,Guards.Zone3.Door[1].Status)","15"
RCOMMENT,"System","R003_Zone3_GuardDoors","Ready to Unlock","OTE(Guards.Zone3.Door[1].ReadyToUnlock)","16"
RCOMMENT,"System","R003_Zone3_GuardDoors","********************************************************$NReturn from Subroutine$N********************************************************","RET()","18"
RCOMMENT,"System","R006_Stacklight","------------------------------------------------------------$NFIVE COLOR BANNER LED LIGHTS$N------------------------------------------------------------$NColor 1 = White (Input 1 ON), Color 2 = Green (Input 2 ON), Color 3 = Red (Input 3 ON)$NColor 4 = Yel","MOV(Light_Color,Last_Color[1])","0"
RCOMMENT,"System","R006_Stacklight","**************** CHASE MODE ****************$N1=Station20,2=System,3=Station30,4=Station40,5=Station50,6=Station60,7=Station70,8=Station10","MOV(1,Light_Color)","5"
RCOMMENT,"System","R010_RCON_Main","The Gateway Input data is copied to the generic Ethernet module Input array, words 0 - 7.","CPS(DRV10_712:I.Data[0],RCON_GW_In,1)","0"
RCOMMENT,"System","R010_RCON_Main","Power Control$N-Major Faults Cycle Power","OTE(O10_420_23[1].Command)","4"
RCOMMENT,"System","R010_RCON_Main","The Gateway output data is copied to the generic Ethernet module output array, words 0 - 7.","CPS(RCON_GW_Out,DRV10_712:O.Data[0],8)","6"
RCOMMENT,"System","R030_Mold1_Counters","Set counts to current active shift","MOV(Mold1_Counters.B_FE_ShiftCount,Mold1_Counters.B_FE_Shift2Count)","1"
RCOMMENT,"System","R030_Mold1_Counters","INTERIOR Parts Box Count","ADD(3,Mold1_Counters.Interior_ShiftCount,Mold1_Counters.Interior_ShiftCount)","2"
RCOMMENT,"System","R030_Mold1_Counters","FLUSH EDGE A Parts Box Count","ADD(3,Mold1_Counters.A_FE_ShiftCount,Mold1_Counters.A_FE_ShiftCount)","3"
RCOMMENT,"System","R030_Mold1_Counters","FLUSH EDGE B Parts Box Count","ADD(3,Mold1_Counters.B_FE_ShiftCount,Mold1_Counters.B_FE_ShiftCount)","4"
RCOMMENT,"System","R030_Mold1_Counters","Clear Shift Counts","TON(Mold1_Counters.ShiftResetTmr,?,?)","6"
RCOMMENT,"System","R030_Mold1_Counters","Station 30 Roller Reject Count","ADD(Mold1_Counters.Roller_ShiftRejectCount,1,Mold1_Counters.Roller_ShiftRejectCount)","7"
RCOMMENT,"System","R030_Mold1_Counters","Station 40 Pin Reject Count","ADD(Mold1_Counters.PinProt_ShiftRejectCount,1,Mold1_Counters.PinProt_ShiftRejectCount)","8"
RCOMMENT,"System","R030_Mold1_Counters","REJECT COUNTS$NFOR MOLD 1 A21","ADD(1,Mold1_Counters.RollerTest6_ShiftRejectCount,Mold1_Counters.RollerTest6_ShiftRejectCount)","9"
RCOMMENT,"System","R030_Mold2_Counters","Set counts to current active shift","MOV(Mold2_Counters.B_FE_ShiftCount,Mold2_Counters.B_FE_Shift2Count)","1"
RCOMMENT,"System","R030_Mold2_Counters","INTERIOR Parts Box Count","ADD(3,Mold2_Counters.Interior_ShiftCount,Mold2_Counters.Interior_ShiftCount)","2"
RCOMMENT,"System","R030_Mold2_Counters","FLUSH EDGE A Parts Box Count","ADD(3,Mold2_Counters.A_FE_ShiftCount,Mold2_Counters.A_FE_ShiftCount)","3"
RCOMMENT,"System","R030_Mold2_Counters","FLUSH EDGE B Parts Box Count","ADD(3,Mold2_Counters.B_FE_ShiftCount,Mold2_Counters.B_FE_ShiftCount)","4"
RCOMMENT,"System","R030_Mold2_Counters","Clear Shift Counts","TON(Mold2_Counters.ShiftResetTmr,?,?)","6"
RCOMMENT,"System","R030_Mold2_Counters","Station 30 Roller Reject Count","ADD(Mold2_Counters.Roller_ShiftRejectCount,1,Mold2_Counters.Roller_ShiftRejectCount)","7"
RCOMMENT,"System","R030_Mold2_Counters","Station 40 Pin Reject Count","ADD(Mold2_Counters.PinProt_ShiftRejectCount,1,Mold2_Counters.PinProt_ShiftRejectCount)","8"
RCOMMENT,"System","R030_Mold2_Counters","REJECT COUNTS$NFOR MOLD 1 A21","ADD(1,Mold2_Counters.RollerTest6_ShiftRejectCount,Mold2_Counters.RollerTest6_ShiftRejectCount)","9"
RCOMMENT,"System","R030_ShiftCounters","********************************************************************************************************************$NRoutine holding production counters logic$N********************************************************************************************************************","NOP()","0"
RCOMMENT,"System","R030_ShiftCounters","Update Shift$N$NUsed when power is off at start/end of shift","OTE(Update_Shift2)","1"
RCOMMENT,"System","R030_ShiftCounters","3rd Shift - Not Used for this customer?","OTU(System.Counters.ShiftActive1st)","2"
RCOMMENT,"System","R030_ShiftCounters","Interior Part Calculated (measured) Mold Cycle performance","CPT(Mold2_Current_Performance,(Mold2_Counters.Interior_ShiftCount - Mold2_Current_Rejects)/((SecondsSinceShiftChange/\Station_20_A12.AvgMoldCycleTime)*RecipeActive.Mold2.Cavities)*100)","12"
RCOMMENT,"System","R030_ShiftCounters","Flush Edge Part Calculated (measured) Mold Cycle performance","CPT(Mold2_Current_Performance,((Mold2_Counters.A_FE_ShiftCount+Mold2_Counters.B_FE_ShiftCount)-Mold2_Current_Rejects)/((SecondsSinceShiftChange/\Station_20_A12.AvgMoldCycleTime)*RecipeActive.Mold2.Cavities)*100)","13"
RCOMMENT,"System","R030_ShiftCounters","Interior part User Input Mold Cycle performance","CPT(Mold2_Current_Performance,(Mold2_Counters.Interior_ShiftCount-Mold2_Current_Rejects)/((SecondsSinceShiftChange/Mold2CycleTime)*RecipeActive.Mold2.Cavities)*100)","14"
RCOMMENT,"System","R030_ShiftCounters","Flush Edge part User Input Mold Cycle performance","CPT(Mold2_Current_Performance,((Mold2_Counters.A_FE_ShiftCount+Mold2_Counters.B_FE_ShiftCount)-Mold2_Current_Rejects)/((SecondsSinceShiftChange/Mold2CycleTime)*RecipeActive.Mold2.Cavities)*100)","15"
RCOMMENT,"System","R030_ShiftCounters","Count Station/System Rejects$N","NOP()","16"
RCOMMENT,"System","R030_ShiftCounters","Clear Shift Counts","TON(System.Counters.ShiftResetTmr,?,?)","17"
RCOMMENT,"System","R030_ShiftCounters","Set counts to current active shift","MOV(FlushEdgeB_ShiftCount,FlushEdgeB_Shift2PartCount)","21"
RCOMMENT,"System","R030_ShiftCounters","Clear Shift Counts","TON(System.Counters.ShiftResetTmr,?,?)","25"
RCOMMENT,"System","R030_ShiftCounters","Machine Lifetime Part Count","ADD(System_Machine_Lifetime_Parts,2,System_Machine_Lifetime_Parts)","26"
RCOMMENT,"System","R030_ShiftCounters","First Shift Part Count History","FFL(Interior_Shift1PartCount,FirstShiftPartCountArray1[0],FirstShift_FFL,?,?)","28"
RCOMMENT,"System","R030_ShiftCounters","First Shift Part Count History","FFL(TotalShift1Mold2Count,FirstShiftPartCountArray2[0],FirstShift_FFL2,?,?)","29"
RCOMMENT,"System","R030_ShiftCounters","Second Shift Part Count History","FFL(Interior_Shift2PartCount,SecondShiftPartCountArray1[0],SecondShift_FFL,?,?)","30"
RCOMMENT,"System","R030_ShiftCounters","Second Shift Part Count History","FFL(TotalShift2Mold2Count,SecondShiftPartCountArray1[0],SecondShift_FFL2,?,?)","31"
RCOMMENT,"System","R100_Outputs","PIO10.420  / 480   1734-OB8 Pio Module Slot 14 IO Mapping","NOP()","0"
RCOMMENT,"System","R100_Outputs","PIO10.420      1734-OB8 Pio Module Slot 15 IO Mapping","NOP()","7"
RCOMMENT,"System","R100_Outputs","PIO10.420      1734-OB8 Pio Module Slot 16 IO Mapping","NOP()","11"
RCOMMENT,"System","R100_Outputs","PIO10.420     1734-OB8 Pio Module Slot 23 IO Mapping","NOP()","19"
RCOMMENT,"System","R100_Outputs","PIO10.460     1734-OB8 Pio Module Slot 7 IO Mapping","NOP()","23"
RCOMMENT,"System","R100_Outputs","O10.460     1734-OB8 Pio Module Slot 8 IO Mapping","NOP()","26"
RCOMMENT,"System","R100_Outputs","PIO11.420     1734-OB8 Pio Module Slot 8 IO Mapping","NOP()","45"
RCOMMENT,"System","R100_Outputs","PIO12.420     1734-OB8 Pio Module Slot 8 IO Mapping","NOP()","51"
RCOMMENT,"System","R110_Ignition","INFO Only","NOP()","0"
RCOMMENT,"System","R110_Ignition","INFO Only","NOP()","1"
TYPE,SCOPE,ROUTINE,COMMENT,OWNING_ELEMENT,LOCATION
RCOMMENT,"FB_DATE:AOI","Logic","RECOPY OF DATE AND TIME PLC","GSV(WALLCLOCKTIME,,LocalDateTime,G_PLC_DATE_TIME[0])","0"
RCOMMENT,"FB_DATE:AOI","Logic","PULSE 1S","OTE(G_TIMER_1S)","1"
RCOMMENT,"FB_DATE:AOI","Logic","PULSE 1MN","ADD(G_TIMER_1M_COUNTER,1,G_TIMER_1M_COUNTER)","2"
TYPE,SCOPE,ROUTINE,COMMENT,OWNING_ELEMENT,LOCATION
RCOMMENT,"FB_FAULT_TIMER:AOI","Logic","Count Up","ADD(Pulse_Count_x100ms,1,Pulse_Count_x100ms)","0"
RCOMMENT,"FB_FAULT_TIMER:AOI","Logic","Clear Count","MOV(0,Pulse_Count_x100ms)","1"
RCOMMENT,"FB_FAULT_TIMER:AOI","Logic","Set Fault Output","GenerateTimestamp(FaultTime,FaultTimeStamp)","2"
RCOMMENT,"FB_FAULT_TIMER:AOI","Logic","Clear Fault Bit","GenerateTimestamp(FaultAck,AckTimeStamp)","3"
TYPE,SCOPE,ROUTINE,COMMENT,OWNING_ELEMENT,LOCATION
RCOMMENT,"FB_HOA:AOI","Logic","******************************************************************************************************************$N$NSets Off Mode Status$N$N******************************************************************************************************************","OTL(Off)","0"
RCOMMENT,"FB_HOA:AOI","Logic","******************************************************************************************************************$N$NSets Auto Mode Status$N$N******************************************************************************************************************","OTU(OffPB)","1"
RCOMMENT,"FB_HOA:AOI","Logic","******************************************************************************************************************$N$NSets Hand Mode Status$N$N******************************************************************************************************************","OTU(Off)","2"
RCOMMENT,"FB_HOA:AOI","Logic","******************************************************************************************************************$N$NOutput and Status Control$N$N******************************************************************************************************************","OTE(Command)","3"
TYPE,SCOPE,ROUTINE,COMMENT,OWNING_ELEMENT,LOCATION
RCOMMENT,"FB_IAH:AOI","EnableInFalse","**************************************************$NENABLE IN FALSE RUNG$NDo this when Instruction is FALSE$N**************************************************$N","NOP()","0"
RCOMMENT,"FB_IAH:AOI","EnableInFalse","Unlatch Enable Bits","OTU(OktoCycle)","1"
RCOMMENT,"FB_IAH:AOI","Logic","**************************************************$NENABLE IN TRUE RUNG$NDo this when Instruction is TRUE. Main Ladder$N**************************************************","NOP()","0"
RCOMMENT,"FB_IAH:AOI","Logic","Set Enabled Bit to Outside World","OTL(EN)","1"
RCOMMENT,"FB_IAH:AOI","Logic","Reset ERROR Bit to Outside World","OTU(ER)","2"
RCOMMENT,"FB_IAH:AOI","Logic","Setup Selection Bits Locally","OTE(Enabled)","3"
RCOMMENT,"FB_IAH:AOI","Logic","++++++++++++++++++++++++++++++++++++++++++++++++++++++++++++++++++++++++++++++++++++++++++++++++++++$NStart Instruction Logic to Control Motion$NOK, IC, DN, SEQ$NUses REMOTE Commands to Communicate with IAI Controllers$N+++++++++++++++++++++++++++++++++++","OTE(OktoCycle)","5"
RCOMMENT,"FB_IAH:AOI","Logic","Check for Faulted Controller, Try to RESET","MOV(4000,SEQ)","8"
RCOMMENT,"FB_IAH:AOI","Logic","SET the SERVO Home Bit","OTL(io_Outputs.Home)","10"
RCOMMENT,"FB_IAH:AOI","Logic","Complete the Instruction with a DONE Bit","OTL(PC)","12"
RCOMMENT,"FB_IAH:AOI","Logic","Set the Error Bit if Error","OTL(Error)","14"
TYPE,SCOPE,ROUTINE,COMMENT,OWNING_ELEMENT,LOCATION
RCOMMENT,"FB_IAH_MCON:AOI","EnableInFalse","**************************************************$NENABLE IN FALSE RUNG$NDo this when Instruction is FALSE$N**************************************************$N","NOP()","0"
RCOMMENT,"FB_IAH_MCON:AOI","EnableInFalse","Unlatch Enable Bits","OTU(OktoCycle)","1"
RCOMMENT,"FB_IAH_MCON:AOI","Logic","**************************************************$NENABLE IN TRUE RUNG$NDo this when Instruction is TRUE. Main Ladder$N**************************************************","NOP()","0"
RCOMMENT,"FB_IAH_MCON:AOI","Logic","Set Enabled Bit to Outside World","OTL(EN)","1"
RCOMMENT,"FB_IAH_MCON:AOI","Logic","Reset ERROR Bit to Outside World","OTU(ER)","2"
RCOMMENT,"FB_IAH_MCON:AOI","Logic","Setup Selection Bits Locally","OTE(Enabled)","3"
RCOMMENT,"FB_IAH_MCON:AOI","Logic","++++++++++++++++++++++++++++++++++++++++++++++++++++++++++++++++++++++++++++++++++++++++++++++++++++$NStart Instruction Logic to Control Motion$NOK, IC, DN, SEQ$NUses REMOTE Commands to Communicate with IAI Controllers$N+++++++++++++++++++++++++++++++++++","OTE(OktoCycle)","5"
RCOMMENT,"FB_IAH_MCON:AOI","Logic","Check for Faulted Controller, Try to RESET","MOV(4000,SEQ)","8"
RCOMMENT,"FB_IAH_MCON:AOI","Logic","SET the SERVO Home Bit","OTL(io_Outputs.Home)","10"
RCOMMENT,"FB_IAH_MCON:AOI","Logic","Complete the Instruction with a DONE Bit","OTL(PC)","12"
RCOMMENT,"FB_IAH_MCON:AOI","Logic","Set the Error Bit if Error","OTL(Error)","14"
TYPE,SCOPE,ROUTINE,COMMENT,OWNING_ELEMENT,LOCATION
RCOMMENT,"FB_IAI:AOI","Logic","****************************************************************************************************************$NDetermine Auto / Manual Mode As Selected By The Auto / Manual PushButtons From The Operator Interface Terminal.$N****************************************************************************************************************$N$N","OTE(Mode)","0"
RCOMMENT,"FB_IAI:AOI","Logic","****************************************************************************************************************$NCopy Inputs From IAI Controller for Use$N****************************************************************************************************************$N$N","CPS(Map_Axis_Inputs,Axis_Inputs,1)","2"
RCOMMENT,"FB_IAI:AOI","Logic","****************************************************************************************************************$NMap Inputs as Needed for Informational Display$N****************************************************************************************************************$N$N","OTE(stsEmergencyStopActuated)","3"
RCOMMENT,"FB_IAI:AOI","Logic","First we use the setup data to set the controller up for:$N Absolute (default) or Incremental Mode$NSimple Position (default) or Position and Push (with a direction and current Limit parameter)","OTE(Axis_Outputs.Inc_Absolute_Select)","17"
RCOMMENT,"FB_IAI:AOI","Logic","When The AOI is told to Go to Position all the data that relates to the move will be read in and the move request will be started","OTL(START_MOVE)","20"
RCOMMENT,"FB_IAI:AOI","Logic","Here we take the move request and check the global inputs from the to be sure that:$N Axis has been Homed$NThere are no active Alarms$NThe Axis is not being Reset$N","OTU(START_MOVE)","21"
RCOMMENT,"FB_IAI:AOI","Logic","****************************************************************************************************************$NDetermine The Communications Fault State For The Device$N****************************************************************************************************************$N$N","MOV(CommFltSp,CommFltTmr.PRE)","32"
RCOMMENT,"FB_IAI:AOI","Logic","****************************************************************************************************************$NDetermine The Software Fault State For The Device$N****************************************************************************************************************$N","MOV(IntlkFltTmrSp,IntlkFltTmr.PRE)","37"
RCOMMENT,"FB_IAI:AOI","Logic","****************************************************************************************************************$NDetermine The Software Alarm Acknowledge State For The Device$N****************************************************************************************************************$N","OTE(IntlkAlmAkd)","40"
RCOMMENT,"FB_IAI:AOI","Logic","######################################$NSet the General Alarm Status$N####################################$N","OTE(GenAlm)","42"
TYPE,SCOPE,ROUTINE,COMMENT,OWNING_ELEMENT,LOCATION
RCOMMENT,"FB_IAI_MCON:AOI","Logic","****************************************************************************************************************$NDetermine Auto / Manual Mode As Selected By The Auto / Manual PushButtons From The Operator Interface Terminal.$N****************************************************************************************************************$N$N","OTE(Mode)","0"
RCOMMENT,"FB_IAI_MCON:AOI","Logic","****************************************************************************************************************$NCopy Inputs From IAI Controller for Use$N****************************************************************************************************************$N$N","CPS(Map_Axis_Inputs,Axis_Inputs,1)","2"
RCOMMENT,"FB_IAI_MCON:AOI","Logic","****************************************************************************************************************$NMap Inputs as Needed for Informational Display$N****************************************************************************************************************$N$N","OTE(stsEmergencyStopActuated)","3"
RCOMMENT,"FB_IAI_MCON:AOI","Logic","First we use the setup data to set the controller up for:$N Absolute (default) or Incremental Mode$NSimple Position (default) or Position and Push (with a direction and current Limit parameter)","OTE(Axis_Outputs.Increment_Select)","14"
RCOMMENT,"FB_IAI_MCON:AOI","Logic","When The AOI is told to Go to Position all the data that relates to the move will be read in and the move request will be started","OTL(START_MOVE)","17"
RCOMMENT,"FB_IAI_MCON:AOI","Logic","Here we take the move request and check the global inputs from the to be sure that:$N Axis has been Homed$NThere are no active Alarms$NThe Axis is not being Reset$N","OTU(START_MOVE)","18"
RCOMMENT,"FB_IAI_MCON:AOI","Logic","****************************************************************************************************************$NDetermine The Communications Fault State For The Device$N****************************************************************************************************************$N$N","MOV(CommFltSp,CommFltTmr.PRE)","29"
RCOMMENT,"FB_IAI_MCON:AOI","Logic","****************************************************************************************************************$NDetermine The Software Fault State For The Device$N****************************************************************************************************************$N","MOV(IntlkFltTmrSp,IntlkFltTmr.PRE)","34"
RCOMMENT,"FB_IAI_MCON:AOI","Logic","****************************************************************************************************************$NDetermine The Software Alarm Acknowledge State For The Device$N****************************************************************************************************************$N","OTE(IntlkAlmAkd)","37"
RCOMMENT,"FB_IAI_MCON:AOI","Logic","######################################$NSet the General Alarm Status$N####################################$N","OTE(GenAlm)","39"
TYPE,SCOPE,ROUTINE,COMMENT,OWNING_ELEMENT,LOCATION
RCOMMENT,"FB_IAM:AOI","EnableInFalse","**************************************************$NENABLE IN FALSE RUNG$NDo this when Instruction is FALSE$N**************************************************$N","NOP()","0"
RCOMMENT,"FB_IAM:AOI","EnableInFalse","Unlatch Enable Bits","RES(TimeOut[0])","2"
RCOMMENT,"FB_IAM:AOI","Logic","**************************************************$NENABLE IN TRUE RUNG$NDo this when Instruction is TRUE. Main Ladder$N**************************************************","NOP()","0"
RCOMMENT,"FB_IAM:AOI","Logic","Set Enabled Bit to Outside World","OTL(EN)","1"
RCOMMENT,"FB_IAM:AOI","Logic","Reset ERROR Bit to Outside World","OTU(ER)","2"
RCOMMENT,"FB_IAM:AOI","Logic","Setup Selection Bits Locally","OTE(Enabled)","3"
RCOMMENT,"FB_IAM:AOI","Logic","++++++++++++++++++++++++++++++++++++++++++++++++++++++++++++++++++++++++++++++++++++++++++++++++++++$NStart Instruction Logic to Control Motion$NOK, IC, DN, SEQ$N+++++++++++++++++++++++++++++++++++++++++++++++++++++++++++++++++++++++++++++++++++++++++++++","RES(TimeOut[2])","5"
RCOMMENT,"FB_IAM:AOI","Logic","Check for Alarm","MOV(4000,SEQ)","9"
RCOMMENT,"FB_IAM:AOI","Logic","Clear All Commands","MOV(20,SEQ)","10"
RCOMMENT,"FB_IAM:AOI","Logic","Set All Commands","MOV(30,SEQ)","11"
RCOMMENT,"FB_IAM:AOI","Logic","Go to Position","MOV(4000,SEQ)","12"
TYPE,SCOPE,ROUTINE,COMMENT,OWNING_ELEMENT,LOCATION
RCOMMENT,"FB_IAM_MCON:AOI","EnableInFalse","**************************************************$NENABLE IN FALSE RUNG$NDo this when Instruction is FALSE$N**************************************************$N","NOP()","0"
RCOMMENT,"FB_IAM_MCON:AOI","EnableInFalse","Unlatch Enable Bits","RES(TimeOut[0])","2"
RCOMMENT,"FB_IAM_MCON:AOI","Logic","**************************************************$NENABLE IN TRUE RUNG$NDo this when Instruction is TRUE. Main Ladder$N**************************************************","NOP()","0"
RCOMMENT,"FB_IAM_MCON:AOI","Logic","Set Enabled Bit to Outside World","OTL(EN)","1"
RCOMMENT,"FB_IAM_MCON:AOI","Logic","Reset ERROR Bit to Outside World","OTU(ER)","2"
RCOMMENT,"FB_IAM_MCON:AOI","Logic","Setup Selection Bits Locally","OTE(Enabled)","3"
RCOMMENT,"FB_IAM_MCON:AOI","Logic","++++++++++++++++++++++++++++++++++++++++++++++++++++++++++++++++++++++++++++++++++++++++++++++++++++$NStart Instruction Logic to Control Motion$NOK, IC, DN, SEQ$N+++++++++++++++++++++++++++++++++++++++++++++++++++++++++++++++++++++++++++++++++++++++++++++","RES(TimeOut[2])","5"
RCOMMENT,"FB_IAM_MCON:AOI","Logic","Check for Alarm","MOV(4000,SEQ)","9"
RCOMMENT,"FB_IAM_MCON:AOI","Logic","Clear All Commands","MOV(20,SEQ)","10"
RCOMMENT,"FB_IAM_MCON:AOI","Logic","Set All Commands","MOV(30,SEQ)","11"
RCOMMENT,"FB_IAM_MCON:AOI","Logic","Go to Position","MOV(4000,SEQ)","12"
TYPE,SCOPE,ROUTINE,COMMENT,OWNING_ELEMENT,LOCATION
RCOMMENT,"FB_ISO:AOI","EnableInFalse","**************************************************$NENABLE IN FALSE RUNG$NDo this when Instruction is FALSE$N**************************************************$N","NOP()","0"
RCOMMENT,"FB_ISO:AOI","EnableInFalse","Unlatch Enable Bits","MOV(0,SEQ)","1"
RCOMMENT,"FB_ISO:AOI","Logic","**************************************************$NENABLE IN TRUE RUNG$NDo this when Instruction is TRUE. Main Ladder$N**************************************************","NOP()","0"
RCOMMENT,"FB_ISO:AOI","Logic","Set Enabled Bit to Outside World","OTL(EN)","1"
RCOMMENT,"FB_ISO:AOI","Logic","Reset ERROR Bit to Outside World","OTU(ER)","2"
RCOMMENT,"FB_ISO:AOI","Logic","Setup Selection Bits Locally","OTE(Enabled)","3"
RCOMMENT,"FB_ISO:AOI","Logic","++++++++++++++++++++++++++++++++++++++++++++++++++++++++++++++++++++++++++++++++++++++++++++++++++++$NStart Instruction Logic to Control Motion$NOK, IC, DN, SEQ$NUses REMOTE Commands to Communicate with IAI Controllers$N+++++++++++++++++++++++++++++++++++","OTE(OktoCycle)","5"
RCOMMENT,"FB_ISO:AOI","Logic","Check for Faulted Controller, Try to RESET","OTE(io_Outputs.Reset)","8"
RCOMMENT,"FB_ISO:AOI","Logic","SET the SERVO ON Bit","OTL(io_Outputs.Servo_On)","11"
RCOMMENT,"FB_ISO:AOI","Logic","Set the Error Bit if Error","OTL(Error)","13"
RCOMMENT,"FB_ISO:AOI","Logic","Complete the Instruction with a DONE Bit","OTL(PC)","14"
TYPE,SCOPE,ROUTINE,COMMENT,OWNING_ELEMENT,LOCATION
RCOMMENT,"FB_ISO_MCON:AOI","EnableInFalse","**************************************************$NENABLE IN FALSE RUNG$NDo this when Instruction is FALSE$N**************************************************$N","NOP()","0"
RCOMMENT,"FB_ISO_MCON:AOI","EnableInFalse","Unlatch Enable Bits","MOV(0,SEQ)","1"
RCOMMENT,"FB_ISO_MCON:AOI","Logic","**************************************************$NENABLE IN TRUE RUNG$NDo this when Instruction is TRUE. Main Ladder$N**************************************************","NOP()","0"
RCOMMENT,"FB_ISO_MCON:AOI","Logic","Set Enabled Bit to Outside World","OTL(EN)","1"
RCOMMENT,"FB_ISO_MCON:AOI","Logic","Reset ERROR Bit to Outside World","OTU(ER)","2"
RCOMMENT,"FB_ISO_MCON:AOI","Logic","Setup Selection Bits Locally","OTE(Enabled)","3"
RCOMMENT,"FB_ISO_MCON:AOI","Logic","++++++++++++++++++++++++++++++++++++++++++++++++++++++++++++++++++++++++++++++++++++++++++++++++++++$NStart Instruction Logic to Control Motion$NOK, IC, DN, SEQ$NUses REMOTE Commands to Communicate with IAI Controllers$N+++++++++++++++++++++++++++++++++++","OTE(OktoCycle)","5"
RCOMMENT,"FB_ISO_MCON:AOI","Logic","Check for Faulted Controller, Try to RESET","OTE(io_Outputs.Reset)","8"
RCOMMENT,"FB_ISO_MCON:AOI","Logic","SET the SERVO ON Bit","OTL(io_Outputs.Servo_On)","11"
RCOMMENT,"FB_ISO_MCON:AOI","Logic","Set the Error Bit if Error","OTL(Error)","13"
RCOMMENT,"FB_ISO_MCON:AOI","Logic","Complete the Instruction with a DONE Bit","OTL(PC)","14"
TYPE,SCOPE,ROUTINE,COMMENT,OWNING_ELEMENT,LOCATION
RCOMMENT,"FB_LAMP_FLASH:AOI","Logic","***************************************************************$NInitial Release $N2/24/2015$NProvides Flash and Fast Flash Pulse for Lamp Control$N***************************************************************","NOP()","0"
RCOMMENT,"FB_LAMP_FLASH:AOI","Logic","***************************************************************$N1 Second Pulse Generation$NTo Be Used by Program$N***************************************************************","TON(FlashOnTimer,?,?)","1"
RCOMMENT,"FB_LAMP_FLASH:AOI","Logic","***************************************************************$NHalf Second Pulse Generation$NTo Be Used by Program$N***************************************************************","TON(FastFlashOnTimer,?,?)","4"
TYPE,SCOPE,ROUTINE,COMMENT,OWNING_ELEMENT,LOCATION
RCOMMENT,"FB_LEMCOM:AOI","Logic","============================================    VACUUM CONTROL    ============================================$NVacuum_Control_Module_X = 1 : Vacuum enabled on corresponding module$NVacuum_Control_Module_X = 0 : Vacuum disabled on corresponding module$NVa","OTE(io.Outputs.MasterVacuum)","1"
RCOMMENT,"FB_LEMCOM:AOI","Logic","============================================    BLOW-OFF CONTROL    ============================================$NBlow_Off_Control_Module_X = 1 : Blow-off enabled on corresponding module$NBlow_Off_Control_Module_X = 0 : Blow-off disabled on corresponding","OTE(io.Outputs.BlowOffmaster)","17"
RCOMMENT,"FB_LEMCOM:AOI","Logic","============================================    ETHERNET/IP CONNECTION STATUS    ============================================$NIf connection to LEMCOM is established: LEMCOM_ConnOK = 1 / Heartbit bit = 1$NIf connection to LEMCOM is faulted: LEMCOM_ConnOK","OTE(LEMCOM_ConnOK)","33"
RCOMMENT,"FB_LEMCOM:AOI","Logic","============================================    VACUUM LEVELS    ============================================","MOV(io.Inputs.VacuumLevelMasterModule,Vacuum_Level_Master_Module)","34"
RCOMMENT,"FB_LEMCOM:AOI","Logic","============================================    GRIPPING STATUS    ============================================","OTE(Gripping_Status_Master_Module)","50"
TYPE,SCOPE,ROUTINE,COMMENT,OWNING_ELEMENT,LOCATION
RCOMMENT,"FB_MOTION_SOLENOID:AOI","Logic","///////////////////////////////////////$NBegin Home Section$N///////////////////////////////////////","NOP()","0"
RCOMMENT,"FB_MOTION_SOLENOID:AOI","Logic","Device.Home.InPositionTimer.PRE -- Device.Home.FaultTimer.PRE","MOV(500,Device.Home.FaultTimer.PRE)","1"
RCOMMENT,"FB_MOTION_SOLENOID:AOI","Logic","Device.Home.Allow","OTE(Device.Home.Allow)","2"
RCOMMENT,"FB_MOTION_SOLENOID:AOI","Logic","Device.Home.Request","OTE(Device.Home.Request)","3"
RCOMMENT,"FB_MOTION_SOLENOID:AOI","Logic","Device.Home.Command","OTE(Device.Home.Command)","4"
RCOMMENT,"FB_MOTION_SOLENOID:AOI","Logic","Home.Fbk","OTE(Device.Home.Fbk)","5"
RCOMMENT,"FB_MOTION_SOLENOID:AOI","Logic","Device.Home.State","OTL(Device.Home.Mem)","6"
RCOMMENT,"FB_MOTION_SOLENOID:AOI","Logic","Device.Home.Faulted","OTL(Device.Home.Faulted)","7"
RCOMMENT,"FB_MOTION_SOLENOID:AOI","Logic","Device.Home.InMotion","OTE(Device.Home.InMotion)","9"
RCOMMENT,"FB_MOTION_SOLENOID:AOI","Logic","Device.Home.Status$N=$N0: Not Allowed$N1: Allowed      $N2: InMotion      $N3: Faulted","MOV(3,Device.Home.Status)","10"
RCOMMENT,"FB_MOTION_SOLENOID:AOI","Logic","///////////////////////////////////////$NBegin Work Section$N///////////////////////////////////////","NOP()","11"
RCOMMENT,"FB_MOTION_SOLENOID:AOI","Logic","Device.Work.InPositionTimer.PRE -- Device.Work.FaultTimer.PRE","MOV(500,Device.Work.FaultTimer.PRE)","12"
RCOMMENT,"FB_MOTION_SOLENOID:AOI","Logic","Device.Work.Allow","OTE(Device.Work.Allow)","13"
RCOMMENT,"FB_MOTION_SOLENOID:AOI","Logic","Device.Work.Request","OTE(Device.Work.Request)","14"
RCOMMENT,"FB_MOTION_SOLENOID:AOI","Logic","Device.Work.Command","OTE(Device.Work.Command)","15"
RCOMMENT,"FB_MOTION_SOLENOID:AOI","Logic","Work.Fbk","OTE(Device.Work.Fbk)","16"
RCOMMENT,"FB_MOTION_SOLENOID:AOI","Logic","Device.Work.InMotion","OTE(Device.Work.InMotion)","17"
RCOMMENT,"FB_MOTION_SOLENOID:AOI","Logic","Device.Work.State","OTL(Device.Work.Mem)","18"
RCOMMENT,"FB_MOTION_SOLENOID:AOI","Logic","Device.Work.Faulted","OTL(Device.Work.Faulted)","19"
RCOMMENT,"FB_MOTION_SOLENOID:AOI","Logic","Device.Work.Status$N=$N0: Not Allowed$N1: Allowed      $N2: InMotion      $N3: Faulted","MOV(3,Device.Work.Status)","21"
RCOMMENT,"FB_MOTION_SOLENOID:AOI","Logic","///////////////////////////////////////$NCode Visualization Only$N///////////////////////////////////////","NOP()","22"
RCOMMENT,"FB_MOTION_SOLENOID:AOI","Logic","Home","OTE(Home)","23"
RCOMMENT,"FB_MOTION_SOLENOID:AOI","Logic","Work","OTE(Work)","24"
RCOMMENT,"FB_MOTION_SOLENOID:AOI","Logic","Faulted","OTE(Faulted)","25"
RCOMMENT,"FB_MOTION_SOLENOID:AOI","Logic","InMotion","OTE(InMotion)","26"
TYPE,SCOPE,ROUTINE,COMMENT,OWNING_ELEMENT,LOCATION
RCOMMENT,"FB_MOTOR_STARTER:AOI","Logic","****************************************************************************************************************$NManage the Motor Auto / Manual Mode As Selected By The Auto / Manual PushButtons $NFrom The Operator Interface Terminal.$N****************************************************************************************************************$N$N","OTE(Mode)","0"
RCOMMENT,"FB_MOTOR_STARTER:AOI","Logic","****************************************************************************************************************$NManage the Motor Manual Mode Run / Do Not Run As Selected By the Start / Stop PushButtons $NFrom The Operator Interface Terminal.$N****************************************************************************************************************$N","OTE(ManReq)","2"
RCOMMENT,"FB_MOTOR_STARTER:AOI","Logic","****************************************************************************************************************$NManage Motor Direction (Fwd/Rev)$N****************************************************************************************************************$N","OTE(RvsDir)","4"
RCOMMENT,"FB_MOTOR_STARTER:AOI","Logic","****************************************************************************************************************$NManage the Command State For The Motor$N****************************************************************************************************************$N","OTE(Cmd)","8"
RCOMMENT,"FB_MOTOR_STARTER:AOI","Logic","****************************************************************************************************************$NManage the Fault Mask For The Motor. If The Mask Is Enabled The Alarm Notification Will Not Be Flagged.$N$NNo Alarm Mask Should Be Present Under Normal Operating Conditions.$N***************************************************************************************************************$N","OTE(AlmMask)","10"
RCOMMENT,"FB_MOTOR_STARTER:AOI","Logic","****************************************************************************************************************$NDetermine The Feedback Fault State For The Motor.$NIf Run Feedback is Enabled, the Motor is sending out an operate signal, and the FbkRun signal is not received $Nbefore the timer expires; the alarm is generated.$N****************************************************************************************************************$N","MOV(FbkRunAlmDelaySp,FbkRunAlmTmr.PRE)","12"
RCOMMENT,"FB_MOTOR_STARTER:AOI","Logic","****************************************************************************************************************$NDetermine if communications with I/O for the Motor has failed long enough to generate an alarm$N****************************************************************************************************************$N","MOV(CommAlmDelaySp,CommAlmTimer.PRE)","16"
RCOMMENT,"FB_MOTOR_STARTER:AOI","Logic","****************************************************************************************************************$NManage the Interlock Fault State for the Motor.$N****************************************************************************************************************$N","MOV(IntlkAlmDelaySp,IntlkAlmTmr.PRE)","20"
RCOMMENT,"FB_MOTOR_STARTER:AOI","Logic","####################################################$NManage the Interlock Alarm Acknowledge State For The Motor.$N########################################################$N","OTE(IntlkAlmAkd)","23"
RCOMMENT,"FB_MOTOR_STARTER:AOI","Logic","****************************************************************************************************************$NGeneral Alarm Condition of the Motor$N****************************************************************************************************************$N","OTE(GenAlm)","25"
RCOMMENT,"FB_MOTOR_STARTER:AOI","Logic","****************************************************************************************************************$NDetermine The Control Status For The Motor.$N- CtrlStat Value -$N(0 = Idle)$N(1 = Auto On)$N(2 = Manual Off)$N(3 = Manual On)$N****************************************************************************************************************$N","OTE(CtrlStat.0)","26"
RCOMMENT,"FB_MOTOR_STARTER:AOI","Logic","#######################################$NDevice Status $N#######################################$N$NStopped =1$N","OTE(DevStat.0)","28"
RCOMMENT,"FB_MOTOR_STARTER:AOI","Logic","Starting = 2$N","OTE(DevStat.1)","29"
RCOMMENT,"FB_MOTOR_STARTER:AOI","Logic","Running= 4","OTE(DevStat.2)","30"
RCOMMENT,"FB_MOTOR_STARTER:AOI","Logic","Stopping =8","OTE(DevStat.3)","31"
RCOMMENT,"FB_MOTOR_STARTER:AOI","Logic","Spare = 16","OTE(DevStat.4)","32"
RCOMMENT,"FB_MOTOR_STARTER:AOI","Logic","Spare = 32$N","OTE(DevStat.5)","33"
RCOMMENT,"FB_MOTOR_STARTER:AOI","Logic","Spare = 64","OTE(DevStat.6)","34"
RCOMMENT,"FB_MOTOR_STARTER:AOI","Logic","Spare = 128","OTE(DevStat.7)","35"
RCOMMENT,"FB_MOTOR_STARTER:AOI","Logic","Spare = 256$N","OTE(DevStat.8)","36"
RCOMMENT,"FB_MOTOR_STARTER:AOI","Logic","Spare = 512$N","OTE(DevStat.9)","37"
RCOMMENT,"FB_MOTOR_STARTER:AOI","Logic","Spare =1024$N","OTE(DevStat.10)","38"
RCOMMENT,"FB_MOTOR_STARTER:AOI","Logic","Motor in Alarm = 2048$N$N","OTE(DevStat.11)","39"
RCOMMENT,"FB_MOTOR_STARTER:AOI","Logic","TIMER FOR AUTO-ACKNOWLEDGE","MOV(5000,tAuto_Ack_Timer.PRE)","40"
